{
  "slug": "dedar-stocked-svevo-004",
  "name": "Svevo 004",
  "description": "<p>Composition: 44% Flax / Linen, 26% Wool, 18% Viscose (Rayon), 12% Nylon/Polyamid</p>",
  "sku": "Svevo - 004",
  "active": true,
  "meta_title": "Svevo 004 | Buy Dedar online at A+R",
  "price": null,
  "currency": "USD",
  "type": "physical",
  "delivery": "shipment",
  "date_created": "2024-04-03T15:44:39.028Z",
  "stock_status": null,
  "date_updated": "2024-04-03T15:44:39.473Z",
  "prices": [],
  "purchase_options": {
    "standard": {
      "active": true,
      "price": null,
      "prices": []
    }
  },
  "images": [
    {
      "file": {
        "id": "660d7967695d9d0013f5472d",
        "date_uploaded": "2024-04-03T15:44:39.365Z",
        "length": 14668,
        "md5": "43f342f36ca114dcde6dcb49eef30d48",
        "filename": "T19010_004-500x500.jpg?v=1622463159",
        "content_type": "image/jpeg",
        "url": "https://cdn.swell.store/b2sdemo_test/660d7967695d9d0013f5472d/43f342f36ca114dcde6dcb49eef30d48/T19010_004-500x500.jpg%3Fv%3D1622463159",
        "uploaded_url": "https://cdn.shopify.com/s/files/1/0012/2005/1002/products/T19010_004-500x500.jpg?v=1622463159",
        "width": 192,
        "height": 192
      },
      "id": "660d796794abc90012e1ae35"
    }
  ],
  "id": "660d79676d7d770012a02d23",
  "variants": {
    "count": 0,
    "page_count": 1,
    "page": 1,
    "results": []
  },
  "filename": "dedar-stocked-svevo-004"
}