{
  "slug": "elmo-elmo-soft",
  "name": "Elmo soft",
  "description": "<p>Lightfastness: 6, Thickness: 1.1 -1.3mm</p>",
  "sku": "ELMO-SFT-100",
  "active": true,
  "meta_title": "Elmo soft | Buy Elmo online at A+R",
  "price": null,
  "currency": "USD",
  "type": "physical",
  "delivery": "shipment",
  "date_created": "2024-04-03T15:45:46.749Z",
  "stock_status": null,
  "date_updated": "2024-04-03T15:45:47.232Z",
  "prices": [],
  "purchase_options": {
    "standard": {
      "active": true,
      "price": null,
      "prices": []
    }
  },
  "images": [
    {
      "file": {
        "id": "660d79abf0952100120f5a9b",
        "date_uploaded": "2024-04-03T15:45:47.139Z",
        "length": 42456,
        "md5": "3236d86f905e91944d603658e47f6441",
        "filename": "ElmosoftIX_01043-500x500.png?v=1621593245",
        "content_type": "image/png",
        "url": "https://cdn.swell.store/b2sdemo_test/660d79abf0952100120f5a9b/3236d86f905e91944d603658e47f6441/ElmosoftIX_01043-500x500.png%3Fv%3D1621593245",
        "uploaded_url": "https://cdn.shopify.com/s/files/1/0012/2005/1002/products/ElmosoftIX_01043-500x500.png?v=1621593245",
        "width": 192,
        "height": 192
      },
      "id": "660d79abf3ab960012ce96dd"
    }
  ],
  "id": "660d79aa090897001217c946",
  "variants": {
    "count": 0,
    "page_count": 1,
    "page": 1,
    "results": []
  },
  "filename": "elmo-elmo-soft"
}