{
  "slug": "established-sons-pour-serving-jug",
  "name": "Pour Serving Jug",
  "description": "<h2>Description</h2>\n<!-- split -->\n<p class=\"lead\"> </p>\n<!-- split -->\n<h2>Specification</h2>\n<!-- split -->\n<h4>Size</h4>\n<ul>\n<li>Half pint: 4.9\" h x 3\" dia (12.5x7.5cm)</li>\n<li>Pint: 6.1\" h x 3.7\" dia (15.5x9.5cm)</li>\n<li>Wine bottle: 6.7\" h x 3.9\" dia (17x10cm)</li>\n</ul>\n<h4>Material</h4>\n<p>Hand-crafted polished pewter</p>",
  "sku": "EST-1804",
  "active": true,
  "meta_title": "Pour Serving Jug | Buy Established & Sons online at A+R",
  "price": 125,
  "currency": "USD",
  "type": "physical",
  "delivery": "shipment",
  "date_created": "2024-04-03T15:51:45.286Z",
  "stock_status": null,
  "date_updated": "2024-04-03T15:51:46.250Z",
  "prices": [],
  "purchase_options": {
    "standard": {
      "active": true,
      "price": 125,
      "prices": []
    }
  },
  "images": [
    {
      "file": {
        "id": "660d7b12b3cdeb00121b4b07",
        "date_uploaded": "2024-04-03T15:51:46.081Z",
        "length": 106408,
        "md5": "af67ce22d6d362def27630bf1f9cd9b7",
        "filename": "WineBottle.jpg?v=1631094402",
        "content_type": "image/jpeg",
        "url": "https://cdn.swell.store/b2sdemo_test/660d7b12b3cdeb00121b4b07/af67ce22d6d362def27630bf1f9cd9b7/WineBottle.jpg%3Fv%3D1631094402",
        "uploaded_url": "https://cdn.shopify.com/s/files/1/0012/2005/1002/products/WineBottle.jpg?v=1631094402",
        "width": 3000,
        "height": 3000
      },
      "id": "660d7b1244e8b400124fe7b2"
    }
  ],
  "id": "660d7b11ef998c0012223290",
  "variants": {
    "count": 0,
    "page_count": 1,
    "page": 1,
    "results": []
  },
  "filename": "established-sons-pour-serving-jug"
}