{
  "slug": "established-sons-aqua-table",
  "name": "Aqua Table",
  "description": "<h2>Description</h2>\n<!-- split -->\n<p class=\"lead\">Architectural great Zaha Hadid’s voluptuous Aqua Table is a landmark work, full stop. Three fin-like legs morph as indentations from the tabletop, emphasized by the 8 coats of high-gloss automotive paint that are painstakingly hand-applied and polished. From Established &amp; Sons’ Limited Edition range, it was the first piece to be shown at the company's Milan launch in 2005—“People thought we were crazy,” remembers design director Sebastian Wrong—but Aqua created a sensation then and remains one Hadid’s standouts now. </p>\n<!-- split -->\n<h2>Specification</h2>\n<!-- split -->\n<h4>Size</h4>\n<p>29.9\" h x 120.1\" w x 53.1\" d (76x305x135cm)</p>\n<h4>Material</h4>\n<p>Glass reinforced polyester</p>",
  "sku": "EST-206",
  "active": true,
  "meta_title": "Aqua Table | Buy Established & Sons online at A+R",
  "price": 29600,
  "currency": "USD",
  "type": "physical",
  "delivery": "shipment",
  "date_created": "2024-04-03T15:51:29.761Z",
  "stock_status": null,
  "date_updated": "2024-04-03T15:51:30.680Z",
  "prices": [],
  "purchase_options": {
    "standard": {
      "active": true,
      "price": 29600,
      "prices": []
    }
  },
  "images": [
    {
      "file": {
        "id": "660d7b02f9c6dc0012bc5485",
        "date_uploaded": "2024-04-03T15:51:30.587Z",
        "length": 136184,
        "md5": "fed2dd2e3204515897c1b2d4808adbf7",
        "filename": "AQUA-TABLE_black-high-gloss_0012_Zaha-Hadid__2005_EstablishedandSons__PeterGuenzel_White-Background-02_72dpi.jpg?v=1685593321",
        "content_type": "image/jpeg",
        "url": "https://cdn.swell.store/b2sdemo_test/660d7b02f9c6dc0012bc5485/fed2dd2e3204515897c1b2d4808adbf7/AQUA-TABLE_black-high-gloss_0012_Zaha-Hadid__2005_EstablishedandSons__PeterGuenzel_White-Background-02_72dpi.jpg%3Fv%3D1685593321",
        "uploaded_url": "https://cdn.shopify.com/s/files/1/0012/2005/1002/files/AQUA-TABLE_black-high-gloss_0012_Zaha-Hadid__2005_EstablishedandSons__PeterGuenzel_White-Background-02_72dpi.jpg?v=1685593321",
        "width": 3000,
        "height": 3000
      },
      "id": "660d7b025a773b0012c39d87"
    }
  ],
  "id": "660d7b01f1f9e600129fe1f2",
  "variants": {
    "count": 0,
    "page_count": 1,
    "page": 1,
    "results": []
  },
  "filename": "established-sons-aqua-table"
}