{
  "slug": "established-sons-moot-chair",
  "name": "Moot Chair",
  "description": "<h2>Description</h2>\n<!-- split -->\n<p class=\"lead\">A native of Wales, London-based designer Ross Lovegrove maintains a fascination with carbon fiber, a mainstay of aircraft and race-car engineers. That lightweight but high-strength polymer—at 5 times the measure for steel—informs Moot. His gravity-defying cantilevered chair with its complex curvature could not be achieved using any other material. Appropriately, it’s hand-finished in sleek high-gloss lacquer.</p>\n<!-- split -->\n<h2>Specification</h2>\n<!-- split -->\n<h4>Size</h4>\n<ul>\n<li>31\" h x 23\" w x 18\" d (80x59x46cm)</li>\n<li>Seat height: 18\" (46.5cm)</li>\n</ul>\n<h4>Material</h4>\n<p>Woven carbon fibre</p>",
  "sku": "EST-5240",
  "active": true,
  "meta_title": "Moot Chair | Buy Established & Sons online at A+R",
  "price": 0,
  "currency": "USD",
  "type": "physical",
  "delivery": "shipment",
  "date_created": "2024-04-03T15:51:33.171Z",
  "stock_status": null,
  "date_updated": "2024-04-03T15:51:33.757Z",
  "prices": [],
  "purchase_options": {
    "standard": {
      "active": true,
      "price": 0,
      "prices": []
    }
  },
  "images": [
    {
      "file": {
        "id": "660d7b056797730012b05577",
        "date_uploaded": "2024-04-03T15:51:33.671Z",
        "length": 92812,
        "md5": "d945e146e2a370d5ff49a7ebd42dfa60",
        "filename": "MOOT_5240_Ross-Lovegrove__2013_EstablishedandSons__ColinStreater_White-Background-01_72dpi.jpg?v=1649223471",
        "content_type": "image/jpeg",
        "url": "https://cdn.swell.store/b2sdemo_test/660d7b056797730012b05577/d945e146e2a370d5ff49a7ebd42dfa60/MOOT_5240_Ross-Lovegrove__2013_EstablishedandSons__ColinStreater_White-Background-01_72dpi.jpg%3Fv%3D1649223471",
        "uploaded_url": "https://cdn.shopify.com/s/files/1/0012/2005/1002/products/MOOT_5240_Ross-Lovegrove__2013_EstablishedandSons__ColinStreater_White-Background-01_72dpi.jpg?v=1649223471",
        "width": 1270,
        "height": 1270
      },
      "id": "660d7b0550290a0012705acf"
    }
  ],
  "id": "660d7b051bdff00012d1a044",
  "variants": {
    "count": 0,
    "page_count": 1,
    "page": 1,
    "results": []
  },
  "filename": "established-sons-moot-chair"
}