{
  "slug": "ferm-living-path-hammock",
  "name": "Path Hammock",
  "description": "<h2>Description</h2>\n<!-- split -->\n<p class=\"lead\"> </p>\n<!-- split -->\n<h2>Specifications</h2>\n<!-- split -->\n<h4>Size</h4>\n<p>55.1\" w x 126\" d (140x320cm)</p>\n<h4>Material</h4>\n<p>100% Hand-woven PET yarn made from recycled post-consumer plastic</p>",
  "sku": "FL-1104263907",
  "active": true,
  "meta_title": "Path Hammock | Buy Ferm Living online at A+R",
  "price": 153,
  "currency": "USD",
  "type": "physical",
  "delivery": "shipment",
  "date_created": "2024-04-03T15:48:35.479Z",
  "stock_status": null,
  "date_updated": "2024-04-03T15:48:36.093Z",
  "prices": [],
  "purchase_options": {
    "standard": {
      "active": true,
      "price": 153,
      "prices": []
    }
  },
  "images": [
    {
      "file": {
        "id": "660d7a537737200012ce1405",
        "date_uploaded": "2024-04-03T15:48:35.995Z",
        "length": 148984,
        "md5": "30e90b8833191021e829253d9574a470",
        "filename": "Path_Hammock_-_Sand_1_1.jpg?v=1656054574",
        "content_type": "image/jpeg",
        "url": "https://cdn.swell.store/b2sdemo_test/660d7a537737200012ce1405/30e90b8833191021e829253d9574a470/Path_Hammock_-_Sand_1_1.jpg%3Fv%3D1656054574",
        "uploaded_url": "https://cdn.shopify.com/s/files/1/0012/2005/1002/products/Path_Hammock_-_Sand_1_1.jpg?v=1656054574",
        "width": 1500,
        "height": 1500
      },
      "id": "660d7a54695d9d0013f54a3b"
    }
  ],
  "id": "660d7a5303e0280012dc9695",
  "variants": {
    "count": 0,
    "page_count": 1,
    "page": 1,
    "results": []
  },
  "filename": "ferm-living-path-hammock"
}