{
  "slug": "karakter-castore-dining-table",
  "name": "Castore Dining Table",
  "description": "<h2>Description</h2>\n<!-- split -->\n<p class=\"lead\">A visual illusion intriguingly tempers the effect of Castore, a monumental glass and marble dining table from Italian architect, sculptor and designer Angelo Mangiarotti. The transparent round top rests on a massive pillar and it seems only a small marble bowl is holding it in place—its rounded contours adding a welcome sensual note.</p>\n<!-- split -->\n<h2>Specifications</h2>\n<!-- split -->\n<h4>Size</h4>\n<ul>\n<li>28.1\" h x 51.2\" dia (71.5x130cm)</li>\n<li>Base: 15\" dia (38cm)</li>\n</ul>\n<h4>Material</h4>\n<p>Marble, tempered glass</p>",
  "sku": "KAR-201824",
  "active": true,
  "meta_title": "Castore Dining Table | Buy Karakter online at A+R",
  "price": 6748,
  "currency": "USD",
  "type": "physical",
  "delivery": "shipment",
  "date_created": "2024-04-03T15:50:40.151Z",
  "stock_status": null,
  "date_updated": "2024-04-03T15:50:40.702Z",
  "prices": [],
  "purchase_options": {
    "standard": {
      "active": true,
      "price": 6748,
      "prices": []
    }
  },
  "images": [
    {
      "file": {
        "id": "660d7ad056978b00129918ff",
        "date_uploaded": "2024-04-03T15:50:40.610Z",
        "length": 42340,
        "md5": "21e9d975c90a2c1e355743adf7e2c081",
        "filename": "12677_1_5.jpg?v=1698210483",
        "content_type": "image/jpeg",
        "url": "https://cdn.swell.store/b2sdemo_test/660d7ad056978b00129918ff/21e9d975c90a2c1e355743adf7e2c081/12677_1_5.jpg%3Fv%3D1698210483",
        "uploaded_url": "https://cdn.shopify.com/s/files/1/0012/2005/1002/products/12677_1_5.jpg?v=1698210483",
        "width": 1600,
        "height": 1600
      },
      "id": "660d7ad06797730012b054f2"
    }
  ],
  "id": "660d7ad0fa9b03001262e649",
  "variants": {
    "count": 0,
    "page_count": 1,
    "page": 1,
    "results": []
  },
  "filename": "karakter-castore-dining-table"
}