{
  "slug": "karimoku-case-minatomirai-cafe-side-chair-n-sc01-upholstered",
  "name": "Minatomirai Cafe Side Chair N-SC01: Upholstered",
  "description": "<h2>Description</h2>\n<!-- split -->\n<p class=\"lead\">With its low backrest and small footprint, this upholstered side chair strikes a comfortable balance between a dining chair and a stool. Now part of Karimoku Case's collection, it was originally conceived with Copenhagen's Norm Architects for the Minatomirai Cafe that overlooks a park in Yokohama, Japan. Rendered in solid oak, N-SC01's clean lines complement the view of the wooded enclave and will bring a warm natural character to any roomscape.</p>\n<!-- split -->\n<h2>Specifications</h2>\n<!-- split -->\n<h4>Size</h4>\n<ul>\n<li>26.6\" h x 22\" w x 20.9\" d (67.5x56x53cm)</li>\n<li>Seat height: 17.7\" (45cm)</li>\n</ul>\n<h4>Material</h4>\n<p>Oak</p>\n<h4>Details</h4>\n<p>Upholstery</p>\n<ul>\n<li>Steelcut Trio 3</li>\n<li>Hallingdal 65</li>\n<li>Vidar 4</li>\n<li>Coda 2</li>\n<li>Leather Leabelle</li>\n<li>Maple<br>\n</li>\n<li>Moss</li>\n<li>COM and COL are available on request</li>\n</ul>",
  "sku": "KCS-C32600-E-ST3",
  "active": true,
  "meta_title": "Minatomirai Cafe Side Chair N-SC01: Upholstered | Buy Karimoku Case online at A+R",
  "price": 870,
  "currency": "USD",
  "type": "physical",
  "delivery": "shipment",
  "date_created": "2024-04-03T15:52:48.551Z",
  "stock_status": null,
  "date_updated": "2024-04-03T15:52:48.764Z",
  "prices": [],
  "purchase_options": {
    "standard": {
      "active": true,
      "price": 870,
      "prices": []
    }
  },
  "images": [
    {
      "file": {
        "id": "660d7b50eb17b00012e72b67",
        "date_uploaded": "2024-04-03T15:52:48.682Z",
        "length": 123444,
        "md5": "5e0615c8eb967360083f9b50ec91bcf0",
        "filename": "N-SC01_2_1_76cf24bc-33d3-4f54-ac21-93d8c2065dd2.jpg?v=1682747251",
        "content_type": "image/jpeg",
        "url": "https://cdn.swell.store/b2sdemo_test/660d7b50eb17b00012e72b67/5e0615c8eb967360083f9b50ec91bcf0/N-SC01_2_1_76cf24bc-33d3-4f54-ac21-93d8c2065dd2.jpg%3Fv%3D1682747251",
        "uploaded_url": "https://cdn.shopify.com/s/files/1/0012/2005/1002/files/N-SC01_2_1_76cf24bc-33d3-4f54-ac21-93d8c2065dd2.jpg?v=1682747251",
        "width": 2000,
        "height": 2000
      },
      "id": "660d7b506d7d770012a032a0"
    }
  ],
  "id": "660d7b50f3ab960012ce9ba4",
  "variants": {
    "count": 0,
    "page_count": 1,
    "page": 1,
    "results": []
  },
  "filename": "karimoku-case-minatomirai-cafe-side-chair-n-sc01-upholstered"
}