{
  "slug": "lambert-fils-cliff-floor-lamp",
  "name": "Cliff Floor Lamp",
  "description": "<h2>Description</h2>\n<!-- split -->\n<p class=\"lead\">Lambert &amp; Fils Studio explores signature elements of natural brass and matte-finish steel rods in an elegantly reserved floor lamp. Cliff features a tripod base and a tubelike metal shade in either white or black powder coat to contrast with the warm golden metal. Fully functional yet full of nuance, the lamp is handmade at the brand's atelier in Montreal. </p>\n<!-- split -->\n<h2>Specifications</h2>\n<!-- split -->\n<h4>Size</h4>\n<ul>\n<li>63\" h x 40.2\" w x 24\" d (160x102x61cm)</li>\n<li>Cord length: 96.1\" (244cm)</li>\n</ul>\n<h4>Material</h4>\n<p>Powder-coated steel or aluminum, brass, nylon</p>\n<h4>Technical</h4>\n<ul>\n<li>E26</li>\n<li>UL Listed</li>\n<li>Dimmable</li>\n<li>Bulb not included</li>\n</ul>\n<ul></ul>",
  "sku": "LAM-CLI02BKBR",
  "active": true,
  "meta_title": "Cliff Floor Lamp | Buy Lambert & Fils online at A+R",
  "price": 998,
  "currency": "USD",
  "type": "physical",
  "delivery": "shipment",
  "date_created": "2024-04-03T15:53:24.696Z",
  "stock_status": null,
  "date_updated": "2024-04-03T15:53:25.479Z",
  "prices": [],
  "purchase_options": {
    "standard": {
      "active": true,
      "price": 998,
      "prices": []
    }
  },
  "images": [
    {
      "file": {
        "id": "660d7b75591f9100128f942e",
        "date_uploaded": "2024-04-03T15:53:25.379Z",
        "length": 42856,
        "md5": "250f65e59aa9d3a15e3f5aa1599f4513",
        "filename": "CLI02BKBR_11-1300x1300.jpg?v=1686051766",
        "content_type": "image/jpeg",
        "url": "https://cdn.swell.store/b2sdemo_test/660d7b75591f9100128f942e/250f65e59aa9d3a15e3f5aa1599f4513/CLI02BKBR_11-1300x1300.jpg%3Fv%3D1686051766",
        "uploaded_url": "https://cdn.shopify.com/s/files/1/0012/2005/1002/files/CLI02BKBR_11-1300x1300.jpg?v=1686051766",
        "width": 1300,
        "height": 1300
      },
      "id": "660d7b752e54070012d289a5"
    }
  ],
  "id": "660d7b74d739ac0012d7dd1d",
  "variants": {
    "count": 0,
    "page_count": 1,
    "page": 1,
    "results": []
  },
  "filename": "lambert-fils-cliff-floor-lamp"
}