{
  "slug": "normann-copenhagen-allez-table-round",
  "name": "Allez Table: Round",
  "description": "<h2>Description</h2>\n<!-- split -->\n<p class=\"lead\">Allez reimagines the classic bistro table with options designed for use for both indoors or outdoors. Designer Simon Legald’s take on the café style includes 2 tabletops that are ideal for either setting: marble or lightweight, ultra-thin stainless steel. With the surface also available in blackened or natural oak veneer for interior use, the table is characterized by its sleek profile and clean-lined, cast-iron pedestal with either a 3- or 4-legged base.</p>\n<!-- split -->\n<h2>Specifications</h2>\n<!-- split -->\n<h4>Size</h4>\n<ul>\n<li>Small: 29.5\" h x 23.6\" dia (75x60cm)</li>\n<li>Large: 29.5\" h x 27.6\" dia (75x70cm)</li>\n</ul>\n<h4>Material</h4>\n<p>Oak veneer, marble, cast iron, brushed stainless steel</p>\n<h4>Details</h4>\n<p>Made in Denmark</p>",
  "sku": "NOR-604100-BLKOAK",
  "active": true,
  "meta_title": "Allez Table: Round | Buy Normann Copenhagen online at A+R",
  "price": 380,
  "currency": "USD",
  "type": "physical",
  "delivery": "shipment",
  "date_created": "2024-04-03T15:51:17.967Z",
  "stock_status": null,
  "date_updated": "2024-04-03T15:51:18.823Z",
  "prices": [],
  "purchase_options": {
    "standard": {
      "active": true,
      "price": 380,
      "prices": []
    }
  },
  "images": [
    {
      "file": {
        "id": "660d7af6b3cdeb00121b4a9e",
        "date_uploaded": "2024-04-03T15:51:18.730Z",
        "length": 113384,
        "md5": "b0f4a8f5362b0476d8ad93afc92cb595",
        "filename": "NewProject_ab37e2c1-42be-4ce2-8ac5-0b9cc5cc1b6b.jpg?v=1653391904",
        "content_type": "image/jpeg",
        "url": "https://cdn.swell.store/b2sdemo_test/660d7af6b3cdeb00121b4a9e/b0f4a8f5362b0476d8ad93afc92cb595/NewProject_ab37e2c1-42be-4ce2-8ac5-0b9cc5cc1b6b.jpg%3Fv%3D1653391904",
        "uploaded_url": "https://cdn.shopify.com/s/files/1/0012/2005/1002/products/NewProject_ab37e2c1-42be-4ce2-8ac5-0b9cc5cc1b6b.jpg?v=1653391904",
        "width": 3000,
        "height": 3000
      },
      "id": "660d7af694abc90012e1b28f"
    }
  ],
  "id": "660d7af593607e00127d733b",
  "variants": {
    "count": 0,
    "page_count": 1,
    "page": 1,
    "results": []
  },
  "filename": "normann-copenhagen-allez-table-round"
}