{
  "slug": "normann-copenhagen-allez-table-square",
  "name": "Allez Table: Square",
  "description": "<h2>Description</h2>\n<!-- split -->\n<p class=\"lead\">Also available in a square version, designer Simon Legald’s reimagined café table offers the same versatility as the round model, with options for use both indoors or outside. Allez with either the marble or lightweight, ultra-thin stainless steel tabletop works in both environs while the blackened or natural oak veneer is also offered for interiors. Characterized by its modernist silhouette and cylindrical cast-iron pedestal with a 3-or 4-legged base, the square table comes in 2 sizes.</p>\n<!-- split -->\n<h2>Specifications</h2>\n<!-- split -->\n<h4>Size</h4>\n<ul>\n<li>Small: 29.5\" h x 23.6\" w x 23.6\" d (75x60x60cm)</li>\n<li>Large: 29.5\" h x 27.6\" w x 27.6\" d (75x70x70cm)</li>\n</ul>\n<ul></ul>\n<h4>Material</h4>\n<p>Oak veneer, marble, cast iron, brushed stainless steel</p>\n<h4>Details</h4>\n<p>Made in Denmark</p>",
  "sku": "NOR-604103-BLKOAK",
  "active": true,
  "meta_title": "Allez Table: Square | Buy Normann Copenhagen online at A+R",
  "price": 380,
  "currency": "USD",
  "type": "physical",
  "delivery": "shipment",
  "date_created": "2024-04-03T15:51:16.409Z",
  "stock_status": null,
  "date_updated": "2024-04-03T15:51:17.563Z",
  "prices": [],
  "purchase_options": {
    "standard": {
      "active": true,
      "price": 380,
      "prices": []
    }
  },
  "images": [
    {
      "file": {
        "id": "660d7af5f3ab960012ce9a66",
        "date_uploaded": "2024-04-03T15:51:17.447Z",
        "length": 138952,
        "md5": "e4e48f4c8c5ce8d3af1532a8df1d5adc",
        "filename": "NewProject23_45397dd2-d05a-4606-916c-36c7067e8e49.jpg?v=1698211445",
        "content_type": "image/jpeg",
        "url": "https://cdn.swell.store/b2sdemo_test/660d7af5f3ab960012ce9a66/e4e48f4c8c5ce8d3af1532a8df1d5adc/NewProject23_45397dd2-d05a-4606-916c-36c7067e8e49.jpg%3Fv%3D1698211445",
        "uploaded_url": "https://cdn.shopify.com/s/files/1/0012/2005/1002/products/NewProject23_45397dd2-d05a-4606-916c-36c7067e8e49.jpg?v=1698211445",
        "width": 3000,
        "height": 3000
      },
      "id": "660d7af54974d6001242b6fb"
    }
  ],
  "id": "660d7af450290a0012705a93",
  "variants": {
    "count": 0,
    "page_count": 1,
    "page": 1,
    "results": []
  },
  "filename": "normann-copenhagen-allez-table-square"
}