{
  "slug": "by-interiors-suki-sofa",
  "name": "Suki Sofa",
  "description": "<h2>Description</h2>\n<!-- split -->\n<p class=\"lead\">Japanese designer Tomoyuki Sakakida adds a spare but sumptuously padded sofa to his Suki range with its singularly angled style. The collection's moniker refers to the deliberately edited juxtaposition of seating elements, with the cleanly geometric steel frame in either antique brass-plate or inky Urishi powder-coat finish. Plump cushioning and an angled backrest promise extended comfort while a choice of upholstery in fabric or leather adds customized appeal.</p>\n<!-- split -->\n<h2>Specifications</h2>\n<!-- split -->\n<h4>Size</h4>\n<ul>\n<li>1 Seater: 32.7\" h x 37.4\" w x 33.1\" d (83x95x84cm)</li>\n<li>2 Seater: 32.7\" h x 85.8\" w x 33.1\" d (83x218x84cm)</li>\n<li>Seat height: 16.5\" (42cm)</li>\n<li>Arm height: 24\" (61cm)</li>\n</ul>\n<h4>Material</h4>\n<p>Wooden frame, polyurethane foam, plated steel antique brass finishing, powder-coated steel</p>\n<h4>Details</h4>\n<ul>\n<li>Category 2: Pado, Pesba, Report, Record, Yoda, Texture, Sand</li>\n<li>Category 3: Talapo, Report, Record, Yoda, Texture, Sand</li>\n<li>Category 4: Brionne, Frank</li>\n<li>Leather</li>\n<li>COM and COL are available on request</li>\n</ul>\nMade in Japan\n<ul></ul>",
  "sku": "BYI-SUK-SFA-1-ANT-BRA-CAT-2",
  "active": true,
  "meta_title": "Suki Sofa | Buy By Interiors online at A+R",
  "price": 3240,
  "currency": "USD",
  "type": "physical",
  "delivery": "shipment",
  "date_created": "2024-04-03T15:46:50.636Z",
  "stock_status": null,
  "date_updated": "2024-04-03T15:46:51.619Z",
  "prices": [],
  "purchase_options": {
    "standard": {
      "active": true,
      "price": 3240,
      "prices": []
    }
  },
  "images": [
    {
      "file": {
        "id": "660d79eb64b0ed0012c7ff6f",
        "date_uploaded": "2024-04-03T15:46:51.479Z",
        "length": 255156,
        "md5": "13419865da6e1c40939139831fe8e6b7",
        "filename": "1_ce53d68c-6e4e-467f-946f-05f5611201c1.jpg?v=1644229756",
        "content_type": "image/jpeg",
        "url": "https://cdn.swell.store/b2sdemo_test/660d79eb64b0ed0012c7ff6f/13419865da6e1c40939139831fe8e6b7/1_ce53d68c-6e4e-467f-946f-05f5611201c1.jpg%3Fv%3D1644229756",
        "uploaded_url": "https://cdn.shopify.com/s/files/1/0012/2005/1002/products/1_ce53d68c-6e4e-467f-946f-05f5611201c1.jpg?v=1644229756",
        "width": 2000,
        "height": 2000
      },
      "id": "660d79ebb3cdeb00121b43c2"
    }
  ],
  "id": "660d79ea6f64df0012a46b83",
  "variants": {
    "count": 0,
    "page_count": 1,
    "page": 1,
    "results": []
  },
  "filename": "by-interiors-suki-sofa"
}