{
  "slug": "by-interiors-sled-center-table",
  "name": "Sled Center Table",
  "description": "<h2>Description</h2>\n<!-- split -->\n<p class=\"lead\">Tokyo-based modernist brand By Design augments its Sled seating with a unifying companion center table. Designer Tomoya Tabuchi’s collection juxtaposes a slim structure in black anodized aluminum with panels of misty grey glass. The mix of elements brings both a sense of lightness and added visual interest with the play of transparency.  </p>\n<!-- split -->\n<h2>Specifications</h2>\n<!-- split -->\n<h4>Size</h4>\n<p>13\" h x 37.4\" w x 37.4\" d (33x95x95cm)</p>\n<h4>Material</h4>\n<p>Solid aluminum anodized, grey glass</p>\n<h4>Details</h4>\n<p>Made in Japan</p>",
  "sku": "BYI-SLD-CTR-TBL-GRY-GLS",
  "active": true,
  "meta_title": "Sled Center Table | Buy By Interiors online at A+R",
  "price": 1700,
  "currency": "USD",
  "type": "physical",
  "delivery": "shipment",
  "date_created": "2024-04-03T15:47:23.434Z",
  "stock_status": null,
  "date_updated": "2024-04-03T15:47:24.624Z",
  "prices": [],
  "purchase_options": {
    "standard": {
      "active": true,
      "price": 1700,
      "prices": []
    }
  },
  "images": [
    {
      "file": {
        "id": "660d7a0caeb36c0012e0480e",
        "date_uploaded": "2024-04-03T15:47:24.519Z",
        "length": 137304,
        "md5": "c4a739f99937c58d5c4d8e2f58f82799",
        "filename": "Center-table_d8cad753-d3ef-4128-9f29-139388d303ce.jpg?v=1621512496",
        "content_type": "image/jpeg",
        "url": "https://cdn.swell.store/b2sdemo_test/660d7a0caeb36c0012e0480e/c4a739f99937c58d5c4d8e2f58f82799/Center-table_d8cad753-d3ef-4128-9f29-139388d303ce.jpg%3Fv%3D1621512496",
        "uploaded_url": "https://cdn.shopify.com/s/files/1/0012/2005/1002/products/Center-table_d8cad753-d3ef-4128-9f29-139388d303ce.jpg?v=1621512496",
        "width": 3000,
        "height": 3000
      },
      "id": "660d7a0c1cd14b00127c3254"
    }
  ],
  "id": "660d7a0be6500f0012cd0a50",
  "variants": {
    "count": 0,
    "page_count": 1,
    "page": 1,
    "results": []
  },
  "filename": "by-interiors-sled-center-table"
}