{
  "slug": "by-interiors-suki-center-table",
  "name": "Suki Center Table",
  "description": "<h2>Description</h2>\n<!-- split -->\n<p class=\"lead\">Here in a majestic but spare coffee table version, Tomoyuki Sakakida plays on Suki’s meaning as \"to like,\" which the designer interprets as a tightly edited use of materials. A simple steel frame, in a choice of brass-plate or black powder-coat finish, grasps its respective slab tabletop in variegated Towada stone or an inky Urushi lacquer finish. In a pleasing nearly square shape, the table updates the Japanese idiom of eloquent simplicity to complement any seating area.</p>\n<!-- split -->\n<h2>Specifications</h2>\n<!-- split -->\n<h4>Size</h4>\n<p>15\" h x 38\" w x 35.4\" d (38x96.5x90cm)</p>\n<h4>Material</h4>\n<p>Plated steel, powder-coated steel</p>\n<h4>Details</h4>\n<p>Made in Japan</p>",
  "sku": "BYI-SUK-CTR-TBL-TOW-STO-ANT-BRA",
  "active": true,
  "meta_title": "Suki Center Table | Buy By Interiors online at A+R",
  "price": 1580,
  "currency": "USD",
  "type": "physical",
  "delivery": "shipment",
  "date_created": "2024-04-03T15:46:49.702Z",
  "stock_status": null,
  "date_updated": "2024-04-03T15:46:50.195Z",
  "prices": [],
  "purchase_options": {
    "standard": {
      "active": true,
      "price": 1580,
      "prices": []
    }
  },
  "images": [
    {
      "file": {
        "id": "660d79ea93607e00127d6fb5",
        "date_uploaded": "2024-04-03T15:46:50.089Z",
        "length": 247496,
        "md5": "6b55fd02e61eb5373f9448ae4a60656c",
        "filename": "65aSXOmg_1.jpg?v=1644228140",
        "content_type": "image/jpeg",
        "url": "https://cdn.swell.store/b2sdemo_test/660d79ea93607e00127d6fb5/6b55fd02e61eb5373f9448ae4a60656c/65aSXOmg_1.jpg%3Fv%3D1644228140",
        "uploaded_url": "https://cdn.shopify.com/s/files/1/0012/2005/1002/products/65aSXOmg_1.jpg?v=1644228140",
        "width": 4000,
        "height": 4000
      },
      "id": "660d79ea055bcb0012fb127c"
    }
  ],
  "id": "660d79e9fa9b03001262e32c",
  "variants": {
    "count": 0,
    "page_count": 1,
    "page": 1,
    "results": []
  },
  "filename": "by-interiors-suki-center-table"
}