{
  "slug": "cvl-ip-calee-wall-light-version-3",
  "name": "IP Calé(e) Wall Light: Version 3",
  "description": "<h2>Description</h2>\n<!-- split -->\n<p class=\"lead\">CVL’s tilted IP Calé(e), like its 2 sibling versions, is designed expressly for use in the bathroom. “Caler\" in French means to balance or to hold in place, which aptly describes the geometric  equipoise of the wall fixture’s round and linear elements as designed by Paris studio Pool. With an integrated LED light source for warmly even illumination, it’s composed of solid brass in a choice of matte or polished metallic finishes.</p>\n<!-- split -->\n<h2>Specification</h2>\n<!-- split -->\n<h4>Size</h4>\n<ul>\n<li>17.7\" h x 1.7\" w x 7.9\" d (45x4.4x20cm)</li>\n<li>Clamp: 4\" dia (10.2cm)</li>\n</ul>\n<h4>Material</h4>\n<p>Metal, polycarbonate</p>\n<h4>Technical</h4>\n<ul>\n<li>Color temperature: 3000K</li>\n<li>Integrated LED<br>\n</li>\n</ul>\n<h4>Details</h4>\n<p>Made in France</p>",
  "sku": "CVL-IP-CALE-WALL-VF-SB",
  "active": true,
  "meta_title": "IP Calé(e) Wall Light: Version 3 | Buy CVL online at A+R",
  "price": null,
  "currency": "USD",
  "type": "physical",
  "delivery": "shipment",
  "date_created": "2024-04-03T15:51:06.184Z",
  "stock_status": null,
  "date_updated": "2024-04-03T15:51:07.162Z",
  "prices": [],
  "purchase_options": {
    "standard": {
      "active": true,
      "price": null,
      "prices": []
    }
  },
  "images": [
    {
      "file": {
        "id": "660d7aebf6775c0012b585a4",
        "date_uploaded": "2024-04-03T15:51:07.066Z",
        "length": 131240,
        "md5": "7864f156ec249a709b936bb2515ae920",
        "filename": "calee_walllampV3_studiosgarniernickel.jpg?v=1619525380",
        "content_type": "image/jpeg",
        "url": "https://cdn.swell.store/b2sdemo_test/660d7aebf6775c0012b585a4/7864f156ec249a709b936bb2515ae920/calee_walllampV3_studiosgarniernickel.jpg%3Fv%3D1619525380",
        "uploaded_url": "https://cdn.shopify.com/s/files/1/0012/2005/1002/products/calee_walllampV3_studiosgarniernickel.jpg?v=1619525380",
        "width": 3000,
        "height": 3000
      },
      "id": "660d7aeb591f9100128f9296"
    }
  ],
  "id": "660d7aea4d42c60012db481e",
  "variants": {
    "count": 0,
    "page_count": 1,
    "page": 1,
    "results": []
  },
  "filename": "cvl-ip-calee-wall-light-version-3"
}