{
  "slug": "ferm-living-flow-kids-mug",
  "name": "Flow Kids Mug",
  "description": "<h2>Description</h2>\n<!-- split -->\n<p class=\"lead\"> </p>\n<!-- split -->\n<h2>Specifications</h2>\n<!-- split -->\n<h4>Size</h4>\n<p>3.5\" h x 5.7\" w x 3.1\" d (9x14.5x8cm)</p>\n<h4>Material</h4>\n<p>Glazed porcelain</p>",
  "sku": "FL-1104263205",
  "active": true,
  "meta_title": "Flow Kids Mug | Buy Ferm Living online at A+R",
  "price": 13,
  "currency": "USD",
  "type": "physical",
  "delivery": "shipment",
  "date_created": "2024-04-03T15:49:22.304Z",
  "stock_status": null,
  "date_updated": "2024-04-03T15:49:22.480Z",
  "prices": [],
  "purchase_options": {
    "standard": {
      "active": true,
      "price": 13,
      "prices": []
    }
  },
  "id": "660d7a8250290a0012705957",
  "variants": {
    "count": 0,
    "page_count": 1,
    "page": 1,
    "results": []
  },
  "filename": "ferm-living-flow-kids-mug"
}