{
  "slug": "ferm-living-brus-carafe",
  "name": "Brus Carafe",
  "description": "<h2>Description</h2>\n<!-- split -->\n<p class=\"lead\"> </p>\n<!-- split -->\n<h2>Specifications</h2>\n<!-- split -->\n<h4>Size</h4>\n<p>11\" h x 4.7\" w x 4.7\" d (28x12x12cm)</p>\n<h4>Material</h4>\n<p>Mouth-blown glass, bubbles</p>",
  "sku": "FL-110232211",
  "active": true,
  "meta_title": "Brus Carafe | Buy Ferm Living online at A+R",
  "price": 0,
  "currency": "USD",
  "type": "physical",
  "delivery": "shipment",
  "date_created": "2024-04-03T15:49:52.074Z",
  "stock_status": null,
  "date_updated": "2024-04-03T15:49:52.766Z",
  "prices": [],
  "purchase_options": {
    "standard": {
      "active": true,
      "price": 0,
      "prices": []
    }
  },
  "images": [
    {
      "file": {
        "id": "660d7aa0d406000012ba4635",
        "date_uploaded": "2024-04-03T15:49:52.661Z",
        "length": 27408,
        "md5": "d14d68f32b19e948ed322e272f74ecb3",
        "filename": "110232211_1.jpg?v=1620275122",
        "content_type": "image/jpeg",
        "url": "https://cdn.swell.store/b2sdemo_test/660d7aa0d406000012ba4635/d14d68f32b19e948ed322e272f74ecb3/110232211_1.jpg%3Fv%3D1620275122",
        "uploaded_url": "https://cdn.shopify.com/s/files/1/0012/2005/1002/products/110232211_1.jpg?v=1620275122",
        "width": 1573,
        "height": 1573
      },
      "id": "660d7aa01c71db0012457660"
    }
  ],
  "id": "660d7aa0f0952100120f5d3d",
  "variants": {
    "count": 0,
    "page_count": 1,
    "page": 1,
    "results": []
  },
  "filename": "ferm-living-brus-carafe"
}