{
  "slug": "ferm-living-casca-vase",
  "name": "Casca Vase",
  "description": "<h2>Description</h2>\n<!-- split -->\n<p class=\"lead\">Ferm Living's mouth-blown glass vase has an asymmetric shape and a playful pattern of elongated monochrome spots in a choice of buoyant hues. Fill Casca with a bunch of blooms or brighten a room with the vessel all on its own—and of course It also makes a lovely host gift. As with all handcrafted pieces, slight variations may occur.</p>\n<!-- split -->\n<h2>Specifications</h2>\n<!-- split -->\n<h4>Size</h4>\n<p>8.3\" h x 4.9\" dia (21x12.5cm)</p>\n<h4>Material</h4>\n<p>Glass</p>",
  "sku": "FL-1104263353",
  "active": true,
  "meta_title": "Casca Vase | Buy Ferm Living online at A+R",
  "price": 35,
  "currency": "USD",
  "type": "physical",
  "delivery": "shipment",
  "date_created": "2024-04-03T15:49:46.899Z",
  "stock_status": null,
  "date_updated": "2024-04-03T15:49:47.565Z",
  "prices": [],
  "purchase_options": {
    "standard": {
      "active": true,
      "price": 35,
      "prices": []
    }
  },
  "images": [
    {
      "file": {
        "id": "660d7a9b6148c40012ae87a0",
        "date_uploaded": "2024-04-03T15:49:47.489Z",
        "length": 88668,
        "md5": "f043d5992896f14feea8574acca936c5",
        "filename": "45_7909108c-ced7-455d-b592-a3aa37068fea.jpg?v=1683963065",
        "content_type": "image/jpeg",
        "url": "https://cdn.swell.store/b2sdemo_test/660d7a9b6148c40012ae87a0/f043d5992896f14feea8574acca936c5/45_7909108c-ced7-455d-b592-a3aa37068fea.jpg%3Fv%3D1683963065",
        "uploaded_url": "https://cdn.shopify.com/s/files/1/0012/2005/1002/files/45_7909108c-ced7-455d-b592-a3aa37068fea.jpg?v=1683963065",
        "width": 2000,
        "height": 2000
      },
      "id": "660d7a9b96aae300122f010a"
    }
  ],
  "id": "660d7a9a81aded0012d226ee",
  "variants": {
    "count": 0,
    "page_count": 1,
    "page": 1,
    "results": []
  },
  "filename": "ferm-living-casca-vase"
}