{
  "slug": "ferm-living-casca-glass",
  "name": "Casca Glass",
  "description": "<h2>Description</h2>\n<!-- split -->\n<p class=\"lead\"> </p>\n<!-- split -->\n<h2>Specification</h2>\n<!-- split -->\n<h4>Size</h4>\n<p>4.5\" h x 3.3\" w x 3.5\" d (11.5x8.5x9cm)</p>\n<h4>Material</h4>\n<p>Mouth-blown glass</p>",
  "sku": "FL-1104263296",
  "active": true,
  "meta_title": "Casca Glass | Buy Ferm Living online at A+R",
  "price": 13,
  "currency": "USD",
  "type": "physical",
  "delivery": "shipment",
  "date_created": "2024-04-03T15:49:47.917Z",
  "stock_status": null,
  "date_updated": "2024-04-03T15:49:48.296Z",
  "prices": [],
  "purchase_options": {
    "standard": {
      "active": true,
      "price": 13,
      "prices": []
    }
  },
  "images": [
    {
      "file": {
        "id": "660d7a9c6148c40012ae87a7",
        "date_uploaded": "2024-04-03T15:49:48.127Z",
        "length": 59732,
        "md5": "437a82532234f998b90c00c35cee3707",
        "filename": "1104263294.jpg?v=1620100505",
        "content_type": "image/jpeg",
        "url": "https://cdn.swell.store/b2sdemo_test/660d7a9c6148c40012ae87a7/437a82532234f998b90c00c35cee3707/1104263294.jpg%3Fv%3D1620100505",
        "uploaded_url": "https://cdn.shopify.com/s/files/1/0012/2005/1002/products/1104263294.jpg?v=1620100505",
        "width": 1728,
        "height": 1728
      },
      "id": "660d7a9cfd60ae001252d469"
    }
  ],
  "id": "660d7a9baeb36c0012e0499d",
  "variants": {
    "count": 0,
    "page_count": 1,
    "page": 1,
    "results": []
  },
  "filename": "ferm-living-casca-glass"
}