{
  "slug": "fl-fabrics-pasadena",
  "name": "Pasadena",
  "description": "<p>Composition: 34% linen, 27% viscose, 12% polyester, 2% acrylic</p>",
  "sku": "Pas-Dena",
  "active": true,
  "meta_title": "Pasadena | Buy FL Fabrics online at A+R",
  "price": null,
  "currency": "USD",
  "type": "physical",
  "delivery": "shipment",
  "date_created": "2024-04-03T15:47:13.637Z",
  "stock_status": null,
  "date_updated": "2024-04-03T15:47:14.132Z",
  "prices": [],
  "purchase_options": {
    "standard": {
      "active": true,
      "price": null,
      "prices": []
    }
  },
  "images": [
    {
      "file": {
        "id": "660d7a019ca7260012fc3e3b",
        "date_uploaded": "2024-04-03T15:47:13.955Z",
        "length": 8556,
        "md5": "a115c91240f88a3e60b5a018b9a59071",
        "filename": "NewProject_1_fb320cdc-0878-4d64-8f95-860094f319d1.jpg?v=1620889196",
        "content_type": "image/jpeg",
        "url": "https://cdn.swell.store/b2sdemo_test/660d7a019ca7260012fc3e3b/a115c91240f88a3e60b5a018b9a59071/NewProject_1_fb320cdc-0878-4d64-8f95-860094f319d1.jpg%3Fv%3D1620889196",
        "uploaded_url": "https://cdn.shopify.com/s/files/1/0012/2005/1002/products/NewProject_1_fb320cdc-0878-4d64-8f95-860094f319d1.jpg?v=1620889196",
        "width": 192,
        "height": 192
      },
      "id": "660d7a02695d9d0013f54924"
    }
  ],
  "id": "660d7a0102c4020012594435",
  "variants": {
    "count": 0,
    "page_count": 1,
    "page": 1,
    "results": []
  },
  "filename": "fl-fabrics-pasadena"
}