{
  "slug": "kvadrat-coda-2-kcs",
  "name": "Coda 2 (KCS)",
  "description": "<p>Composition: 90% New wool, 10% Nylon, Durability: 100.000 Martindale, Lightfastness: 6-7, Sustainability: Natural fibres / Sustainable resource.</p>",
  "sku": "Kvadrat-Coda-2-103",
  "active": true,
  "meta_title": "Coda 2 (KCS) | Buy Kvadrat online at A+R",
  "price": null,
  "currency": "USD",
  "type": "physical",
  "delivery": "shipment",
  "date_created": "2024-04-03T15:52:20.623Z",
  "stock_status": null,
  "date_updated": "2024-04-03T15:52:21.028Z",
  "prices": [],
  "purchase_options": {
    "standard": {
      "active": true,
      "price": null,
      "prices": []
    }
  },
  "images": [
    {
      "file": {
        "id": "660d7b34da78770012403fdc",
        "date_uploaded": "2024-04-03T15:52:20.944Z",
        "length": 13788,
        "md5": "c2edcd0e52cdf7fd6ef979fd89590571",
        "filename": "Kvadrat_Coda-2_103_92618b34-5e2f-4cdd-bfdd-5680e1b54724.jpg?v=1617623220",
        "content_type": "image/jpeg",
        "url": "https://cdn.swell.store/b2sdemo_test/660d7b34da78770012403fdc/c2edcd0e52cdf7fd6ef979fd89590571/Kvadrat_Coda-2_103_92618b34-5e2f-4cdd-bfdd-5680e1b54724.jpg%3Fv%3D1617623220",
        "uploaded_url": "https://cdn.shopify.com/s/files/1/0012/2005/1002/products/Kvadrat_Coda-2_103_92618b34-5e2f-4cdd-bfdd-5680e1b54724.jpg?v=1617623220",
        "width": 192,
        "height": 192
      },
      "id": "660d7b35c7e955001277e8f8"
    }
  ],
  "id": "660d7b3444e8b400124fe81e",
  "variants": {
    "count": 0,
    "page_count": 1,
    "page": 1,
    "results": []
  },
  "filename": "kvadrat-coda-2-kcs"
}