{
  "slug": "lambert-fils-laurent-16-suspension-lamp",
  "name": "Laurent 16 Suspension Lamp",
  "description": "<h2>Description</h2>\n<!-- split -->\n<p class=\"lead\">Lambert &amp; Fils amps up the dramatics with Laurent 16â€™s foursome of individual suspension lights from the series. Contrasting stair-step models 05 and 06, the V-shaped 02 and flat-plane 03, the fixture provides a spectacular 12-foot sequence of glowing points of LED light diffused by handblown opaline globes. Available in brass, nickel-plate or powder-coated colored aluminum, this lighting flourish is handmade at the brand's Montreal atelier.   </p>\n<!-- split -->\n<h2>Specifications</h2>\n<!-- split -->\n<h4>Size</h4>\n<ul>\n<li>28\" h x 127.5\" w x 7.9\" d (71x323.9x20cm)</li>\n<li>Shade: 5.5\" dia (14cm)</li>\n<li>Canopy height: 2\" (5cm)</li>\n</ul>\n<h4>Material</h4>\n<p>polished brass, powder-coated aluminum or nickel-plated steel, handblown opaline glass globe, polyester</p>\n<h4>Technical</h4>\n<ul>\n<li>UL Listed</li>\n<li>G9</li>\n<li>Color temperature: 2700K, 3000K</li>\n<li>Dimmable</li>\n<li>Bulb included</li>\n</ul>",
  "sku": "LAM-LRT16BKBKBKBK",
  "active": true,
  "meta_title": "Laurent 16 Suspension Lamp | Buy Lambert & Fils online at A+R",
  "price": 5455,
  "currency": "USD",
  "type": "physical",
  "delivery": "shipment",
  "date_created": "2024-04-03T15:53:42.450Z",
  "stock_status": null,
  "date_updated": "2024-04-03T15:53:43.569Z",
  "prices": [],
  "purchase_options": {
    "standard": {
      "active": true,
      "price": 5455,
      "prices": []
    }
  },
  "images": [
    {
      "file": {
        "id": "660d7b87fd60ae001252d84d",
        "date_uploaded": "2024-04-03T15:53:43.490Z",
        "length": 210792,
        "md5": "785978c19b526083818b8d441958600c",
        "filename": "LRT16BLBLBL_2-new.jpg?v=1618317830",
        "content_type": "image/jpeg",
        "url": "https://cdn.swell.store/b2sdemo_test/660d7b87fd60ae001252d84d/785978c19b526083818b8d441958600c/LRT16BLBLBL_2-new.jpg%3Fv%3D1618317830",
        "uploaded_url": "https://cdn.shopify.com/s/files/1/0012/2005/1002/products/LRT16BLBLBL_2-new.jpg?v=1618317830",
        "width": 3500,
        "height": 3500
      },
      "id": "660d7b8731ad990012a7eed3"
    }
  ],
  "id": "660d7b8694abc90012e1b45a",
  "variants": {
    "count": 0,
    "page_count": 1,
    "page": 1,
    "results": []
  },
  "filename": "lambert-fils-laurent-16-suspension-lamp"
}