{
  "slug": "lambert-fils-hutchison-03-suspension-lamp",
  "name": "Hutchison 03 Suspension Lamp",
  "description": "<h2>Description</h2>\n<!-- split -->\n<p class=\"lead\">Powered by Lambert &amp; Fils' sustainable LED technology, Hutchison 03 is the triple version of its curved suspension lamp. Like its other similar siblings, the pendant evokes the silhouettes of Middle Eastern archways, Roman terracotta roofs. Handmade at the brand's Montreal atelier, it features a sleek housing in powder-coated or polished aluminum with a frosted diffuser to create warm ambient illumination.  </p>\n<!-- split -->\n<h2>Specifications</h2>\n<!-- split -->\n<h4>Size</h4>\n<ul>\n<li>1.7\" h x 9.4\" x 7.1\" d (4x24x18cm)</li>\n<li>Canopy: 1.8\" h x 5.1\" w x 5.5\" d (4.5x13x14cm)</li>\n<li>Cord length: 108.3\" (275cm)</li>\n</ul>\n<h4>Material</h4>\n<p>Powder-coated or polished aluminum, PMMA, polyester</p>\n<h4>Technical</h4>\n<ul>\n<li>UL Listed</li>\n<li>Color temperature: 2700K, 3000K</li>\n<li>Integrated LED</li>\n</ul>",
  "sku": "LAM-HUT03BGBKD27",
  "active": true,
  "meta_title": "Hutchison 03 Suspension Lamp | Buy Lambert & Fils online at A+R",
  "price": 945,
  "currency": "USD",
  "type": "physical",
  "delivery": "shipment",
  "date_created": "2024-04-03T15:54:10.871Z",
  "stock_status": null,
  "date_updated": "2024-04-03T15:54:11.490Z",
  "prices": [],
  "purchase_options": {
    "standard": {
      "active": true,
      "price": 945,
      "prices": []
    }
  },
  "images": [
    {
      "file": {
        "id": "660d7ba36797730012b0574e",
        "date_uploaded": "2024-04-03T15:54:11.414Z",
        "length": 63864,
        "md5": "1f2a351e57726dc4742db6b26a018b19",
        "filename": "HUT03ALBK_2-1300x1300_9c2e341a-a7b2-4a57-bfe4-8f70434d14f9.jpg?v=1704345953",
        "content_type": "image/jpeg",
        "url": "https://cdn.swell.store/b2sdemo_test/660d7ba36797730012b0574e/1f2a351e57726dc4742db6b26a018b19/HUT03ALBK_2-1300x1300_9c2e341a-a7b2-4a57-bfe4-8f70434d14f9.jpg%3Fv%3D1704345953",
        "uploaded_url": "https://cdn.shopify.com/s/files/1/0012/2005/1002/files/HUT03ALBK_2-1300x1300_9c2e341a-a7b2-4a57-bfe4-8f70434d14f9.jpg?v=1704345953",
        "width": 2000,
        "height": 2000
      },
      "id": "660d7ba390abf000124fcaeb"
    }
  ],
  "id": "660d7ba27554440012ea0ade",
  "variants": {
    "count": 0,
    "page_count": 1,
    "page": 1,
    "results": []
  },
  "filename": "lambert-fils-hutchison-03-suspension-lamp"
}