{
  "slug": "massproductions-jump-easy-chair",
  "name": "Jump Easy Chair",
  "description": "<h2>Description</h2>\n<!-- split -->\n<p class=\"lead\">Designer Chris Martin’s upholstered armchair finds its lounge-worthy seat floating freely in a slim steel frame. The Massproductions’ cofounder softens the effect with rounded armrests in a choice of oiled oak or walnut.  For complete customization, the seat and backrest with its removable covering is available in a wealth of fine materials to complement the frame in black or blue-green.</p>\n<!-- split -->\n<h2>Specifications</h2>\n<!-- split -->\n<h4>Size</h4>\n<ul>\n<li>34.4\" h x 29\" w x 32.8\" d (87.4x73.7x83.2cm)</li>\n<li>Seat height: 14.4\" (36.5cm)</li>\n</ul>\n<h4>Material</h4>\n<p>Oak or walnut, steel</p>\n<h4>Details</h4>\n<ul>\n<li>Fabric A: Era, Mainline Flax, Smooth, Field 2, Reflect, Relate, Linara</li>\n<li>Fabric B: Molly 2, Remix 3, Kota, Lido, Lido Trend, Acton, Creek, Leone plus</li>\n<li>Fabric C: Silk, Planum, Loop, Canvas 2, Foss, Melange Nap, Re-wool, Safire, Steelcut 3, Steelcut Trio 3, Tonus 4, Wooly, Wooly+, Fuga, Lamu, Ponza</li>\n<li>Fabric C Plus: Tweed, Mosaic 2, Plecto, Sprinkles, Divina 3, Divina MD, Hallingdal 65, Vidar 4</li>\n<li>Fabric D: Elmo Nordic, Elmo Soft, Euro Post, Luna 2, Coda 2, Nuance</li>\n<li>Fabric D Plus: Storr, Elmo Rustical, Pilot, Silas, Dunes</li>\n<li>Fabric E: Gentle 2</li>\n<li>COM and COL are available on request</li>\n</ul>",
  "sku": "MASS-JU-22-118-250",
  "active": true,
  "meta_title": "Jump Easy Chair | Buy Massproductions online at A+R",
  "price": null,
  "currency": "USD",
  "type": "physical",
  "delivery": "shipment",
  "date_created": "2024-04-03T15:45:42.616Z",
  "stock_status": null,
  "date_updated": "2024-04-03T15:45:44.748Z",
  "prices": [],
  "purchase_options": {
    "standard": {
      "active": true,
      "price": null,
      "prices": []
    }
  },
  "images": [
    {
      "file": {
        "id": "660d79a86d7d770012a02ddf",
        "date_uploaded": "2024-04-03T15:45:44.670Z",
        "length": 1276928,
        "md5": "f86cb07d3a75e757a29cb20eca57943a",
        "filename": "Jump_Chair_08.0001.jpg?v=1622029602",
        "content_type": "image/jpeg",
        "url": "https://cdn.swell.store/b2sdemo_test/660d79a86d7d770012a02ddf/f86cb07d3a75e757a29cb20eca57943a/Jump_Chair_08.0001.jpg%3Fv%3D1622029602",
        "uploaded_url": "https://cdn.shopify.com/s/files/1/0012/2005/1002/products/Jump_Chair_08.0001.jpg?v=1622029602",
        "width": 4000,
        "height": 4000
      },
      "id": "660d79a8fed0770012a5ae82"
    }
  ],
  "id": "660d79a6f47eef0012a1bb30",
  "variants": {
    "count": 0,
    "page_count": 1,
    "page": 1,
    "results": []
  },
  "filename": "massproductions-jump-easy-chair"
}