{
  "slug": "mater-ocean-table-2-seater",
  "name": "Ocean Table: 2 Seater",
  "description": "<h2>Description</h2>\n<!-- split -->\n<p class=\"lead\">In versions to seat either 2 or 4 for dining, Danish brand Mater gives a heritage slatted table an eco-minded edge. With Ocean, designer duo Nanna and Jørgen Ditzel’s original wood-slatted table has been refashioned in a material made of 960 grams of ocean plastic waste from used fishnets (primarily from Denmark’s west coast) and recycled hard plastic. The table comes in black or sand with a gunmetal-colored steel frame and suits both indoor and outdoor use. And Ocean’s innovative style merited a 2019 Wallpaper Design Award. </p>\n<!-- split -->\n<h2>Specifications</h2>\n<!-- split -->\n<h4>Size</h4>\n<p>29.1\" h x 27.6\" w x 27.6\" d (73.9x70.1x70.1cm)</p>\n<h4>Material</h4>\n<p>Plastic, gun metal steel</p>\n<h4>Details</h4>\n<p>Made in Poland</p>",
  "sku": "MTR-09311",
  "active": true,
  "meta_title": "Ocean Table: 2 Seater | Buy Mater online at A+R",
  "price": 343,
  "currency": "USD",
  "type": "physical",
  "delivery": "shipment",
  "date_created": "2024-04-03T15:53:02.724Z",
  "stock_status": null,
  "date_updated": "2024-04-03T15:53:03.409Z",
  "prices": [],
  "purchase_options": {
    "standard": {
      "active": true,
      "price": 343,
      "prices": []
    }
  },
  "images": [
    {
      "file": {
        "id": "660d7b5faac09e00123adccf",
        "date_uploaded": "2024-04-03T15:53:03.307Z",
        "length": 112428,
        "md5": "248829a63744d1871c767bb44d643e38",
        "filename": "Mater_09311_Ocean_Black_2persTable_Packshot_Front_35b785e7-17e7-40dc-bcc3-2a4de6feb386.jpg?v=1672808970",
        "content_type": "image/jpeg",
        "url": "https://cdn.swell.store/b2sdemo_test/660d7b5faac09e00123adccf/248829a63744d1871c767bb44d643e38/Mater_09311_Ocean_Black_2persTable_Packshot_Front_35b785e7-17e7-40dc-bcc3-2a4de6feb386.jpg%3Fv%3D1672808970",
        "uploaded_url": "https://cdn.shopify.com/s/files/1/0012/2005/1002/products/Mater_09311_Ocean_Black_2persTable_Packshot_Front_35b785e7-17e7-40dc-bcc3-2a4de6feb386.jpg?v=1672808970",
        "width": 2000,
        "height": 2000
      },
      "id": "660d7b5f56978b0012991aef"
    }
  ],
  "id": "660d7b5efa9b03001262e864",
  "variants": {
    "count": 0,
    "page_count": 1,
    "page": 1,
    "results": []
  },
  "filename": "mater-ocean-table-2-seater"
}