{
  "slug": "nevotex-nubuck-leather",
  "name": "Nubuck Leather",
  "description": "<p>Composition: 100% Nubuck leather</p>",
  "sku": "Nub-Lea",
  "active": true,
  "meta_title": "Nubuck Leather | Buy Nevotex online at A+R",
  "price": null,
  "currency": "USD",
  "type": "physical",
  "delivery": "shipment",
  "date_created": "2024-04-03T15:47:10.272Z",
  "stock_status": null,
  "date_updated": "2024-04-03T15:47:10.849Z",
  "prices": [],
  "purchase_options": {
    "standard": {
      "active": true,
      "price": null,
      "prices": []
    }
  },
  "images": [
    {
      "file": {
        "id": "660d79fe56978b001299162a",
        "date_uploaded": "2024-04-03T15:47:10.759Z",
        "length": 4616,
        "md5": "7456ebdc0c701a665fdc3fcbc7f8faa5",
        "filename": "NewProject_1_7eaf3166-3eb5-45a3-95f2-bc2e19adb504.jpg?v=1620889428",
        "content_type": "image/jpeg",
        "url": "https://cdn.swell.store/b2sdemo_test/660d79fe56978b001299162a/7456ebdc0c701a665fdc3fcbc7f8faa5/NewProject_1_7eaf3166-3eb5-45a3-95f2-bc2e19adb504.jpg%3Fv%3D1620889428",
        "uploaded_url": "https://cdn.shopify.com/s/files/1/0012/2005/1002/products/NewProject_1_7eaf3166-3eb5-45a3-95f2-bc2e19adb504.jpg?v=1620889428",
        "width": 192,
        "height": 192
      },
      "id": "660d79fedae0b300122e3cc7"
    }
  ],
  "id": "660d79fe5a773b0012c39a4c",
  "variants": {
    "count": 0,
    "page_count": 1,
    "page": 1,
    "results": []
  },
  "filename": "nevotex-nubuck-leather"
}