{
  "slug": "normann-copenhagen-scala-coffee-table",
  "name": "Scala Coffee Table",
  "description": "<h2>Description</h2>\n<!-- split -->\n<p class=\"lead\">Designer Simon Legald plays with scale in his coffee table featuring an eye-catching arrangement of 4 columns made of solid steel with a black lacquer finish. Scalas defining variation on the classic architectural form shifts in perspective when viewed from different angles. The generous, convivial round tabletop is offered in 3 sizes with a host of complementary options in either oak veneer, several marble colorations or silvery stainless steel.</p>\n<!-- split -->\n<h2>Specifications</h2>\n<!-- split -->\n<h4>Size</h4>\n<ul>\n<li>Small: 15.7\" h x 43.3\" dia (40x110cm)</li>\n<li>Medium: 15.7\" h x 51.2\" dia (40x130cm)</li>\n<li>Large: 15.7\" h x 59.1\" dia (40x150cm)</li>\n</ul>\n<h4>Material</h4>\n<p>Powder-coated steel, oak veneer, marble</p>\n<h4>Details</h4>\n<p>Made in Denmark</p>",
  "sku": "NOR-604189-OAK",
  "active": true,
  "meta_title": "Scala Coffee Table | Buy Normann Copenhagen online at A+R",
  "price": 2140,
  "currency": "USD",
  "type": "physical",
  "delivery": "shipment",
  "date_created": "2024-04-03T15:43:52.908Z",
  "stock_status": null,
  "date_updated": "2024-04-03T15:43:54.903Z",
  "prices": [],
  "purchase_options": {
    "standard": {
      "active": true,
      "price": 2140,
      "prices": []
    }
  },
  "images": [
    {
      "file": {
        "id": "660d793abdce9b00123d3f6f",
        "date_uploaded": "2024-04-03T15:43:54.768Z",
        "length": 281776,
        "md5": "f94010a968f15dfa447cc74cb53ae669",
        "filename": "604188_Scala_Coffee_Table_H40_30cm_Marble_White_01.jpg?v=1710446015",
        "content_type": "image/jpeg",
        "url": "https://cdn.swell.store/b2sdemo_test/660d793abdce9b00123d3f6f/f94010a968f15dfa447cc74cb53ae669/604188_Scala_Coffee_Table_H40_30cm_Marble_White_01.jpg%3Fv%3D1710446015",
        "uploaded_url": "https://cdn.shopify.com/s/files/1/0012/2005/1002/files/604188_Scala_Coffee_Table_H40_30cm_Marble_White_01.jpg?v=1710446015",
        "width": 3893,
        "height": 3893
      },
      "id": "660d793a9ca7260012fc3bf1"
    }
  ],
  "id": "660d79384d42c60012db43d0",
  "variants": {
    "count": 0,
    "page_count": 1,
    "page": 1,
    "results": []
  },
  "filename": "normann-copenhagen-scala-coffee-table"
}