{
  "slug": "vescom-acton",
  "name": "Acton",
  "description": "<p>Composition: 100% flame retardant polyester, Lightfastness: 6, Durability: 90.000 rubs martindale</p>",
  "sku": "ACT-7062.01",
  "active": true,
  "meta_title": "Acton | Buy Vescom online at A+R",
  "price": null,
  "currency": "USD",
  "type": "physical",
  "delivery": "shipment",
  "date_created": "2024-04-03T15:45:40.132Z",
  "stock_status": null,
  "date_updated": "2024-04-03T15:45:40.629Z",
  "prices": [],
  "purchase_options": {
    "standard": {
      "active": true,
      "price": null,
      "prices": []
    }
  },
  "images": [
    {
      "file": {
        "id": "660d79a47737200012ce1248",
        "date_uploaded": "2024-04-03T15:45:40.524Z",
        "length": 16252,
        "md5": "6239e97cc3711a0651e69431d69fc165",
        "filename": "7062.01_lowres.jpg?v=1621838375",
        "content_type": "image/jpeg",
        "url": "https://cdn.swell.store/b2sdemo_test/660d79a47737200012ce1248/6239e97cc3711a0651e69431d69fc165/7062.01_lowres.jpg%3Fv%3D1621838375",
        "uploaded_url": "https://cdn.shopify.com/s/files/1/0012/2005/1002/products/7062.01_lowres.jpg?v=1621838375",
        "width": 192,
        "height": 192
      },
      "id": "660d79a41bdff00012d196e6"
    }
  ],
  "id": "660d79a44974d6001242b1c6",
  "variants": {
    "count": 0,
    "page_count": 1,
    "page": 1,
    "results": []
  },
  "filename": "vescom-acton"
}