{
  "slug": "by-interiors-bk-dining-table",
  "name": "BK Dining Table",
  "description": "<h2>Description</h2>\n<!-- split -->\n<p class=\"lead\">By Interiors extends its sumptuous marble-surfaced BK template to a timeless dining table. With its tabletop and slim legs clad in the fabled stone on its steel frame, the piece represents consummate artisan craftsmanship. Offered in a range of 4 sizes, it comes in a trio of marble selections—creamy Carrara, black Marquina or honeyed Emperador.</p>\n<!-- split -->\n<h2>Specifications</h2>\n<!-- split -->\n<h4>Size</h4>\n<ul>\n<li>28.3\" h x 56.1\" w x 32.6\" d (72x142.6x82.8cm)</li>\n<li>28.3\" h x 63.4\" w x 32.6\" d (72x161x82.8cm)</li>\n<li>28.3\" h x 70.6\" w x 32.6\" d (72x179.4x82.8cm)</li>\n<li>28.3\" h x 70.6\" w x 36.2\" d (72x179.4x92cm)</li>\n</ul>\n<h4>Material</h4>\n<p>Steel frame, inlaid marble</p>",
  "sku": "BYI-BK-DNG-TBL-56X32-WHI",
  "active": true,
  "meta_title": "BK Dining Table | Buy By Interiors online at A+R",
  "price": 2815,
  "currency": "USD",
  "type": "physical",
  "delivery": "shipment",
  "date_created": "2024-04-03T15:46:42.843Z",
  "stock_status": null,
  "date_updated": "2024-04-03T15:46:43.211Z",
  "prices": [],
  "purchase_options": {
    "standard": {
      "active": true,
      "price": 2815,
      "prices": []
    }
  },
  "images": [
    {
      "file": {
        "id": "660d79e37c1cc30012892251",
        "date_uploaded": "2024-04-03T15:46:43.063Z",
        "length": 157848,
        "md5": "177cf3e99a9baa636c02b0ae6229c56a",
        "filename": "Untitled-2_355b5159-d22e-4856-b81a-0245794700e7.jpg?v=1643860303",
        "content_type": "image/jpeg",
        "url": "https://cdn.swell.store/b2sdemo_test/660d79e37c1cc30012892251/177cf3e99a9baa636c02b0ae6229c56a/Untitled-2_355b5159-d22e-4856-b81a-0245794700e7.jpg%3Fv%3D1643860303",
        "uploaded_url": "https://cdn.shopify.com/s/files/1/0012/2005/1002/products/Untitled-2_355b5159-d22e-4856-b81a-0245794700e7.jpg?v=1643860303",
        "width": 2500,
        "height": 2500
      },
      "id": "660d79e3695d9d0013f548c9"
    }
  ],
  "id": "660d79e2fa9b03001262e310",
  "variants": {
    "count": 0,
    "page_count": 1,
    "page": 1,
    "results": []
  },
  "filename": "by-interiors-bk-dining-table"
}