{
  "slug": "cvl-gamma-suspension-lights",
  "name": "Gamma Suspension Lights",
  "description": "<h2>Description</h2>\n<!-- split -->\n<p class=\"lead\">CVL's luxury lighting system Gamma runs the gamut of suspension models from a compact pendant to a grand circular chandelier. Belgian designer Sylvain Willenz conceived the versatile union of vertical metal tubes and luminous opal LED cylinders that includes a larger wavy suspension model as well as 2 sizes of the round feature light, both made possible by the supple, articulated-link engineering. Choose from a sophisticated selection of metals—brass, nickel, copper or graphite—in polished or matte finish.</p>\n<!-- split -->\n<h2>Specifications</h2>\n<!-- split -->\n<h4>Size</h4>\n<ul>\n<li>L5:\n<ul>\n<li>12.3\" h x 9.8\" w x 2.4\" d (31.3x25x6cm)</li>\n<li>Canopy: 2\" h (5cm)</li>\n</ul>\n</li>\n<li>L19:\n<ul>\n<li>12.3\" h x 37.4\" w x 16.3\" d (31.3x95x41.5cm)</li>\n<li>Canopy: 2\" h x 2.4\" w x 9.8\" d (5x6x25cm)</li>\n</ul>\n</li>\n<li>R40:\n<ul>\n<li>12.3\" h x 27.2\" dia (31.3x69cm)</li>\n</ul>\n</li>\n<li>R58:<br>\n<ul>\n<li>12.3\" h x 38.6\" dia (31.3x98cm)</li>\n</ul>\n</li>\n<li>Canopy: 2\" h x 2.4\" w (5x6cm)</li>\n<li>Shade: 2\" dia (5cm)</li>\n<li>Cord lenght: 78.7\" (200cm)</li>\n</ul>\n<h4>Material</h4>\n<p>Metal, polycarbonate</p>\n<h4>Technical</h4>\n<ul>\n<li>Color temperature: 2700K</li>\n<li>Integrated LED</li>\n</ul>",
  "sku": "CVL-GAMM-PEN-L5-SB",
  "active": true,
  "meta_title": "Gamma Suspension Lights | Buy CVL online at A+R",
  "price": null,
  "currency": "USD",
  "type": "physical",
  "delivery": "shipment",
  "date_created": "2024-04-03T15:52:09.057Z",
  "stock_status": null,
  "date_updated": "2024-04-03T15:52:09.977Z",
  "prices": [],
  "purchase_options": {
    "standard": {
      "active": true,
      "price": null,
      "prices": []
    }
  },
  "images": [
    {
      "file": {
        "id": "660d7b297554440012ea098d",
        "date_uploaded": "2024-04-03T15:52:09.769Z",
        "length": 200060,
        "md5": "aa490f66ceb539d74c8a1bc25bf7c333",
        "filename": "DetoureeGAMMAR58LSretoucheok.jpg?v=1664951246",
        "content_type": "image/jpeg",
        "url": "https://cdn.swell.store/b2sdemo_test/660d7b297554440012ea098d/aa490f66ceb539d74c8a1bc25bf7c333/DetoureeGAMMAR58LSretoucheok.jpg%3Fv%3D1664951246",
        "uploaded_url": "https://cdn.shopify.com/s/files/1/0012/2005/1002/products/DetoureeGAMMAR58LSretoucheok.jpg?v=1664951246",
        "width": 2000,
        "height": 2000
      },
      "id": "660d7b29e6500f0012cd0e55"
    }
  ],
  "id": "660d7b29b54c690012109085",
  "variants": {
    "count": 0,
    "page_count": 1,
    "page": 1,
    "results": []
  },
  "filename": "cvl-gamma-suspension-lights"
}