{
  "slug": "ferm-living-sekki-coffee-pot",
  "name": "Sekki Coffee Pot",
  "description": "<h2>Description</h2>\n<!-- split -->\n<p class=\"lead\"> </p>\n<!-- split -->\n<h2>Specifications</h2>\n<!-- split -->\n<h4>Size</h4>\n<p>6.1\" h x 4.3\" w x 6.1\" d (15.5x11x15.5cm)</p>\n<h4>Material</h4>\n<p>Stoneware, cream coloured glaze</p>",
  "sku": "FL-100588209",
  "active": true,
  "meta_title": "Sekki Coffee Pot | Buy Ferm Living online at A+R",
  "price": 35,
  "currency": "USD",
  "type": "physical",
  "delivery": "shipment",
  "date_created": "2024-04-03T15:48:13.974Z",
  "stock_status": null,
  "date_updated": "2024-04-03T15:48:14.054Z",
  "prices": [],
  "purchase_options": {
    "standard": {
      "active": true,
      "price": 35,
      "prices": []
    }
  },
  "id": "660d7a3d71be100012cc50cc",
  "variants": {
    "count": 0,
    "page_count": 1,
    "page": 1,
    "results": []
  },
  "filename": "ferm-living-sekki-coffee-pot"
}