{
  "slug": "ferm-living-dot-wallpaper",
  "name": "Dot Wallpaper",
  "description": "<h2>Description</h2>\n<!-- split -->\n<p class=\"lead\"> </p>\n<!-- split -->\n<h2>Specifications</h2>\n<!-- split -->\n<h4>Size</h4>\n<p>393.7\" h x 20.8\" w (1000x53cm)</p>\n<h4>Material</h4>\n<p>Printed on 150 g non-woven paper quality, waterbased colours</p>",
  "sku": "FL-110223303",
  "active": true,
  "meta_title": "Dot Wallpaper | Buy Ferm Living online at A+R",
  "price": 53,
  "currency": "USD",
  "type": "physical",
  "delivery": "shipment",
  "date_created": "2024-04-03T15:49:31.345Z",
  "stock_status": null,
  "date_updated": "2024-04-03T15:49:31.505Z",
  "prices": [],
  "purchase_options": {
    "standard": {
      "active": true,
      "price": 53,
      "prices": []
    }
  },
  "id": "660d7a8b0c0a98001209400f",
  "variants": {
    "count": 0,
    "page_count": 1,
    "page": 1,
    "results": []
  },
  "filename": "ferm-living-dot-wallpaper"
}