{
  "slug": "ferm-living-flow-plate",
  "name": "Flow Plate",
  "description": "<h2>Description</h2>\n<!-- split -->\n<p class=\"lead\"> </p>\n<!-- split -->\n<h2>Specifications</h2>\n<!-- split -->\n<h4>Size</h4>\n<ul>\n<li>Small: 0.59\" h x 5.9\" dia (1.5x15cm)</li>\n<li>Medium: 0.59\" h x 8.6\" dia (1.5x22cm)</li>\n</ul>\n<h4>Material</h4>\n<p>Glazed porcelain</p>",
  "sku": "FL-110246101",
  "active": true,
  "meta_title": "Flow Plate | Buy Ferm Living online at A+R",
  "price": 13,
  "currency": "USD",
  "type": "physical",
  "delivery": "shipment",
  "date_created": "2024-04-03T15:49:20.815Z",
  "stock_status": null,
  "date_updated": "2024-04-03T15:49:20.904Z",
  "prices": [],
  "purchase_options": {
    "standard": {
      "active": true,
      "price": 13,
      "prices": []
    }
  },
  "id": "660d7a8090abf000124fc755",
  "variants": {
    "count": 0,
    "page_count": 1,
    "page": 1,
    "results": []
  },
  "filename": "ferm-living-flow-plate"
}