{
  "slug": "ferm-living-amass-long-pile-rug",
  "name": "Amass Long Pile Rug",
  "description": "<h2>Description</h2>\n<!-- split -->\n<p class=\"lead\">Ferm Living's shaggy hand-tufted Amass keeps rooms cozy and toes toasty with its long-pile surface in 100% soft cotton. The square area rug also features chunky, braided fringes that accentuate its handcrafted expression. In a versatile neutral sand color, it's well-suited for use throughout the home and can be machine washed when needed.</p>\n<!-- split -->\n<h2>Specifications</h2>\n<!-- split -->\n<h4>Size</h4>\n<p>55.1\" l x 55.1\" w (140x140cm)</p>\n<h4>Material</h4>\n<p>100% cotton</p>",
  "sku": "FL-1104263402",
  "active": true,
  "meta_title": "Amass Long Pile Rug | Buy Ferm Living online at A+R",
  "price": 160,
  "currency": "USD",
  "type": "physical",
  "delivery": "shipment",
  "date_created": "2024-04-03T15:47:40.282Z",
  "stock_status": null,
  "date_updated": "2024-04-03T15:47:41.246Z",
  "prices": [],
  "purchase_options": {
    "standard": {
      "active": true,
      "price": 160,
      "prices": []
    }
  },
  "images": [
    {
      "file": {
        "id": "660d7a1dad75db0013047f86",
        "date_uploaded": "2024-04-03T15:47:41.133Z",
        "length": 325012,
        "md5": "7ee5a9a5795abf7fd9c9e6c4c68eeada",
        "filename": "fermLIVING-AmassLongPileRug-olive-pack_1_2b5bbbb2-94b5-4927-b951-24f7fa884e9f.jpg?v=1684132076",
        "content_type": "image/jpeg",
        "url": "https://cdn.swell.store/b2sdemo_test/660d7a1dad75db0013047f86/7ee5a9a5795abf7fd9c9e6c4c68eeada/fermLIVING-AmassLongPileRug-olive-pack_1_2b5bbbb2-94b5-4927-b951-24f7fa884e9f.jpg%3Fv%3D1684132076",
        "uploaded_url": "https://cdn.shopify.com/s/files/1/0012/2005/1002/files/fermLIVING-AmassLongPileRug-olive-pack_1_2b5bbbb2-94b5-4927-b951-24f7fa884e9f.jpg?v=1684132076",
        "width": 1500,
        "height": 1500
      },
      "id": "660d7a1d2a1fa5001173e9aa"
    }
  ],
  "id": "660d7a1ccea5e10012b89e00",
  "variants": {
    "count": 0,
    "page_count": 1,
    "page": 1,
    "results": []
  },
  "filename": "ferm-living-amass-long-pile-rug"
}