{
  "slug": "ferm-living-berg-ceramic-sculpture",
  "name": "Berg Ceramic Sculpture",
  "description": "<h2>Description</h2>\n<!-- split -->\n<p class=\"lead\"> </p>\n<!-- split -->\n<h2>Specifications</h2>\n<!-- split -->\n<h4>Size</h4>\n<ul>\n<li>High: 6.9\" h x 9.8\" w x 3.9\" d (17.5x25x10cm)</li>\n<li>Low: 3.1\" h x 13.8\" w x 3.1\" d (8x35x8cm)</li>\n</ul>\n<h4>Material</h4>\n<p>Glazed stoneware</p>",
  "sku": "FL-110132101",
  "active": true,
  "meta_title": "Berg Ceramic Sculpture | Buy Ferm Living online at A+R",
  "price": 63,
  "currency": "USD",
  "type": "physical",
  "delivery": "shipment",
  "date_created": "2024-04-03T15:49:56.811Z",
  "stock_status": null,
  "date_updated": "2024-04-03T15:49:57.223Z",
  "prices": [],
  "purchase_options": {
    "standard": {
      "active": true,
      "price": 63,
      "prices": []
    }
  },
  "images": [
    {
      "file": {
        "id": "660d7aa52fdde70012129141",
        "date_uploaded": "2024-04-03T15:49:57.133Z",
        "length": 159428,
        "md5": "c0236ba5a6f4adf12cc35d546b5940cd",
        "filename": "110132101_1.jpg?v=1620274882",
        "content_type": "image/jpeg",
        "url": "https://cdn.swell.store/b2sdemo_test/660d7aa52fdde70012129141/c0236ba5a6f4adf12cc35d546b5940cd/110132101_1.jpg%3Fv%3D1620274882",
        "uploaded_url": "https://cdn.shopify.com/s/files/1/0012/2005/1002/products/110132101_1.jpg?v=1620274882",
        "width": 3498,
        "height": 3498
      },
      "id": "660d7aa52a1fa5001173eb5c"
    }
  ],
  "id": "660d7aa47737200012ce1559",
  "variants": {
    "count": 0,
    "page_count": 1,
    "page": 1,
    "results": []
  },
  "filename": "ferm-living-berg-ceramic-sculpture"
}