{
  "slug": "fl-fabrics-cotton-linen",
  "name": "Cotton Linen",
  "description": "<p>Composition: 60% Cotton, 40% Linen, Durability: 24.000 Martindale</p>",
  "sku": "Cot-Lin",
  "active": true,
  "meta_title": "Cotton Linen | Buy FL Fabrics online at A+R",
  "price": null,
  "currency": "USD",
  "type": "physical",
  "delivery": "shipment",
  "date_created": "2024-04-03T15:47:15.998Z",
  "stock_status": null,
  "date_updated": "2024-04-03T15:47:16.607Z",
  "prices": [],
  "purchase_options": {
    "standard": {
      "active": true,
      "price": null,
      "prices": []
    }
  },
  "images": [
    {
      "file": {
        "id": "660d7a04a755dd001254228d",
        "date_uploaded": "2024-04-03T15:47:16.507Z",
        "length": 4400,
        "md5": "278f7e9a38a3e33c93c1d8fef7efaa1c",
        "filename": "image_958f8fc5-152c-4d85-ad1b-9430c5265847.jpg?v=1620888938",
        "content_type": "image/jpeg",
        "url": "https://cdn.swell.store/b2sdemo_test/660d7a04a755dd001254228d/278f7e9a38a3e33c93c1d8fef7efaa1c/image_958f8fc5-152c-4d85-ad1b-9430c5265847.jpg%3Fv%3D1620888938",
        "uploaded_url": "https://cdn.shopify.com/s/files/1/0012/2005/1002/products/image_958f8fc5-152c-4d85-ad1b-9430c5265847.jpg?v=1620888938",
        "width": 192,
        "height": 192
      },
      "id": "660d7a040c0a980012093e6c"
    }
  ],
  "id": "660d7a03d739ac0012d7d8d9",
  "variants": {
    "count": 0,
    "page_count": 1,
    "page": 1,
    "results": []
  },
  "filename": "fl-fabrics-cotton-linen"
}