{
  "slug": "gabriel-stocked-tempt-61168",
  "name": "Tempt 61168",
  "description": "<p>Composition: 100% Polyester, Durability: 90.000 Martindale, Lightfastness: 5-8, Sustainability: Oeko-Tex, 100% free of heavy metals</p>",
  "sku": "Tempt-61168",
  "active": true,
  "meta_title": "Tempt 61168 | Buy Gabriel online at A+R",
  "price": null,
  "currency": "USD",
  "type": "physical",
  "delivery": "shipment",
  "date_created": "2024-04-03T15:45:04.244Z",
  "stock_status": null,
  "date_updated": "2024-04-03T15:45:04.651Z",
  "prices": [],
  "purchase_options": {
    "standard": {
      "active": true,
      "price": null,
      "prices": []
    }
  },
  "images": [
    {
      "file": {
        "id": "660d79809ca7260012fc3cdd",
        "date_uploaded": "2024-04-03T15:45:04.546Z",
        "length": 12240,
        "md5": "253a73cb551a7675e9399d9f5e042cf3",
        "filename": "Gabriel_Tempt_61168_bf825297-4fce-44a3-8346-0183527ec98d.jpg?v=1622206253",
        "content_type": "image/jpeg",
        "url": "https://cdn.swell.store/b2sdemo_test/660d79809ca7260012fc3cdd/253a73cb551a7675e9399d9f5e042cf3/Gabriel_Tempt_61168_bf825297-4fce-44a3-8346-0183527ec98d.jpg%3Fv%3D1622206253",
        "uploaded_url": "https://cdn.shopify.com/s/files/1/0012/2005/1002/products/Gabriel_Tempt_61168_bf825297-4fce-44a3-8346-0183527ec98d.jpg?v=1622206253",
        "width": 192,
        "height": 192
      },
      "id": "660d79809ca7260012fc3ce1"
    }
  ],
  "id": "660d7980fed0770012a5ae00",
  "variants": {
    "count": 0,
    "page_count": 1,
    "page": 1,
    "results": []
  },
  "filename": "gabriel-stocked-tempt-61168"
}