{
  "slug": "gubi-epic-dining-table-elliptical",
  "name": "Epic Dining Table: Elliptical",
  "description": "<h2>Description</h2>\n<!-- split -->\n<p class=\"lead\">For larger gatherings, Gubi’s elliptical version of Epic extends its monolithic character with double columns supporting a generous oval tabletop. In league with design studio GamFratesi, the sculptural piece is completely fashioned in travertine to emphasize the honesty of the natural material and its unique patina. Made in Italy, the individual pieces of stone are selected for the strength of the veining and striations, giving each table its own unique beauty.</p>\n<!-- split -->\n<h2>Specifications</h2>\n<!-- split -->\n<h4>Size</h4>\n<p>29.1\" h x 94.5\" w x 47.2\" d (74x240x120cm)</p>\n<h4>Material</h4>\n<p>Travertine stone</p>",
  "sku": "GUB-10059274",
  "active": true,
  "meta_title": "Epic Dining Table: Elliptical | Buy Gubi online at A+R",
  "price": 5500,
  "currency": "USD",
  "type": "physical",
  "delivery": "shipment",
  "date_created": "2024-04-03T15:47:52.759Z",
  "stock_status": null,
  "date_updated": "2024-04-03T15:47:53.159Z",
  "prices": [],
  "purchase_options": {
    "standard": {
      "active": true,
      "price": 5500,
      "prices": []
    }
  },
  "images": [
    {
      "file": {
        "id": "660d7a296d7d770012a02f2b",
        "date_uploaded": "2024-04-03T15:47:53.066Z",
        "length": 163932,
        "md5": "c50cbfad4071e40c6ce5dd531762a680",
        "filename": "NewProject01_1_24974769-ebd4-459b-8685-2410ef564f1e.jpg?v=1706004536",
        "content_type": "image/jpeg",
        "url": "https://cdn.swell.store/b2sdemo_test/660d7a296d7d770012a02f2b/c50cbfad4071e40c6ce5dd531762a680/NewProject01_1_24974769-ebd4-459b-8685-2410ef564f1e.jpg%3Fv%3D1706004536",
        "uploaded_url": "https://cdn.shopify.com/s/files/1/0012/2005/1002/files/NewProject01_1_24974769-ebd4-459b-8685-2410ef564f1e.jpg?v=1706004536",
        "width": 4000,
        "height": 4000
      },
      "id": "660d7a29f428300012b10ba8"
    }
  ],
  "id": "660d7a28aac09e00123ad7ba",
  "variants": {
    "count": 0,
    "page_count": 1,
    "page": 1,
    "results": []
  },
  "filename": "gubi-epic-dining-table-elliptical"
}