{
  "slug": "karakter-side-table-no-2",
  "name": "Side Table No. 2",
  "description": "<h2>Description</h2>\n<!-- split -->\n<p class=\"lead\">For Karakter’s side table, Swiss design duo Dominic Plueer and Olivier Smitt make a striking turn by placing the 2 base trestles at right angles instead of the usual side-by-side. Repeating the double motif, it has a thick slab tabletop, broken up by a pair of bulbous curves on the underside where the rigid trestles are joined. Intriguing from any view, No. 2’s stark profile rendered in black stained and lacquered wood challenges typical notions of shape, form and function.<br data-mce-fragment=\"1\"></p>\n<!-- split -->\n<h2>Specifications</h2>\n<!-- split -->\n<h4>Size</h4>\n<p>17.7\" h x 15.4\" w x 15.7\" d (45x39x40cm)</p>\n<h4>Material</h4>\n<p>Polyurethane</p>",
  "sku": "KAR-200419",
  "active": true,
  "meta_title": "Side Table No. 2 | Buy Karakter online at A+R",
  "price": 2298,
  "currency": "USD",
  "type": "physical",
  "delivery": "shipment",
  "date_created": "2024-04-03T15:50:17.788Z",
  "stock_status": null,
  "date_updated": "2024-04-03T15:50:19.246Z",
  "prices": [],
  "purchase_options": {
    "standard": {
      "active": true,
      "price": 2298,
      "prices": []
    }
  },
  "images": [
    {
      "file": {
        "id": "660d7abbdefd8a001263cff3",
        "date_uploaded": "2024-04-03T15:50:19.152Z",
        "length": 303500,
        "md5": "31accf93f0d2416c849e6d340fd00161",
        "filename": "SideTableNo2Pack01.jpg?v=1652961065",
        "content_type": "image/jpeg",
        "url": "https://cdn.swell.store/b2sdemo_test/660d7abbdefd8a001263cff3/31accf93f0d2416c849e6d340fd00161/SideTableNo2Pack01.jpg%3Fv%3D1652961065",
        "uploaded_url": "https://cdn.shopify.com/s/files/1/0012/2005/1002/products/SideTableNo2Pack01.jpg?v=1652961065",
        "width": 4000,
        "height": 4000
      },
      "id": "660d7abb090897001217cd7e"
    }
  ],
  "id": "660d7ab97737200012ce158c",
  "variants": {
    "count": 0,
    "page_count": 1,
    "page": 1,
    "results": []
  },
  "filename": "karakter-side-table-no-2"
}