{
  "slug": "karimoku-case-kinuta-sofa-2-seater-a-s01",
  "name": "Kinuta Sofa: 2 Seater A-S01",
  "description": "<h2>Description</h2>\n<!-- split -->\n<p class=\"lead\">In a 2-seater version acclimated to smaller living spaces, Karimoku Case embodies the tailored but laid-back spirit of its Kinuta collection. Copenhagen’s Norm Architects collaborated on the design, first intended for the renovation of Tokyo's '80s-era Kinuta Terrace apartments built on an open courtyard. Underscoring that connection with nature, the sofa features a warm oak structure while its low height adds to a feeling of airy spaciousness. </p>\n<!-- split -->\n<h2>Specifications</h2>\n<!-- split -->\n<h4>Size</h4>\n<ul>\n<li>27\" h x 70.9\" w x 38.2\" d (68.5x180x97cm)</li>\n<li>Seat height: 16.1\" (41cm)</li>\n<li>Arm height: 21.3\" (54cm)</li>\n</ul>\n<h4>Material</h4>\n<p>Oak</p>\n<h4>Details</h4>\n<p>Upholstery</p>\n<ul>\n<li>Steelcut Trio 3</li>\n<li>Hallingdal 65</li>\n<li>Vidar 4</li>\n<li>Coda 2</li>\n<li>Maple</li>\n<li>Moss</li>\n<li>COM and COL are available on request</li>\n</ul>",
  "sku": "KCS-U32403-E-ST3",
  "active": true,
  "meta_title": "Kinuta Sofa: 2 Seater A-S01 | Buy Karimoku Case online at A+R",
  "price": 3278,
  "currency": "USD",
  "type": "physical",
  "delivery": "shipment",
  "date_created": "2024-04-03T15:52:55.813Z",
  "stock_status": null,
  "date_updated": "2024-04-03T15:52:56.512Z",
  "prices": [],
  "purchase_options": {
    "standard": {
      "active": true,
      "price": 3278,
      "prices": []
    }
  },
  "images": [
    {
      "file": {
        "id": "660d7b589ca7260012fc4229",
        "date_uploaded": "2024-04-03T15:52:56.407Z",
        "length": 106780,
        "md5": "d125e8982a6b1b5e29deb2ca9349c9be",
        "filename": "63756_f_a56c6668-459f-4a76-b961-08cb0192f164_1.jpg?v=1682596469",
        "content_type": "image/jpeg",
        "url": "https://cdn.swell.store/b2sdemo_test/660d7b589ca7260012fc4229/d125e8982a6b1b5e29deb2ca9349c9be/63756_f_a56c6668-459f-4a76-b961-08cb0192f164_1.jpg%3Fv%3D1682596469",
        "uploaded_url": "https://cdn.shopify.com/s/files/1/0012/2005/1002/files/63756_f_a56c6668-459f-4a76-b961-08cb0192f164_1.jpg?v=1682596469",
        "width": 2000,
        "height": 2000
      },
      "id": "660d7b5894abc90012e1b3bb"
    }
  ],
  "id": "660d7b57defd8a001263d1ae",
  "variants": {
    "count": 0,
    "page_count": 1,
    "page": 1,
    "results": []
  },
  "filename": "karimoku-case-kinuta-sofa-2-seater-a-s01"
}