{
  "slug": "kirkby-design-smooth",
  "name": "Smooth",
  "description": "<p>Composition: 100% PL, Durability: 100,000 Martindale</p>",
  "sku": "SMO-K5000/65",
  "active": true,
  "meta_title": "Smooth | Buy Kirkby Design online at A+R",
  "price": null,
  "currency": "USD",
  "type": "physical",
  "delivery": "shipment",
  "date_created": "2024-04-03T15:45:36.357Z",
  "stock_status": null,
  "date_updated": "2024-04-03T15:45:36.793Z",
  "prices": [],
  "purchase_options": {
    "standard": {
      "active": true,
      "price": null,
      "prices": []
    }
  },
  "images": [
    {
      "file": {
        "id": "660d79a06d7d770012a02dcb",
        "date_uploaded": "2024-04-03T15:45:36.699Z",
        "length": 756,
        "md5": "0c4a026449bffecc0b498e9f73e4ba25",
        "filename": "K5000-01-smooth-jasmine-white_01.jpg?v=1621838429",
        "content_type": "image/jpeg",
        "url": "https://cdn.swell.store/b2sdemo_test/660d79a06d7d770012a02dcb/0c4a026449bffecc0b498e9f73e4ba25/K5000-01-smooth-jasmine-white_01.jpg%3Fv%3D1621838429",
        "uploaded_url": "https://cdn.shopify.com/s/files/1/0012/2005/1002/products/K5000-01-smooth-jasmine-white_01.jpg?v=1621838429",
        "width": 192,
        "height": 192
      },
      "id": "660d79a0090897001217c914"
    }
  ],
  "id": "660d79a0fed0770012a5ae5b",
  "variants": {
    "count": 0,
    "page_count": 1,
    "page": 1,
    "results": []
  },
  "filename": "kirkby-design-smooth"
}