{
  "slug": "lambert-fils-clark-table-lamp",
  "name": "Clark Table Lamp",
  "description": "<h2>Description</h2>\n<!-- split -->\n<p class=\"lead\">This asymmetrically tented table light features a metal shade that rests on a geometric base—the whole a study in intriguing angles. In either polished brass or powder-coated aluminum, Clark is impressively anchored by a solid block of natural marble. A milk glass tube provides warmly diffused LED illumination from the lamp, which is handcrafted at the Montreal atelier of maker Lambert &amp; Fils. </p>\n<!-- split -->\n<h2>Specifications</h2>\n<!-- split -->\n<h4>Size</h4>\n<ul>\n<li>18.1\" h x 9.8\" d (46x25cm)</li>\n<li>Cord length: 96.1\" (244cm)</li>\n</ul>\n<h4>Material</h4>\n<p>Polished brass or powder-coated aluminum, marble, nylon</p>\n<h4>Technical</h4>\n<ul>\n<li>UL Listed</li>\n<li>G9</li>\n<li>Color temperature: 2700K, 3000K</li>\n<li>Dimmable<br>\n</li>\n<li>Bulb included</li>\n</ul>\n<ul></ul>",
  "sku": "LAM-CLA01BRBK",
  "active": true,
  "meta_title": "Clark Table Lamp | Buy Lambert & Fils online at A+R",
  "price": 678,
  "currency": "USD",
  "type": "physical",
  "delivery": "shipment",
  "date_created": "2024-04-03T15:53:41.364Z",
  "stock_status": null,
  "date_updated": "2024-04-03T15:53:42.012Z",
  "prices": [],
  "purchase_options": {
    "standard": {
      "active": true,
      "price": 678,
      "prices": []
    }
  },
  "images": [
    {
      "file": {
        "id": "660d7b85f47eef0012a1c1ec",
        "date_uploaded": "2024-04-03T15:53:41.915Z",
        "length": 87168,
        "md5": "c35a416042b4747d48ca36adba4c71f3",
        "filename": "CLA01BR_01_1_ed96b118-fd64-4a8a-896b-d9ffda005142.jpg?v=1703849207",
        "content_type": "image/jpeg",
        "url": "https://cdn.swell.store/b2sdemo_test/660d7b85f47eef0012a1c1ec/c35a416042b4747d48ca36adba4c71f3/CLA01BR_01_1_ed96b118-fd64-4a8a-896b-d9ffda005142.jpg%3Fv%3D1703849207",
        "uploaded_url": "https://cdn.shopify.com/s/files/1/0012/2005/1002/files/CLA01BR_01_1_ed96b118-fd64-4a8a-896b-d9ffda005142.jpg?v=1703849207",
        "width": 2000,
        "height": 2000
      },
      "id": "660d7b862e54070012d289f2"
    }
  ],
  "id": "660d7b85aac09e00123add6a",
  "variants": {
    "count": 0,
    "page_count": 1,
    "page": 1,
    "results": []
  },
  "filename": "lambert-fils-clark-table-lamp"
}