{
  "slug": "lambert-fils-beaubien-06-suspension-lamp",
  "name": "Beaubien 06 Suspension Lamp",
  "description": "<h2>Description</h2>\n<!-- split -->\n<p class=\"lead\">Beaubien 06, like its sibling suspension lamps, reorients the collection’s graphic twisting motif in an attractively extended linear formation. Accented by brass fittings, the milky glass globes are arrayed upwards and down in a rich material contrast with the powder-coated rods. Varied sizes of the lights provide scattered points of illumination as well as visual aplomb in this Lambert &amp; Fils standout, completely handmade at the brand's Montreal atelier.</p>\n<!-- split -->\n<h2>Specifications</h2>\n<!-- split -->\n<h4>Size</h4>\n<p>31.1\" h x 85.8\" w x 29.1\" d (79x218x74cm)</p>\n<h4>Material</h4>\n<p>Powder-coated steel or aluminum, brass, frosted milk glass globes</p>\n<h4>Technical</h4>\n<ul>\n<li>UL Listed</li>\n<li>G9</li>\n<li>Color temperature: 2700K, 3000K</li>\n<li>Bulb included</li>\n</ul>\n<ul></ul>",
  "sku": "LAM-BEA06BKBR",
  "active": true,
  "meta_title": "Beaubien 06 Suspension Lamp | Buy Lambert & Fils online at A+R",
  "price": 3588,
  "currency": "USD",
  "type": "physical",
  "delivery": "shipment",
  "date_created": "2024-04-03T15:52:35.382Z",
  "stock_status": null,
  "date_updated": "2024-04-03T15:52:39.020Z",
  "prices": [],
  "purchase_options": {
    "standard": {
      "active": true,
      "price": 3588,
      "prices": []
    }
  },
  "images": [
    {
      "file": {
        "id": "660d7b43b3cdeb00121b4bac",
        "date_uploaded": "2024-04-03T15:52:35.668Z",
        "length": 97140,
        "md5": "ea919f0ff0e8b211ac4ad8e10778100e",
        "filename": "BEA06BKBR_1-1300x1300_1_1_e28429ef-9fb4-4aae-af20-207d9d6d5cac.jpg?v=1685969734",
        "content_type": "image/jpeg",
        "url": "https://cdn.swell.store/b2sdemo_test/660d7b43b3cdeb00121b4bac/ea919f0ff0e8b211ac4ad8e10778100e/BEA06BKBR_1-1300x1300_1_1_e28429ef-9fb4-4aae-af20-207d9d6d5cac.jpg%3Fv%3D1685969734",
        "uploaded_url": "https://cdn.shopify.com/s/files/1/0012/2005/1002/files/BEA06BKBR_1-1300x1300_1_1_e28429ef-9fb4-4aae-af20-207d9d6d5cac.jpg?v=1685969734",
        "width": 2500,
        "height": 2500
      },
      "id": "660d7b479ca7260012fc41fb"
    }
  ],
  "id": "660d7b430c3c45001217deb7",
  "variants": {
    "count": 0,
    "page_count": 1,
    "page": 1,
    "results": []
  },
  "filename": "lambert-fils-beaubien-06-suspension-lamp"
}