{
  "slug": "lambert-fils-dot-table-lamp",
  "name": "Dot Table Lamp",
  "description": "<h2>Description</h2>\n<!-- split -->\n<p class=\"lead\">Bringing light to a sideboard or table, Lambert &amp; Fils juxtaposes a circular disc base with the Dot series’ signature round bulb motif. With a choice of gleaming brass or powder-coat finish, the lamp features a single milky glass globe to gently spread the LED illumination. A  study in versatility, the lamp is handmade at the lighting brand’s Montreal atelier. </p>\n<!-- split -->\n<h2>Specifications</h2>\n<!-- split -->\n<h4>Size</h4>\n<ul>\n<li>6.7\" h x 5.9\" dia (17x15cm)</li>\n<li>Cord length: 96.1\" (244cm)</li>\n</ul>\n<h4>Material</h4>\n<p>Brass or powder-coated steel, milk glass globe, vinyl</p>\n<h4>Technical</h4>\n<ul>\n<li>UL listed</li>\n<li>G9</li>\n<li>Color temperature: 2700K, 3000K</li>\n<li>Bulb included</li>\n</ul>\n<ul></ul>",
  "sku": "LAM-DOT04BRBK",
  "active": true,
  "meta_title": "Dot Table Lamp | Buy Lambert & Fils online at A+R",
  "price": 343,
  "currency": "USD",
  "type": "physical",
  "delivery": "shipment",
  "date_created": "2024-04-03T15:53:16.515Z",
  "stock_status": null,
  "date_updated": "2024-04-03T15:53:17.377Z",
  "prices": [],
  "purchase_options": {
    "standard": {
      "active": true,
      "price": 343,
      "prices": []
    }
  },
  "images": [
    {
      "file": {
        "id": "660d7b6daac09e00123add07",
        "date_uploaded": "2024-04-03T15:53:17.284Z",
        "length": 87768,
        "md5": "e44d5e3a48ac42076a607d18bb1087ef",
        "filename": "DOT04BR_2-1300x1300_76603cab-faac-47f3-afcf-9f73ec81cea5.jpg?v=1704274043",
        "content_type": "image/jpeg",
        "url": "https://cdn.swell.store/b2sdemo_test/660d7b6daac09e00123add07/e44d5e3a48ac42076a607d18bb1087ef/DOT04BR_2-1300x1300_76603cab-faac-47f3-afcf-9f73ec81cea5.jpg%3Fv%3D1704274043",
        "uploaded_url": "https://cdn.shopify.com/s/files/1/0012/2005/1002/files/DOT04BR_2-1300x1300_76603cab-faac-47f3-afcf-9f73ec81cea5.jpg?v=1704274043",
        "width": 3000,
        "height": 3000
      },
      "id": "660d7b6dd8e0560012e29de3"
    }
  ],
  "id": "660d7b6c03e0280012dc9a07",
  "variants": {
    "count": 0,
    "page_count": 1,
    "page": 1,
    "results": []
  },
  "filename": "lambert-fils-dot-table-lamp"
}