{
  "slug": "lambert-fils-laurent-10-pendant",
  "name": "Laurent 10 Pendant",
  "description": "<h2>Description</h2>\n<!-- split -->\n<p class=\"lead\">The Laurent collection's signature handblown opaline globe goes solo in a pristine pendant. Resplendent with a top fitting in gleaming brass or a series of powder-coated colors with a hanging cord to match, the oversize milky glass orb glows with warm LED illumination. A subtle but impressive accent light in any setting, Lambert &amp; Fils' design is handmade at the brand's Montreal atelier.    </p>\n<!-- split -->\n<h2>Specifications</h2>\n<!-- split -->\n<h4>Size</h4>\n<ul>\n<li>Shade: 5.5\" dia (14cm)</li>\n<li>Canopy: 2\" h (5cm)</li>\n<li>Cord length: 83.9\" (213cm)</li>\n</ul>\n<h4>Material</h4>\n<p>Powder-coated aluminum or brass, handblown opaline glass globe, polyester</p>\n<h4>Technical</h4>\n<ul>\n<li>UL Listed</li>\n<li>G9</li>\n<li>Color temperature: 2700K, 3000K</li>\n<li>Dimmable</li>\n<li>Bulb included</li>\n</ul>",
  "sku": "LAM-LRT10BKBK",
  "active": true,
  "meta_title": "Laurent 10 Pendant | Buy Lambert & Fils online at A+R",
  "price": 323,
  "currency": "USD",
  "type": "physical",
  "delivery": "shipment",
  "date_created": "2024-04-03T15:53:50.689Z",
  "stock_status": null,
  "date_updated": "2024-04-03T15:53:51.201Z",
  "prices": [],
  "purchase_options": {
    "standard": {
      "active": true,
      "price": 323,
      "prices": []
    }
  },
  "images": [
    {
      "file": {
        "id": "660d7b8f50290a0012705c5d",
        "date_uploaded": "2024-04-03T15:53:51.119Z",
        "length": 30296,
        "md5": "1d03ff73068bf627583bf754b3a80af4",
        "filename": "LRT10SA_c46493b1-3375-4000-b695-1993f3456ac9.jpg?v=1704692145",
        "content_type": "image/jpeg",
        "url": "https://cdn.swell.store/b2sdemo_test/660d7b8f50290a0012705c5d/1d03ff73068bf627583bf754b3a80af4/LRT10SA_c46493b1-3375-4000-b695-1993f3456ac9.jpg%3Fv%3D1704692145",
        "uploaded_url": "https://cdn.shopify.com/s/files/1/0012/2005/1002/files/LRT10SA_c46493b1-3375-4000-b695-1993f3456ac9.jpg?v=1704692145",
        "width": 2000,
        "height": 2000
      },
      "id": "660d7b8f90abf000124fca7e"
    }
  ],
  "id": "660d7b8e02c402001259484f",
  "variants": {
    "count": 0,
    "page_count": 1,
    "page": 1,
    "results": []
  },
  "filename": "lambert-fils-laurent-10-pendant"
}