{
  "slug": "muuto-soft-side-table-quick-ship",
  "name": "Soft Side Table - Quick Ship",
  "description": "<h2>Description</h2>\n<!-- split -->\n<p class=\"lead\">Leading Swedish designer Jens Fager is thinking long but not hard with his side table that employs a graceful beveled edge on the rounded top and a gently proportioned base. Soft turns down the volume with a palette of muted Nordic colors for the powder-coated steel structure and matching laminate surface. Muuto's table is also available with a natural or smoked solid-oak top and comes in a choice of heights and sizes to complement any space.</p>\n<!-- split -->\n<h2>Specifications</h2>\n<!-- split -->\n<h4>Size</h4>\n<ul>\n<li>Small\n<ul>\n<li>Low: 15.7\" h x 16.1\" dia (40x41cm)</li>\n<li>High: 18.9\" h x 16.1\" dia (48x41cm)</li>\n</ul>\n</li>\n<li>Large\n<ul>\n<li>Low: 15.7\" h x 18.9\" dia (40x48cm)</li>\n<li>High: 18.9\" h x 18.9\" dia (48x48cm)</li>\n</ul>\n</li>\n</ul>\n<h4>Material</h4>\n<p>Powder-coated or die-casted aluminum, linoleum, oak, MDF, laminate</p>\n<h4>Details</h4>\n<p>Made in Denmark</p>",
  "sku": "MUU-MSFTSTO1616L-DGRN-DGRN",
  "active": true,
  "meta_title": "Soft Side Table - Quick Ship | Buy Muuto online at A+R",
  "price": 258,
  "currency": "USD",
  "type": "physical",
  "delivery": "shipment",
  "date_created": "2024-04-03T15:45:34.823Z",
  "stock_status": null,
  "date_updated": "2024-04-03T15:45:35.883Z",
  "prices": [],
  "purchase_options": {
    "standard": {
      "active": true,
      "price": 258,
      "prices": []
    }
  },
  "images": [
    {
      "file": {
        "id": "660d799f090897001217c90f",
        "date_uploaded": "2024-04-03T15:45:35.800Z",
        "length": 112564,
        "md5": "ceb8bfc654f8701701b5305adb44e17b",
        "filename": "Soft-side-table-o48-h48-orange-Muuto-5000x5000-hi-res__150_30abc552-23f9-49d1-a8d1-a704c79e04f9.jpg?v=1675070673",
        "content_type": "image/jpeg",
        "url": "https://cdn.swell.store/b2sdemo_test/660d799f090897001217c90f/ceb8bfc654f8701701b5305adb44e17b/Soft-side-table-o48-h48-orange-Muuto-5000x5000-hi-res__150_30abc552-23f9-49d1-a8d1-a704c79e04f9.jpg%3Fv%3D1675070673",
        "uploaded_url": "https://cdn.shopify.com/s/files/1/0012/2005/1002/products/Soft-side-table-o48-h48-orange-Muuto-5000x5000-hi-res__150_30abc552-23f9-49d1-a8d1-a704c79e04f9.jpg?v=1675070673",
        "width": 3000,
        "height": 3000
      },
      "id": "660d799fbe2c5900123d219a"
    }
  ],
  "id": "660d799ebe2c5900123d2180",
  "variants": {
    "count": 0,
    "page_count": 1,
    "page": 1,
    "results": []
  },
  "filename": "muuto-soft-side-table-quick-ship"
}