{
  "slug": "normann-copenhagen-lunar-coffee-table",
  "name": "Lunar Coffee Table",
  "description": "<h2>Description</h2>\n<!-- split -->\n<p class=\"lead\">Named for its full-moon tabletop, designer Simon Legald’s graceful Lunar makes a striking coffee or side table individually or the varied heights can be clustered together for a uniquely personal arrangement. The round surface is available in several gorgeous Italian marble varieties as well as honey-toned or black oak. Sophisticated and timeless, it also features a sleek pedestal with an X-base in polished or black-lacquered aluminum.</p>\n<!-- split -->\n<h2>Specifications</h2>\n<!-- split -->\n<h4>Size</h4>\n<ul>\n<li>17.7\" h x 23.6\" dia (45x60cm)</li>\n<li>15.7\" h x 27.6\" dia (40x70cm)</li>\n</ul>\n<h4>Material</h4>\n<p>Oak veneer or marble, powder-coated aluminum</p>\n<h4>Details</h4>\n<p>Made in Denmark</p>",
  "sku": "NOR-604166-OAK",
  "active": true,
  "meta_title": "Lunar Coffee Table | Buy Normann Copenhagen online at A+R",
  "price": 358,
  "currency": "USD",
  "type": "physical",
  "delivery": "shipment",
  "date_created": "2024-04-03T15:43:58.238Z",
  "stock_status": null,
  "date_updated": "2024-04-03T15:43:58.791Z",
  "prices": [],
  "purchase_options": {
    "standard": {
      "active": true,
      "price": 358,
      "prices": []
    }
  },
  "images": [
    {
      "file": {
        "id": "660d793ec49d970012f8b58d",
        "date_uploaded": "2024-04-03T15:43:58.712Z",
        "length": 176980,
        "md5": "aaea731960eb4dff78c86ca1a83b48c1",
        "filename": "604160_Lunar_Coffee_Table_Black_Alu_H45_0cm_Oak_01.jpg?v=1706786091",
        "content_type": "image/jpeg",
        "url": "https://cdn.swell.store/b2sdemo_test/660d793ec49d970012f8b58d/aaea731960eb4dff78c86ca1a83b48c1/604160_Lunar_Coffee_Table_Black_Alu_H45_0cm_Oak_01.jpg%3Fv%3D1706786091",
        "uploaded_url": "https://cdn.shopify.com/s/files/1/0012/2005/1002/files/604160_Lunar_Coffee_Table_Black_Alu_H45_0cm_Oak_01.jpg?v=1706786091",
        "width": 3580,
        "height": 3580
      },
      "id": "660d793ebe2c5900123d1e75"
    }
  ],
  "id": "660d793e4b5e460012294880",
  "variants": {
    "count": 0,
    "page_count": 1,
    "page": 1,
    "results": []
  },
  "filename": "normann-copenhagen-lunar-coffee-table"
}