{
  "slug": "romo-kota",
  "name": "Kota",
  "description": "<p>Composition: 75% CO, 25% PL, Durability: 60,000 Martindale</p>",
  "sku": "KOTA-7946/11",
  "active": true,
  "meta_title": "Kota | Buy Romo online at A+R",
  "price": null,
  "currency": "USD",
  "type": "physical",
  "delivery": "shipment",
  "date_created": "2024-04-03T15:45:41.698Z",
  "stock_status": null,
  "date_updated": "2024-04-03T15:45:42.305Z",
  "prices": [],
  "purchase_options": {
    "standard": {
      "active": true,
      "price": null,
      "prices": []
    }
  },
  "images": [
    {
      "file": {
        "id": "660d79a66148c40012ae84ed",
        "date_uploaded": "2024-04-03T15:45:42.134Z",
        "length": 5576,
        "md5": "483c51dc429403f051dec7376c2966ab",
        "filename": "7946-01-kota-briosca_03.jpg?v=1621838315",
        "content_type": "image/jpeg",
        "url": "https://cdn.swell.store/b2sdemo_test/660d79a66148c40012ae84ed/483c51dc429403f051dec7376c2966ab/7946-01-kota-briosca_03.jpg%3Fv%3D1621838315",
        "uploaded_url": "https://cdn.shopify.com/s/files/1/0012/2005/1002/products/7946-01-kota-briosca_03.jpg?v=1621838315",
        "width": 199,
        "height": 192
      },
      "id": "660d79a64b5e4600122949f8"
    }
  ],
  "id": "660d79a550290a00127056bd",
  "variants": {
    "count": 0,
    "page_count": 1,
    "page": 1,
    "results": []
  },
  "filename": "romo-kota"
}