{
  "slug": "sp01-royce-armchair-with-headrest",
  "name": "Royce Armchair with Headrest",
  "description": "<h2>Description</h2>\n<!-- split -->\n<p class=\"lead\">SP01’s sculptural armchair is a fusion of curves. From its sinuous metal frame to the arc of the wing-shaped shell and the tight radius of the headrest, there is not a hard line in sight. Though compact in size, Royce from Australian designer Nikolai Kotlarczyk exudes comfort with enveloping foam contours and a pitched silhouette resembling a bird about to take flight. Conceived in Australia and made in Italy, there is a choice of finishes for the steel tubing structure and upholstery in a range of fine fabrics and leathers.</p>\n<!-- split -->\n<h2>Specifications</h2>\n<!-- split -->\n<h4>Size</h4>\n<ul>\n<li>37.6\" h x 28.9\" w x 32.1\" d (95.5x73.5x81.5cm)</li>\n<li>Seat height: 17.5\" (44.5cm)</li>\n</ul>\n<h4>Material</h4>\n<p>Steel, polyurethane</p>\n<h4>Details</h4>\n<ul>\n<li>Category 10: Madrid</li>\n<li>Category 20: Barcelona, Cordoba, London, Palermo, Sydney</li>\n<li>Category 30: Adelaide, Cambridge, Florence, Kyoto</li>\n<li>Category 40: Copenhagen, Dubrovnik, Milan, Oslo, Siena</li>\n<li>Category O: Edinburgh</li>\n<li>Category A: Lisbon</li>\n<li>Category B: Antwerp</li>\n<li>COM and COL are available on request</li>\n</ul>",
  "sku": "SP01-ROAH-E02K-CAT-10",
  "active": true,
  "meta_title": "Royce Armchair with Headrest | Buy SP01 online at A+R",
  "price": 1390,
  "currency": "USD",
  "type": "physical",
  "delivery": "shipment",
  "date_created": "2024-04-03T15:51:10.160Z",
  "stock_status": null,
  "date_updated": "2024-04-03T15:51:11.825Z",
  "prices": [],
  "purchase_options": {
    "standard": {
      "active": true,
      "price": 1390,
      "prices": []
    }
  },
  "images": [
    {
      "file": {
        "id": "660d7aefa8c8430012ccb16f",
        "date_uploaded": "2024-04-03T15:51:11.736Z",
        "length": 545788,
        "md5": "4916eaa58e72884984c0b67be9e4e29b",
        "filename": "SP01-1-1copy.jpg?v=1644561282",
        "content_type": "image/jpeg",
        "url": "https://cdn.swell.store/b2sdemo_test/660d7aefa8c8430012ccb16f/4916eaa58e72884984c0b67be9e4e29b/SP01-1-1copy.jpg%3Fv%3D1644561282",
        "uploaded_url": "https://cdn.shopify.com/s/files/1/0012/2005/1002/products/SP01-1-1copy.jpg?v=1644561282",
        "width": 3916,
        "height": 3916
      },
      "id": "660d7aeffd60ae001252d5d8"
    }
  ],
  "id": "660d7aeed739ac0012d7db76",
  "variants": {
    "count": 0,
    "page_count": 1,
    "page": 1,
    "results": []
  },
  "filename": "sp01-royce-armchair-with-headrest"
}