{
  "slug": "sp01-copenhagen-sp01",
  "name": "Copenhagen(Sp01)",
  "description": "<p>Composition: 95%Virgin Wool, 5%Nylon/Polyamid, Durability: 100.000 Martindale </p>",
  "sku": "01D0029",
  "active": true,
  "meta_title": "Copenhagen(Sp01) | Buy Sp01 Fabrics online at A+R",
  "price": null,
  "currency": "USD",
  "type": "physical",
  "delivery": "shipment",
  "date_created": "2024-04-03T15:50:57.368Z",
  "stock_status": null,
  "date_updated": "2024-04-03T15:50:58.042Z",
  "prices": [],
  "purchase_options": {
    "standard": {
      "active": true,
      "price": null,
      "prices": []
    }
  },
  "images": [
    {
      "file": {
        "id": "660d7ae1f6775c0012b58596",
        "date_uploaded": "2024-04-03T15:50:57.713Z",
        "length": 8276,
        "md5": "5b2990ea203f9efe86bd151829b4e265",
        "filename": "Cop-Asphalt.jpg?v=1618999641",
        "content_type": "image/jpeg",
        "url": "https://cdn.swell.store/b2sdemo_test/660d7ae1f6775c0012b58596/5b2990ea203f9efe86bd151829b4e265/Cop-Asphalt.jpg%3Fv%3D1618999641",
        "uploaded_url": "https://cdn.shopify.com/s/files/1/0012/2005/1002/products/Cop-Asphalt.jpg?v=1618999641",
        "width": 192,
        "height": 192
      },
      "id": "660d7ae2f0952100120f5dd3"
    }
  ],
  "id": "660d7ae19ca7260012fc4069",
  "variants": {
    "count": 0,
    "page_count": 1,
    "page": 1,
    "results": []
  },
  "filename": "sp01-copenhagen-sp01"
}