{
  "slug": "vescom-lamu",
  "name": "Lamu",
  "description": "<p>Composition: 75% wool, 25% polyester, Durability: 100.000 Rubs martindale</p>",
  "sku": "LAM-7051.01",
  "active": true,
  "meta_title": "Lamu | Buy Vescom online at A+R",
  "price": null,
  "currency": "USD",
  "type": "physical",
  "delivery": "shipment",
  "date_created": "2024-04-03T15:45:49.105Z",
  "stock_status": null,
  "date_updated": "2024-04-03T15:45:49.494Z",
  "prices": [],
  "purchase_options": {
    "standard": {
      "active": true,
      "price": null,
      "prices": []
    }
  },
  "images": [
    {
      "file": {
        "id": "660d79adad75db0013047e19",
        "date_uploaded": "2024-04-03T15:45:49.397Z",
        "length": 14932,
        "md5": "20806f1faa78714fa758447a1a817c99",
        "filename": "7051.01_lowres.jpg?v=1621592441",
        "content_type": "image/jpeg",
        "url": "https://cdn.swell.store/b2sdemo_test/660d79adad75db0013047e19/20806f1faa78714fa758447a1a817c99/7051.01_lowres.jpg%3Fv%3D1621592441",
        "uploaded_url": "https://cdn.shopify.com/s/files/1/0012/2005/1002/products/7051.01_lowres.jpg?v=1621592441",
        "width": 192,
        "height": 192
      },
      "id": "660d79adb3cdeb00121b42f9"
    }
  ],
  "id": "660d79adaeb36c0012e04744",
  "variants": {
    "count": 0,
    "page_count": 1,
    "page": 1,
    "results": []
  },
  "filename": "vescom-lamu"
}