{
  "slug": "alessandrobini-spitfire",
  "name": "Spitfire",
  "description": "<p>Composition: 100% Trevira CS, Durability: 100.000 Martindale</p>",
  "sku": "Spitfire  3",
  "active": true,
  "meta_title": "Spitfire | Buy Alessandrobini online at A+R",
  "price": null,
  "currency": "USD",
  "type": "physical",
  "delivery": "shipment",
  "date_created": "2024-04-03T15:44:43.238Z",
  "stock_status": null,
  "date_updated": "2024-04-03T15:44:43.688Z",
  "prices": [],
  "purchase_options": {
    "standard": {
      "active": true,
      "price": null,
      "prices": []
    }
  },
  "images": [
    {
      "file": {
        "id": "660d796b96aae300122efcdc",
        "date_uploaded": "2024-04-03T15:44:43.604Z",
        "length": 3760,
        "md5": "852cb88f3052bd5bbe99d50881fd7a17",
        "filename": "img-standard-3103-standard.jpg?v=1622464877",
        "content_type": "image/jpeg",
        "url": "https://cdn.swell.store/b2sdemo_test/660d796b96aae300122efcdc/852cb88f3052bd5bbe99d50881fd7a17/img-standard-3103-standard.jpg%3Fv%3D1622464877",
        "uploaded_url": "https://cdn.shopify.com/s/files/1/0012/2005/1002/products/img-standard-3103-standard.jpg?v=1622464877",
        "width": 192,
        "height": 192
      },
      "id": "660d796b7c1cc30012892114"
    }
  ],
  "id": "660d796b0c3c45001217d911",
  "variants": {
    "count": 0,
    "page_count": 1,
    "page": 1,
    "results": []
  },
  "filename": "alessandrobini-spitfire"
}