{
  "slug": "by-interiors-suki-side-table",
  "name": "Suki Side Table",
  "description": "<h2>Description</h2>\n<!-- split -->\n<p class=\"lead\">Japanese designer Tomoyuki Sakakida's intriguing side table juxtaposes an asymmetrical T-shaped base with a flat swath of tabletop. With a name that refers to its carefully considered use of materials, Suki has an angular steel frame in a choice of brass-plate or black powder-coat finish. The respective top elements in variegated Towada stone or inky Urushi lacquer complement the pleasing spareness of the designer's deliberate choices.</p>\n<!-- split -->\n<h2>Specifications</h2>\n<!-- split -->\n<h4>Size</h4>\n<p>16.9\" h x 24.8\" w x 14.2\" d (43x63x<span data-mce-fragment=\"1\">36</span>cm)</p>\n<h4>Material</h4>\n<p>Plated steel, powder-coated steel</p>\n<h4>Details</h4>\n<p>Made in Japan</p>",
  "sku": "BYI-SUK-SID-TBL-TOW-STO-ANT-BRA",
  "active": true,
  "meta_title": "Suki Side Table | Buy By Interiors online at A+R",
  "price": 850,
  "currency": "USD",
  "type": "physical",
  "delivery": "shipment",
  "date_created": "2024-04-03T15:46:48.201Z",
  "stock_status": null,
  "date_updated": "2024-04-03T15:46:49.337Z",
  "prices": [],
  "purchase_options": {
    "standard": {
      "active": true,
      "price": 850,
      "prices": []
    }
  },
  "images": [
    {
      "file": {
        "id": "660d79e9f1f9e600129fdf18",
        "date_uploaded": "2024-04-03T15:46:49.250Z",
        "length": 151544,
        "md5": "a51d85543ca6efd7e5fbef5398594ebf",
        "filename": "sukisidetableblack.jpg?v=1621871970",
        "content_type": "image/jpeg",
        "url": "https://cdn.swell.store/b2sdemo_test/660d79e9f1f9e600129fdf18/a51d85543ca6efd7e5fbef5398594ebf/sukisidetableblack.jpg%3Fv%3D1621871970",
        "uploaded_url": "https://cdn.shopify.com/s/files/1/0012/2005/1002/products/sukisidetableblack.jpg?v=1621871970",
        "width": 4000,
        "height": 4000
      },
      "id": "660d79e924108c0012bf506b"
    }
  ],
  "id": "660d79e890abf000124fc596",
  "variants": {
    "count": 0,
    "page_count": 1,
    "page": 1,
    "results": []
  },
  "filename": "by-interiors-suki-side-table"
}