{
  "slug": "by-interiors-sweepy-chair",
  "name": "Sweepy Chair",
  "description": "<h2>Description</h2>\n<!-- split -->\n<p class=\"lead\">Sweepy lives up to its name with a backrest made from a single curve of solid ash and set in a squared-off frame. Available with or without arms, the seating comes in a natural finish or a trio of colors. Milan-based designer Kensaku Oshiro sets off the chair with an artisanal woven paper-cord seat for a comfortable resilience and tactile contrast.</p>\n<!-- split -->\n<h2>Specifications</h2>\n<!-- split -->\n<h4>Size</h4>\n<ul>\n<li>Without arm: 29.7\" h x 17.5\" w x 19.7\" d (75.5x44.5x50cm)</li>\n<li>With arm: 29.7\" h x 21.1\" w x 19.7\" d (75.5x53.5x50cm)</li>\n<li>Arm height: 24.6\" (62.5cm)</li>\n<li>Seat height: 17.3\" (44cm)</li>\n</ul>\n<h4>Material</h4>\n<p>Solid ash, paper cord, polyurethane foam</p>\n<h4>Details</h4>\n<p>Made in Japan</p>",
  "sku": "BYI-SWPY-CHR-NAT-ASH-BLK",
  "active": true,
  "meta_title": "Sweepy Chair | Buy By Interiors online at A+R",
  "price": 690,
  "currency": "USD",
  "type": "physical",
  "delivery": "shipment",
  "date_created": "2024-04-03T15:46:41.087Z",
  "stock_status": null,
  "date_updated": "2024-04-03T15:46:42.404Z",
  "prices": [],
  "purchase_options": {
    "standard": {
      "active": true,
      "price": 690,
      "prices": []
    }
  },
  "images": [
    {
      "file": {
        "id": "660d79e252715700129acdcf",
        "date_uploaded": "2024-04-03T15:46:42.310Z",
        "length": 466180,
        "md5": "e941f4f31df8ee8cb5fe7826b7dba4e2",
        "filename": "p0rhtAWA_1.jpg?v=1625249143",
        "content_type": "image/jpeg",
        "url": "https://cdn.swell.store/b2sdemo_test/660d79e252715700129acdcf/e941f4f31df8ee8cb5fe7826b7dba4e2/p0rhtAWA_1.jpg%3Fv%3D1625249143",
        "uploaded_url": "https://cdn.shopify.com/s/files/1/0012/2005/1002/products/p0rhtAWA_1.jpg?v=1625249143",
        "width": 4000,
        "height": 4000
      },
      "id": "660d79e290abf000124fc583"
    }
  ],
  "id": "660d79e0c3a01200123a8ab7",
  "variants": {
    "count": 0,
    "page_count": 1,
    "page": 1,
    "results": []
  },
  "filename": "by-interiors-sweepy-chair"
}