{
  "slug": "established-sons-grid-cafe-table",
  "name": "Grid Café Table",
  "description": "<h2>Description</h2>\n<!-- split -->\n<p class=\"lead\">Grid from the designer brothers Bouroullec is all about options and the collection's versatile café table offers either a round or square top. Expanding on the live-work flexibility of the room-within-a-room system for Established &amp; Sons, it comes with a surface in resilient TriPly larch veneer or high-pressure laminate and sits on a powder-coated steel base. Delivered flat-packed, the parts are easily assembled and dismantled for moving as needed. </p>\n<!-- split -->\n<h2>Specification</h2>\n<!-- split -->\n<h4>Size</h4>\n<ul>\n<li>Round: 28.5\" h x 23.6\" dia (72.5x60cm)</li>\n<li>Square: 28.5\" h x 23.6\" w x 23.6\" d (72.5x60x60cm)</li>\n</ul>\n<h4>Material</h4>\n<p>Powder-coated mild steel, plywood</p>",
  "sku": "EST-7277",
  "active": true,
  "meta_title": "Grid Café Table | Buy Established & Sons online at A+R",
  "price": 575,
  "currency": "USD",
  "type": "physical",
  "delivery": "shipment",
  "date_created": "2024-04-03T15:51:24.063Z",
  "stock_status": null,
  "date_updated": "2024-04-03T15:51:24.860Z",
  "prices": [],
  "purchase_options": {
    "standard": {
      "active": true,
      "price": 575,
      "prices": []
    }
  },
  "images": [
    {
      "file": {
        "id": "660d7afcd6fac000129efbc0",
        "date_uploaded": "2024-04-03T15:51:24.763Z",
        "length": 156836,
        "md5": "15461f5c898f235f9c2f53d5a49c8b2b",
        "filename": "GRIDH725-L600cafe-tablelarch-veneer7282R-and-E-Bouroullec_2019EstablishedandSonsWhite-Background-Render-0172dpi.jpg?v=1686908134",
        "content_type": "image/jpeg",
        "url": "https://cdn.swell.store/b2sdemo_test/660d7afcd6fac000129efbc0/15461f5c898f235f9c2f53d5a49c8b2b/GRIDH725-L600cafe-tablelarch-veneer7282R-and-E-Bouroullec_2019EstablishedandSonsWhite-Background-Render-0172dpi.jpg%3Fv%3D1686908134",
        "uploaded_url": "https://cdn.shopify.com/s/files/1/0012/2005/1002/files/GRIDH725-L600cafe-tablelarch-veneer7282R-and-E-Bouroullec_2019EstablishedandSonsWhite-Background-Render-0172dpi.jpg?v=1686908134",
        "width": 2500,
        "height": 2500
      },
      "id": "660d7afcf6775c0012b585e2"
    }
  ],
  "id": "660d7afc6148c40012ae899e",
  "variants": {
    "count": 0,
    "page_count": 1,
    "page": 1,
    "results": []
  },
  "filename": "established-sons-grid-cafe-table"
}