{
  "slug": "ferm-living-sekki-pot",
  "name": "Sekki Pot",
  "description": "<h2>Description</h2>\n<!-- split -->\n<p class=\"lead\">Offered in 2 sizes, Sekki is fashioned in clay, a durable natural material with an integral rough texture and rich earthy color. The unglazed, dyed stoneware evidences small individual variations due to the vagaries of the medium and hand-formed techniques. Built to last a lifetime, the pot has a drainage hole at the bottom and comes with a matching saucer for optimal plant care.</p>\n<!-- split -->\n<h2>Specifications</h2>\n<!-- split -->\n<h4>Size</h4>\n<ul>\n<li>Medium: 6.3\" h x 5.3\" dia (16x13.5cm)</li>\n<li>Large: 6.9\" h x 6.1\" dia (17.5x15.5cm)</li>\n</ul>\n<h4>Material</h4>\n<p>Unglazed porcelain</p>",
  "sku": "FL-5468",
  "active": true,
  "meta_title": "Sekki Pot | Buy Ferm Living online at A+R",
  "price": 33,
  "currency": "USD",
  "type": "physical",
  "delivery": "shipment",
  "date_created": "2024-04-03T15:52:47.619Z",
  "stock_status": null,
  "date_updated": "2024-04-03T15:52:48.121Z",
  "prices": [],
  "purchase_options": {
    "standard": {
      "active": true,
      "price": 33,
      "prices": []
    }
  },
  "images": [
    {
      "file": {
        "id": "660d7b4ffa9b03001262e83b",
        "date_uploaded": "2024-04-03T15:52:47.990Z",
        "length": 226852,
        "md5": "92d433cbeb705f53a54a298bedf43a60",
        "filename": "5471_Sekki_Pot_Large_Charcoal_kopier_5dd413a6-bfb2-4739-8856-bce7c96bd2fe.jpg?v=1685351596",
        "content_type": "image/jpeg",
        "url": "https://cdn.swell.store/b2sdemo_test/660d7b4ffa9b03001262e83b/92d433cbeb705f53a54a298bedf43a60/5471_Sekki_Pot_Large_Charcoal_kopier_5dd413a6-bfb2-4739-8856-bce7c96bd2fe.jpg%3Fv%3D1685351596",
        "uploaded_url": "https://cdn.shopify.com/s/files/1/0012/2005/1002/files/5471_Sekki_Pot_Large_Charcoal_kopier_5dd413a6-bfb2-4739-8856-bce7c96bd2fe.jpg?v=1685351596",
        "width": 3000,
        "height": 3000
      },
      "id": "660d7b50d8e0560012e29d6a"
    }
  ],
  "id": "660d7b4faac09e00123adc8b",
  "variants": {
    "count": 0,
    "page_count": 1,
    "page": 1,
    "results": []
  },
  "filename": "ferm-living-sekki-pot"
}