{
  "slug": "ferm-living-dora-shelving-unit",
  "name": "Dora Shelving Unit",
  "description": "<h2>Description</h2>\n<!-- split -->\n<p class=\"lead\">Ferm Living’s stylish bathroom series of freestanding furnishings expands with full-height shelving. Made from powder-coated stainless steel, the simple yet functional Dora unit is rust-resistant and designed for use in damp conditions. With plenty of room for bath and grooming essentials, its slim profile means it can even be situated inside the shower.</p>\n<!-- split -->\n<h2>Specifications</h2>\n<!-- split -->\n<h4>Size</h4>\n<p>31.2\" h x 11.8\" w x 5.2\" d (79.2x30x13.3cm)</p>\n<h4>Material</h4>\n<p>Powder-coated stainless steel</p>",
  "sku": "FL-1104263260",
  "active": true,
  "meta_title": "Dora Shelving Unit | Buy Ferm Living online at A+R",
  "price": 68,
  "currency": "USD",
  "type": "physical",
  "delivery": "shipment",
  "date_created": "2024-04-03T15:49:33.772Z",
  "stock_status": null,
  "date_updated": "2024-04-03T15:49:34.510Z",
  "prices": [],
  "purchase_options": {
    "standard": {
      "active": true,
      "price": 68,
      "prices": []
    }
  },
  "images": [
    {
      "file": {
        "id": "660d7a8eef998c0012223161",
        "date_uploaded": "2024-04-03T15:49:34.357Z",
        "length": 64932,
        "md5": "635885cd2e5de4343023b53d016a1946",
        "filename": "1104263260_33481c44-ac16-4d2d-80af-49347be27022_1.jpg?v=1684476421",
        "content_type": "image/jpeg",
        "url": "https://cdn.swell.store/b2sdemo_test/660d7a8eef998c0012223161/635885cd2e5de4343023b53d016a1946/1104263260_33481c44-ac16-4d2d-80af-49347be27022_1.jpg%3Fv%3D1684476421",
        "uploaded_url": "https://cdn.shopify.com/s/files/1/0012/2005/1002/files/1104263260_33481c44-ac16-4d2d-80af-49347be27022_1.jpg?v=1684476421",
        "width": 2000,
        "height": 2000
      },
      "id": "660d7a8e7c1cc300128923d8"
    }
  ],
  "id": "660d7a8dc7e955001277e6c1",
  "variants": {
    "count": 0,
    "page_count": 1,
    "page": 1,
    "results": []
  },
  "filename": "ferm-living-dora-shelving-unit"
}