{
  "slug": "ferm-living-plant-box-round",
  "name": "Plant Box: Round",
  "description": "<h2>Description</h2>\n<!-- split -->\n<p class=\"lead\">Copenhagen’s Ferm Living changes things up with a round version of its signature Plant Box. With the same clean lines and range of powder-coated colors, it can serve indoors or out to display greenery and flowers. Or use it as a multipurpose storage piece to hold books and magazines, drinks and barware or accoutrements in the kitchen or bathroom.</p>\n<!-- split -->\n<h2>Specifications</h2>\n<!-- split -->\n<h4>Size</h4>\n<p>19.7\" h x 15.7\" dia (50x40cm)</p>\n<h4>Material</h4>\n<p>Powder-coated steel</p>",
  "sku": "FL-100183693",
  "active": true,
  "meta_title": "Plant Box: Round | Buy Ferm Living online at A+R",
  "price": 160,
  "currency": "USD",
  "type": "physical",
  "delivery": "shipment",
  "date_created": "2024-04-03T15:53:03.693Z",
  "stock_status": null,
  "date_updated": "2024-04-03T15:53:04.054Z",
  "prices": [],
  "purchase_options": {
    "standard": {
      "active": true,
      "price": 160,
      "prices": []
    }
  },
  "images": [
    {
      "file": {
        "id": "660d7b5f090897001217d135",
        "date_uploaded": "2024-04-03T15:53:03.972Z",
        "length": 149760,
        "md5": "9dc18ccf35b0844a5607e7dbc8feb1da",
        "filename": "1104263191_1_45a02860-294a-4b94-992b-57b7720a4256.jpg?v=1699894658",
        "content_type": "image/jpeg",
        "url": "https://cdn.swell.store/b2sdemo_test/660d7b5f090897001217d135/9dc18ccf35b0844a5607e7dbc8feb1da/1104263191_1_45a02860-294a-4b94-992b-57b7720a4256.jpg%3Fv%3D1699894658",
        "uploaded_url": "https://cdn.shopify.com/s/files/1/0012/2005/1002/files/1104263191_1_45a02860-294a-4b94-992b-57b7720a4256.jpg?v=1699894658",
        "width": 3000,
        "height": 3000
      },
      "id": "660d7b601c71db0012457861"
    }
  ],
  "id": "660d7b5f6148c40012ae8af6",
  "variants": {
    "count": 0,
    "page_count": 1,
    "page": 1,
    "results": []
  },
  "filename": "ferm-living-plant-box-round"
}