{
  "slug": "ferm-living-flow-centrepiece",
  "name": "Flow Centrepiece",
  "description": "<h2>Description</h2>\n<!-- split -->\n<p class=\"lead\"> </p>\n<!-- split -->\n<h2>Specifications</h2>\n<!-- split -->\n<h4>Size</h4>\n<p>4.9\" h x 12.8\" w x 9.8\" d (12.5x32.5x25cm)</p>\n<h4>Material</h4>\n<p>Glazed porcelain</p>",
  "sku": "FL-1104263175",
  "active": true,
  "meta_title": "Flow Centrepiece | Buy Ferm Living online at A+R",
  "price": 68,
  "currency": "USD",
  "type": "physical",
  "delivery": "shipment",
  "date_created": "2024-04-03T15:49:24.777Z",
  "stock_status": null,
  "date_updated": "2024-04-03T15:49:25.221Z",
  "prices": [],
  "purchase_options": {
    "standard": {
      "active": true,
      "price": 68,
      "prices": []
    }
  },
  "images": [
    {
      "file": {
        "id": "660d7a85c7e955001277e694",
        "date_uploaded": "2024-04-03T15:49:25.062Z",
        "length": 138636,
        "md5": "53d4bd66324639c177cf62f780ef5499",
        "filename": "YellowSpackle.jpg?v=1650083503",
        "content_type": "image/jpeg",
        "url": "https://cdn.swell.store/b2sdemo_test/660d7a85c7e955001277e694/53d4bd66324639c177cf62f780ef5499/YellowSpackle.jpg%3Fv%3D1650083503",
        "uploaded_url": "https://cdn.shopify.com/s/files/1/0012/2005/1002/products/YellowSpackle.jpg?v=1650083503",
        "width": 2156,
        "height": 2156
      },
      "id": "660d7a85c7e955001277e698"
    }
  ],
  "id": "660d7a8494abc90012e1b134",
  "variants": {
    "count": 0,
    "page_count": 1,
    "page": 1,
    "results": []
  },
  "filename": "ferm-living-flow-centrepiece"
}