{
  "slug": "karakter-chair-300",
  "name": "Chair 300",
  "description": "<h2>Description</h2>\n<!-- split -->\n<p class=\"lead\">Milanese artist-turned-designer Joe Columbo melded a certain Italian sensuality with his characteristic functional sensibility in his Chair 300 from 1965. The defining, indulgent curve of the seat and backrest contrasts with a strikingly angled frame rendered in solid oak. Upholstered in fabric or leather, the now-revived seating from Copenhagen’s Karakter beckons comfortably, with a choice of frame in several select wood finishes.</p>\n<!-- split -->\n<h2>Specifications</h2>\n<!-- split -->\n<h4>Size</h4>\n<ul>\n<li>31.9\" h x 18.9\" w x 20.5\" d (81x48x52cm)</li>\n<li>Seat height: 17.7\" (45cm)</li>\n</ul>\n<h4>Material</h4>\n<p>Solid oak</p>\n<h4>Details</h4>\n<ul>\n<li>Fabric Group 1: Canvas, Re-Wool</li>\n<li>Fabric Group 2: Clay, Hallingdal, Fiord, Molly</li>\n<li>Fabric Group 3: Moss, Vidar</li>\n<li>Leather Group 1: Ultra</li>\n<li>Leather Group 2: Nuance</li>\n<li>Leather Group 3: Envy, Dunes, Triumph</li>\n<li>Leather Group 4: <span>Royal Nubuck</span>\n</li>\n<li>Leather Group 5: <span>Elegance</span>\n</li>\n<li>COM and COL available on request<br>\n</li>\n</ul>",
  "sku": "KAR-300-FG1-OS",
  "active": true,
  "meta_title": "Chair 300 | Buy Karakter online at A+R",
  "price": 938,
  "currency": "USD",
  "type": "physical",
  "delivery": "shipment",
  "date_created": "2024-04-03T15:50:21.441Z",
  "stock_status": null,
  "date_updated": "2024-04-03T15:50:21.860Z",
  "prices": [],
  "purchase_options": {
    "standard": {
      "active": true,
      "price": 938,
      "prices": []
    }
  },
  "images": [
    {
      "file": {
        "id": "660d7abd9ca7260012fc4015",
        "date_uploaded": "2024-04-03T15:50:21.767Z",
        "length": 274200,
        "md5": "3b366c2432ee0f2eff74e9c8e6aae175",
        "filename": "Chair300packshot01_1_5706f023-2146-422b-adde-53f7181128f61.jpg?v=1683622129",
        "content_type": "image/jpeg",
        "url": "https://cdn.swell.store/b2sdemo_test/660d7abd9ca7260012fc4015/3b366c2432ee0f2eff74e9c8e6aae175/Chair300packshot01_1_5706f023-2146-422b-adde-53f7181128f61.jpg%3Fv%3D1683622129",
        "uploaded_url": "https://cdn.shopify.com/s/files/1/0012/2005/1002/files/Chair300packshot01_1_5706f023-2146-422b-adde-53f7181128f61.jpg?v=1683622129",
        "width": 3000,
        "height": 3000
      },
      "id": "660d7abd24108c0012bf52d2"
    }
  ],
  "id": "660d7abd31ad990012a7ec3d",
  "variants": {
    "count": 0,
    "page_count": 1,
    "page": 1,
    "results": []
  },
  "filename": "karakter-chair-300"
}