{
  "slug": "karimoku-case-kinuta-sofa-2-5-seater-a-s01",
  "name": "Kinuta Sofa: 2.5 Seater A-S01",
  "description": "<h2>Description</h2>\n<!-- split -->\n<p class=\"lead\">Simple, yet beautifully detailed, this wood-framed standard sofa is one of 12 tailormade furniture pieces that were initially designed for the renovation of Tokyo's '80s-era, courtyard-facing Kinuta Terrace apartments. In collaboration with Copenhagen's Norm Architects, Karimoku Case's seating emphasizes the connection with nature outside. With its warm oak structure, the sofa's low height plays up the surrounding space and the armrest can also be used as a pillow, making it a daybed.</p>\n<!-- split -->\n<h2>Specifications</h2>\n<!-- split -->\n<h4>Size</h4>\n<ul>\n<li>27\" h x 82.7\" w x 38.2\" d (68.5x210x97cm)</li>\n<li>Seat height: 16.1\" (41cm)</li>\n<li>Arm height: 21.3\" (54cm)</li>\n</ul>\n<h4>Material</h4>\n<p>Oak</p>\n<h4>Details</h4>\n<p>Upholstery</p>\n<ul>\n<li>Steelcut Trio 3</li>\n<li>Hallingdal 65</li>\n<li>Vidar 4</li>\n<li>Coda 2</li>\n<li>Maple</li>\n<li>Moss</li>\n<li>COM and COL are available on request</li>\n</ul>",
  "sku": "KCS-U32413-E-ST3",
  "active": true,
  "meta_title": "Kinuta Sofa: 2.5 Seater A-S01 | Buy Karimoku Case online at A+R",
  "price": 3638,
  "currency": "USD",
  "type": "physical",
  "delivery": "shipment",
  "date_created": "2024-04-03T15:52:54.589Z",
  "stock_status": null,
  "date_updated": "2024-04-03T15:52:55.482Z",
  "prices": [],
  "purchase_options": {
    "standard": {
      "active": true,
      "price": 3638,
      "prices": []
    }
  },
  "images": [
    {
      "file": {
        "id": "660d7b57d406000012ba4af3",
        "date_uploaded": "2024-04-03T15:52:55.363Z",
        "length": 129576,
        "md5": "cd75a20801e87c27dcfc2e2541375a1f",
        "filename": "63756_f_1_f31ebaf6-d4b9-4247-a773-8b221fb8c2c5.jpg?v=1682601284",
        "content_type": "image/jpeg",
        "url": "https://cdn.swell.store/b2sdemo_test/660d7b57d406000012ba4af3/cd75a20801e87c27dcfc2e2541375a1f/63756_f_1_f31ebaf6-d4b9-4247-a773-8b221fb8c2c5.jpg%3Fv%3D1682601284",
        "uploaded_url": "https://cdn.shopify.com/s/files/1/0012/2005/1002/files/63756_f_1_f31ebaf6-d4b9-4247-a773-8b221fb8c2c5.jpg?v=1682601284",
        "width": 2000,
        "height": 2000
      },
      "id": "660d7b57a8c8430012ccb296"
    }
  ],
  "id": "660d7b56090897001217d0fa",
  "variants": {
    "count": 0,
    "page_count": 1,
    "page": 1,
    "results": []
  },
  "filename": "karimoku-case-kinuta-sofa-2-5-seater-a-s01"
}