{
  "slug": "lambert-fils-laurent-15-suspension-lamp",
  "name": "Laurent 15 Suspension Lamp",
  "description": "<h2>Description</h2>\n<!-- split -->\n<p class=\"lead\">With theatrical verve, Lambert &amp; Fils arrays a foursome of contrasting suspension lights in Laurent 15. Featuring the V-shaped 02 and the stair-step 06 bracketed by the flat-plane 03 and 07 models, the fixture spans an awesome 12 feet, glowing with sequenced points of LED light diffused by the handblown opaline globes. Available in brass, nickel-plate or powder-coated colored aluminum, handmade at the brand's Montreal atelier.   </p>\n<!-- split -->\n<h2>Specifications</h2>\n<!-- split -->\n<h4>Size</h4>\n<ul>\n<li>14.2\" h x 144.1\" w x 7.9\" d (36x366x20cm)</li>\n<li>Shade: 5.5\" dia (14cm)</li>\n<li>Canopy height: 2\" (5cm)</li>\n</ul>\n<h4>Material</h4>\n<p>Powder-coated aluminum or nickel-plated steel, polished brass, handblown opaline glass globe, polyester</p>\n<h4>Technical</h4>\n<ul>\n<li>UL Listed</li>\n<li>G9</li>\n<li>Color temperature: 2700K, 3000K</li>\n<li>Dimmable</li>\n<li>Bulb included</li>\n</ul>",
  "sku": "LAM-LRT15BKBKBKBK",
  "active": true,
  "meta_title": "Laurent 15 Suspension Lamp | Buy Lambert & Fils online at A+R",
  "price": 5918,
  "currency": "USD",
  "type": "physical",
  "delivery": "shipment",
  "date_created": "2024-04-03T15:53:44.358Z",
  "stock_status": null,
  "date_updated": "2024-04-03T15:53:45.264Z",
  "prices": [],
  "purchase_options": {
    "standard": {
      "active": true,
      "price": 5918,
      "prices": []
    }
  },
  "images": [
    {
      "file": {
        "id": "660d7b894974d6001242b940",
        "date_uploaded": "2024-04-03T15:53:45.142Z",
        "length": 236044,
        "md5": "a047a039141854e32d1560c1bce70729",
        "filename": "LRT15BLBLBL_2-Finall.jpg?v=1618315901",
        "content_type": "image/jpeg",
        "url": "https://cdn.swell.store/b2sdemo_test/660d7b894974d6001242b940/a047a039141854e32d1560c1bce70729/LRT15BLBLBL_2-Finall.jpg%3Fv%3D1618315901",
        "uploaded_url": "https://cdn.shopify.com/s/files/1/0012/2005/1002/products/LRT15BLBLBL_2-Finall.jpg?v=1618315901",
        "width": 3500,
        "height": 3500
      },
      "id": "660d7b89cea5e10012b8a258"
    }
  ],
  "id": "660d7b884b5e460012294ef2",
  "variants": {
    "count": 0,
    "page_count": 1,
    "page": 1,
    "results": []
  },
  "filename": "lambert-fils-laurent-15-suspension-lamp"
}