{
  "slug": "lambert-fils-dot-suspension-lamp",
  "name": "Dot Suspension Lamp",
  "description": "<h2>Description</h2>\n<!-- split -->\n<p class=\"lead\">Lambert &amp; Fils juxtaposes a flat disc shape with its Dot series’ signature round light for an intriguing geometric contrast. In either warm brass or cool graphite finish, the suspension lamp features an oversized milky glass globe to gently diffuse the LED illumination. A striking addition to any space, the fixture is handcrafted at the brand’s Montreal atelier. </p>\n<!-- split -->\n<h2>Specifications</h2>\n<!-- split -->\n<h4>Size</h4>\n<ul>\n<li>5.1\" h x 5.9\" dia (13x15cm)</li>\n<li>Cord length: 120.1\" (305cm)</li>\n</ul>\n<h4>Material</h4>\n<p>Powder-coated steel, brass, milk glass globe, polyester</p>\n<h4>Technical</h4>\n<ul>\n<li>UL Listed</li>\n<li>G9</li>\n<li>Color temperature: 2700K, 3000K</li>\n<li>Bulb included</li>\n</ul>\n<ul></ul>",
  "sku": "LAM-DOT02BRBK",
  "active": true,
  "meta_title": "Dot Suspension Lamp | Buy Lambert & Fils online at A+R",
  "price": 315,
  "currency": "USD",
  "type": "physical",
  "delivery": "shipment",
  "date_created": "2024-04-03T15:53:19.194Z",
  "stock_status": null,
  "date_updated": "2024-04-03T15:53:19.822Z",
  "prices": [],
  "purchase_options": {
    "standard": {
      "active": true,
      "price": 315,
      "prices": []
    }
  },
  "images": [
    {
      "file": {
        "id": "660d7b6ffa71d90012ddb71a",
        "date_uploaded": "2024-04-03T15:53:19.728Z",
        "length": 35428,
        "md5": "d4fceeec5275cb20c5fb75a402f06310",
        "filename": "DOT02BR_1-1300x1300_1f8d6e3a-a092-4abb-beee-aaacd4dfb7bc.jpg?v=1704268716",
        "content_type": "image/jpeg",
        "url": "https://cdn.swell.store/b2sdemo_test/660d7b6ffa71d90012ddb71a/d4fceeec5275cb20c5fb75a402f06310/DOT02BR_1-1300x1300_1f8d6e3a-a092-4abb-beee-aaacd4dfb7bc.jpg%3Fv%3D1704268716",
        "uploaded_url": "https://cdn.shopify.com/s/files/1/0012/2005/1002/files/DOT02BR_1-1300x1300_1f8d6e3a-a092-4abb-beee-aaacd4dfb7bc.jpg?v=1704268716",
        "width": 2000,
        "height": 2000
      },
      "id": "660d7b6fd739ac0012d7dd0e"
    }
  ],
  "id": "660d7b6ffd60ae001252d7c5",
  "variants": {
    "count": 0,
    "page_count": 1,
    "page": 1,
    "results": []
  },
  "filename": "lambert-fils-dot-suspension-lamp"
}