{
  "slug": "normann-copenhagen-schneider-bedspread",
  "name": "Schneider Bedspread",
  "description": "<h2>Description</h2>\n<!-- split -->\n<p class=\"lead\">From A+R's native California by way of Denmark, artist Ryan Schneider’s nocturnal landscape inspired by his Joshua Tree home populates a singular bed covering. Based on his piece \"Pipes Canyon Peepers,\" it teams with fantastical trees and owls lighting up the starry night sky in fluorescent colors against a deep dark blue. Quilted with black stitching and reversing to solid black, the bedspread is from Normann x Brask, the Copenhagen maker's artist-driven collaboration with curator Jens-Peter Brask.  </p>\n<!-- split -->\n<h2>Specifications</h2>\n<!-- split -->\n<h4>Size</h4>\n<p>98.4\" h x 98.4\" w (250x250cm)</p>\n<h4>Material</h4>\n<p>100% Cotton</p>",
  "sku": "NOR-602394",
  "active": true,
  "meta_title": "Schneider Bedspread  | Buy Normann Copenhagen online at A+R",
  "price": null,
  "currency": "USD",
  "type": "physical",
  "delivery": "shipment",
  "date_created": "2024-04-03T15:44:23.371Z",
  "stock_status": null,
  "date_updated": "2024-04-03T15:44:24.088Z",
  "prices": [],
  "purchase_options": {
    "standard": {
      "active": true,
      "price": null,
      "prices": []
    }
  },
  "images": [
    {
      "file": {
        "id": "660d7957defd8a001263cc92",
        "date_uploaded": "2024-04-03T15:44:23.985Z",
        "length": 304180,
        "md5": "80fbb1f840531f96bbe25cafb04af14b",
        "filename": "SchneiderBedspread250x250cm11.jpg?v=1622721569",
        "content_type": "image/jpeg",
        "url": "https://cdn.swell.store/b2sdemo_test/660d7957defd8a001263cc92/80fbb1f840531f96bbe25cafb04af14b/SchneiderBedspread250x250cm11.jpg%3Fv%3D1622721569",
        "uploaded_url": "https://cdn.shopify.com/s/files/1/0012/2005/1002/products/SchneiderBedspread250x250cm11.jpg?v=1622721569",
        "width": 1500,
        "height": 1500
      },
      "id": "660d7958be2c5900123d1f71"
    }
  ],
  "id": "660d7957fed0770012a5ad7b",
  "variants": {
    "count": 0,
    "page_count": 1,
    "page": 1,
    "results": []
  },
  "filename": "normann-copenhagen-schneider-bedspread"
}