{
  "slug": "sorensen-leather-stocked-dunes-21007",
  "name": "Dunes 21007",
  "description": "<p><span>Composition: 100% Grain Leather, Lightfastness: 3</span></p>",
  "sku": "Dunes-21007",
  "active": true,
  "meta_title": "Dunes 21007 | Buy Sørensen Leather online at A+R",
  "price": null,
  "currency": "USD",
  "type": "physical",
  "delivery": "shipment",
  "date_created": "2024-04-03T15:45:06.998Z",
  "stock_status": null,
  "date_updated": "2024-04-03T15:45:07.614Z",
  "prices": [],
  "purchase_options": {
    "standard": {
      "active": true,
      "price": null,
      "prices": []
    }
  },
  "images": [
    {
      "file": {
        "id": "660d798364b0ed0012c7fe20",
        "date_uploaded": "2024-04-03T15:45:07.432Z",
        "length": 1456,
        "md5": "90ce9278f85352753b361c8539ca9fdd",
        "filename": "DUNES-grey-21007_1.jpg?v=1622461832",
        "content_type": "image/jpeg",
        "url": "https://cdn.swell.store/b2sdemo_test/660d798364b0ed0012c7fe20/90ce9278f85352753b361c8539ca9fdd/DUNES-grey-21007_1.jpg%3Fv%3D1622461832",
        "uploaded_url": "https://cdn.shopify.com/s/files/1/0012/2005/1002/products/DUNES-grey-21007_1.jpg?v=1622461832",
        "width": 192,
        "height": 192
      },
      "id": "660d7983a8c8430012ccad37"
    }
  ],
  "id": "660d7982f428300012b109d2",
  "variants": {
    "count": 0,
    "page_count": 1,
    "page": 1,
    "results": []
  },
  "filename": "sorensen-leather-stocked-dunes-21007"
}