{
  "slug": "vescom-creek",
  "name": "Creek",
  "description": "<p>Composition: vinyl coat, cotton, polyester backing, Durability: 300.000 Rubs martindale</p>",
  "sku": "CRE-7053.01",
  "active": true,
  "meta_title": "Creek | Buy Vescom online at A+R",
  "price": null,
  "currency": "USD",
  "type": "physical",
  "delivery": "shipment",
  "date_created": "2024-04-03T15:45:38.086Z",
  "stock_status": null,
  "date_updated": "2024-04-03T15:45:38.777Z",
  "prices": [],
  "purchase_options": {
    "standard": {
      "active": true,
      "price": null,
      "prices": []
    }
  },
  "images": [
    {
      "file": {
        "id": "660d79a2bdce9b00123d40c0",
        "date_uploaded": "2024-04-03T15:45:38.694Z",
        "length": 15312,
        "md5": "b114e5c8442fe55a8cc2551c989db774",
        "filename": "7053.01_lowres.jpg?v=1621838397",
        "content_type": "image/jpeg",
        "url": "https://cdn.swell.store/b2sdemo_test/660d79a2bdce9b00123d40c0/b114e5c8442fe55a8cc2551c989db774/7053.01_lowres.jpg%3Fv%3D1621838397",
        "uploaded_url": "https://cdn.shopify.com/s/files/1/0012/2005/1002/products/7053.01_lowres.jpg?v=1621838397",
        "width": 192,
        "height": 192
      },
      "id": "660d79a203e0280012dc9413"
    }
  ],
  "id": "660d79a256978b0012991516",
  "variants": {
    "count": 0,
    "page_count": 1,
    "page": 1,
    "results": []
  },
  "filename": "vescom-creek"
}