{
  "slug": "brushed",
  "name": "Brushed",
  "description": "<p>Composition: 100% Polyester, Martindale: 90.000</p>",
  "sku": "FL-Off-White",
  "active": true,
  "meta_title": null,
  "price": 0,
  "currency": "USD",
  "type": "physical",
  "delivery": "shipment",
  "date_created": "2024-04-03T15:51:53.732Z",
  "stock_status": null,
  "date_updated": "2024-04-03T15:51:54.150Z",
  "prices": [],
  "purchase_options": {
    "standard": {
      "active": true,
      "price": 0,
      "prices": []
    }
  },
  "images": [
    {
      "file": {
        "id": "660d7b1a7c1cc300128926a3",
        "date_uploaded": "2024-04-03T15:51:54.056Z",
        "length": 2008,
        "md5": "c44fc44b5e89422fb263ebddc911e4c7",
        "filename": "Brown_40b99a8b-a18b-4419-b75e-73463f535bad.jpg?v=1618379215",
        "content_type": "image/jpeg",
        "url": "https://cdn.swell.store/b2sdemo_test/660d7b1a7c1cc300128926a3/c44fc44b5e89422fb263ebddc911e4c7/Brown_40b99a8b-a18b-4419-b75e-73463f535bad.jpg%3Fv%3D1618379215",
        "uploaded_url": "https://cdn.shopify.com/s/files/1/0012/2005/1002/products/Brown_40b99a8b-a18b-4419-b75e-73463f535bad.jpg?v=1618379215",
        "width": 192,
        "height": 192
      },
      "id": "660d7b1a2a1fa5001173ec75"
    }
  ],
  "id": "660d7b19f3ab960012ce9ae9",
  "variants": {
    "count": 0,
    "page_count": 1,
    "page": 1,
    "results": []
  },
  "filename": "brushed"
}