{
  "slug": "by-interiors-sled-chair",
  "name": "Sled Chair",
  "description": "<h2>Description</h2>\n<!-- split -->\n<p class=\"lead\"> </p>\n<!-- split -->\n<h2>Specifications</h2>\n<!-- split -->\n<h4>Size</h4>\n<ul>\n<li>Sledge: 30.9\" h x 22.4\" w x 22.6\" d (78.5x57x57.5cm)\n<ul>\n<li>Seat height: 17.1\" (43.5cm)</li>\n</ul>\n</li>\n<li>Caster: 31.7\" h x 22.4\" w x 22.6\" d (80.5x57x57.5cm)\n<ul>\n<li>Seat height: 17.9\" (45.5cm)</li>\n</ul>\n</li>\n</ul>\n<h4>Material</h4>\n<p>Wooden frame, polyurethane foam, black painted wood</p>\n<h4>Details</h4>\n<ul>\n<li>Category 2: Pado, Pesba, Report, Record, Yoda, Texture, Sand</li>\n<li>Category 3: Talapo, Report, Record, Yoda, Texture, Sand</li>\n<li>Category 4: Brionne, Frank</li>\n<li>Leather</li>\n<li>COM and COL are available on request</li>\n</ul>\n<p>Made in Japan</p>",
  "sku": "BYI-SLD-CHR-SLDG-CAT-2",
  "active": true,
  "meta_title": "Sled Chair | Buy By Interiors online at A+R",
  "price": 955,
  "currency": "USD",
  "type": "physical",
  "delivery": "shipment",
  "date_created": "2024-04-03T15:47:20.689Z",
  "stock_status": null,
  "date_updated": "2024-04-03T15:47:21.292Z",
  "prices": [],
  "purchase_options": {
    "standard": {
      "active": true,
      "price": 955,
      "prices": []
    }
  },
  "images": [
    {
      "file": {
        "id": "660d7a09f1f9e600129fdf76",
        "date_uploaded": "2024-04-03T15:47:21.201Z",
        "length": 83420,
        "md5": "b4d881d66d190845443a9e6a8292207c",
        "filename": "6_bfbfaf68-f367-444f-ba10-d2d8254ddbfb.jpg?v=1644220033",
        "content_type": "image/jpeg",
        "url": "https://cdn.swell.store/b2sdemo_test/660d7a09f1f9e600129fdf76/b4d881d66d190845443a9e6a8292207c/6_bfbfaf68-f367-444f-ba10-d2d8254ddbfb.jpg%3Fv%3D1644220033",
        "uploaded_url": "https://cdn.shopify.com/s/files/1/0012/2005/1002/products/6_bfbfaf68-f367-444f-ba10-d2d8254ddbfb.jpg?v=1644220033",
        "width": 1300,
        "height": 1300
      },
      "id": "660d7a09ed32660012b0c1c6"
    }
  ],
  "id": "660d7a088bf06900114de721",
  "variants": {
    "count": 0,
    "page_count": 1,
    "page": 1,
    "results": []
  },
  "filename": "by-interiors-sled-chair"
}