{
  "slug": "by-interiors-sweepy-bar-counter-stool-papercord",
  "name": "Sweepy Bar + Counter Stool: Papercord",
  "description": "<h2>Description</h2>\n<!-- split -->\n<p class=\"lead\"> </p>\n<!-- split -->\n<h2>Specifications</h2>\n<!-- split -->\n<h4>Size</h4>\n<ul>\n<li>Bar: 39.4\" h x 17.5\" w x 19.7\" d (100x44.5x50cm)</li>\n<li>\n<ul>\n<li>Seat height: 29.5\" (75cm)</li>\n</ul>\n</li>\n<li>Counter: 35.4\" h x 17.5\" w x 19.7\" d (90x44.5x50cm)<br>\n<ul>\n<li>Seat height: 23.6\" (60cm)</li>\n<li>Seat height: 25.6\" (65cm)</li>\n</ul>\n</li>\n</ul>\n<h4>Material</h4>\n<p>Polyurethane foam, polyester padding, paper cord. ash wood</p>",
  "sku": "BYI-SW-CNTR-STL-23-NAT-ASH-BLK",
  "active": true,
  "meta_title": "Sweepy Bar + Counter Stool: Papercordl | Buy By Interiors online at A+R",
  "price": 760,
  "currency": "USD",
  "type": "physical",
  "delivery": "shipment",
  "date_created": "2024-04-03T15:46:35.650Z",
  "stock_status": null,
  "date_updated": "2024-04-03T15:46:35.740Z",
  "prices": [],
  "purchase_options": {
    "standard": {
      "active": true,
      "price": 760,
      "prices": []
    }
  },
  "id": "660d79db50290a0012705770",
  "variants": {
    "count": 0,
    "page_count": 1,
    "page": 1,
    "results": []
  },
  "filename": "by-interiors-sweepy-bar-counter-stool-papercord"
}