{
  "slug": "by-interiors-frente-modular-sofa",
  "name": "Frente Modular Sofa",
  "description": "<h2>Description</h2>\n<!-- split -->\n<p class=\"lead\">A range of pre-configured configurations make for a readily approachable take on By Design’s modular seating collection. With its characteristic wood trim and comfortably load-like cushioning, the sofa pieces share a unifying wood base panel in a choice of natural or light brown oak finish as well as painted white or black. Designer Victor Carrasco delivers an updated classic that easily lends itself to multiple upholstery options, with complementary low tables also available to complete look (also at A+R).</p>\n<!-- split -->\n<h2>Specifications</h2>\n<!-- split -->\n<h4>Size</h4>\n<p>Compositions:</p>\n<ul>\n<li>Composition 1:</li>\n<ul>\n<li>26.77\" h x 74.08\" w x 31.50\" d (68x210x80cm)</li>\n<li>26.77\" h x 90.55\" w x 35.43\" d (68x230x90cm)</li>\n</ul>\n<li>Composition 2:\n<ul>\n<li>26.77\" h x 123.81\" w x 31.50\" d (68x351x80cm)</li>\n<li>26.77\" h x 150.00\" w x 35.43\" d (68x381x90cm)</li>\n</ul>\n</li>\n<li>Composition 3:\n<ul>\n<li>26.77\" h x 135.82\" w x 31.50\" d (68x345x80cm)</li>\n<li>26.77\" h x 151.57\" w x 35.43\" d (68x385x90cm)</li>\n</ul>\n</li>\n<li>Seat height: 15\" (38cm)</li>\n<li>Arm height: 20.9\" (53cm)</li>\n</ul>\n<p>Modulus:</p>\n<ul>\n<li>Right arm: 26.8\" h x 45.3\" w x 35.4\" d (68x115x90cm)</li>\n<li>Left arm: 26.8\" h x 41.3\" w x 31.50\" d (68x105x80cm)</li>\n<li>Armless &amp; Corner:\n<ul>\n<li>26.8\" h x 35.4\" w x 35.4\" d (68x90x90cm)</li>\n<li>26.8\" h x 31.5\" w x 31.5\" d (68x80x80cm)</li>\n</ul>\n</li>\n</ul>\n<h4>Material</h4>\n<p>Wooden frame, polyurethane foam</p>\n<h4>Details</h4>\n<ul>\n<li>Category 2: Pado, Pesba, Report, Record, Yoda, Texture, Sand</li>\n<li>Category 3: Talapo, Report, Record, Yoda, Texture, Sand</li>\n<li>Category 4: Brionne, Frank</li>\n<li>Leather</li>\n<li>COM and COL are available on request</li>\n</ul>\nMade in Japan\n<ul></ul>",
  "sku": "BYI-FRT-SFA-COMP-1-35-NAT-OAK-CAT-2",
  "active": true,
  "meta_title": "Frente Modular Sofa | Buy By Interiors online at A+R",
  "price": 3410,
  "currency": "USD",
  "type": "physical",
  "delivery": "shipment",
  "date_created": "2024-04-03T15:46:12.115Z",
  "stock_status": null,
  "date_updated": "2024-04-03T15:46:12.538Z",
  "prices": [],
  "purchase_options": {
    "standard": {
      "active": true,
      "price": 3410,
      "prices": []
    }
  },
  "images": [
    {
      "file": {
        "id": "660d79c42e54070012d28500",
        "date_uploaded": "2024-04-03T15:46:12.464Z",
        "length": 394512,
        "md5": "f3bf4f29b4fbebe0b2fd1d8ecdcae81f",
        "filename": "Compos-Sofa.jpg?v=1643866575",
        "content_type": "image/jpeg",
        "url": "https://cdn.swell.store/b2sdemo_test/660d79c42e54070012d28500/f3bf4f29b4fbebe0b2fd1d8ecdcae81f/Compos-Sofa.jpg%3Fv%3D1643866575",
        "uploaded_url": "https://cdn.shopify.com/s/files/1/0012/2005/1002/products/Compos-Sofa.jpg?v=1643866575",
        "width": 3000,
        "height": 3000
      },
      "id": "660d79c48bf06900114de674"
    }
  ],
  "id": "660d79c4b3cdeb00121b4340",
  "variants": {
    "count": 0,
    "page_count": 1,
    "page": 1,
    "results": []
  },
  "filename": "by-interiors-frente-modular-sofa"
}