{
  "slug": "by-interiors-sweepy-lounge-chair-upholstered",
  "name": "Sweepy Lounge Chair: Upholstered",
  "description": "<h2>Description</h2>\n<!-- split -->\n<p class=\"lead\">With expanded proportions and a heightened curving expression overall, Milan-based designer Kensaku Oshiro adds a lounge chair to his Sweepy seating. Distinguished by its backrest made from a single piece of wood, the solid-ash armchair has an open, geometric framing and a comfortable padded seat. And custom fabric and leather upholstery options are available to suit any setting.</p>\n<!-- split -->\n<h2>Specifications</h2>\n<!-- split -->\n<h4>Size</h4>\n<ul>\n<li>28.15\" h x 23.62\" w x 21.97\" d (71.5x60x55.8cm)</li>\n<li>Seat height: 15.75\" (40cm)</li>\n<li>Arm height: 23.07\" (58.6cm)</li>\n</ul>\n<h4>Material</h4>\n<p>Solid ash, polyurethane foam, polyester padding</p>\n<h4>Details</h4>\n<ul>\n<li>Category 2: Pado, Pesba, Report, Record, Yoda, Texture, Sand</li>\n<li>Category 3: Talapo, Report, Record, Yoda, Texture, Sand</li>\n<li>Category 4: Brionne, Frank</li>\n<li>Leather</li>\n<li>COM and COL are available on request</li>\n</ul>\nMade in Japan\n<ul></ul>",
  "sku": "BYI-SWPY-LOU-CHR-NAT-ASH-CAT-2",
  "active": true,
  "meta_title": "Sweepy Lounge Chair: Upholstered | Buy By Interiors online at A+R",
  "price": 895,
  "currency": "USD",
  "type": "physical",
  "delivery": "shipment",
  "date_created": "2024-04-03T15:46:33.556Z",
  "stock_status": null,
  "date_updated": "2024-04-03T15:46:34.110Z",
  "prices": [],
  "purchase_options": {
    "standard": {
      "active": true,
      "price": 895,
      "prices": []
    }
  },
  "images": [
    {
      "file": {
        "id": "660d79dab54c690012108c7b",
        "date_uploaded": "2024-04-03T15:46:34.029Z",
        "length": 85828,
        "md5": "ce5e73439993981a51f6770bcf284f53",
        "filename": "1_076aedda-59da-4642-9c50-db2f33b354f8.jpg?v=1644238834",
        "content_type": "image/jpeg",
        "url": "https://cdn.swell.store/b2sdemo_test/660d79dab54c690012108c7b/ce5e73439993981a51f6770bcf284f53/1_076aedda-59da-4642-9c50-db2f33b354f8.jpg%3Fv%3D1644238834",
        "uploaded_url": "https://cdn.shopify.com/s/files/1/0012/2005/1002/products/1_076aedda-59da-4642-9c50-db2f33b354f8.jpg?v=1644238834",
        "width": 1200,
        "height": 1200
      },
      "id": "660d79da1cd14b00127c3133"
    }
  ],
  "id": "660d79d90c3c45001217da2e",
  "variants": {
    "count": 0,
    "page_count": 1,
    "page": 1,
    "results": []
  },
  "filename": "by-interiors-sweepy-lounge-chair-upholstered"
}