{
  "slug": "by-interiors-maki-bench",
  "name": "Maki Bench",
  "description": "<h2>Description</h2>\n<!-- split -->\n<p class=\"lead\">Wrapped in a textile covering, Victor Carrasco’s bench suggests the unmistakable rolled shape of sushi. Maki, says the Spanish designer, also alludes to the serene gentility of the Japanese character. With side panels in a choice of oak or walnut, the cushioned bench is enveloped in a choice of fabric or leather upholstery for a timeless presence.</p>\n<!-- split -->\n<h2>Specifications</h2>\n<!-- split -->\n<h4>Size</h4>\n<ul>\n<li>Small: 17.1\" h x 54.3\" w x 20.9\" d (43.5x138x53cm)</li>\n<li>Large: 17.1\" h x 94.5\" w x 20.9\" d (43.5x240x53cm)</li>\n</ul>\n<h4>Material</h4>\n<p>Oak or walnut, wooden frame, polyurethane foam, fabric or leather</p>\n<h4>Details</h4>\n<ul>\n<li>Category 2: Pado, Pesba, Report, Record, Yoda, Texture, Sand</li>\n<li>Category 3: Talapo, Report, Record, Yoda, Texture, Sand</li>\n<li>Category 4: Brionne, Frank</li>\n<li>COM and COL are available on request</li>\n</ul>\nMade in Japan\n<ul></ul>",
  "sku": "BYI-MAK-BCH-S-OAK-CAT-2",
  "active": true,
  "meta_title": "Maki Bench | Buy By Interiors online at A+R",
  "price": 1550,
  "currency": "USD",
  "type": "physical",
  "delivery": "shipment",
  "date_created": "2024-04-03T15:46:54.960Z",
  "stock_status": null,
  "date_updated": "2024-04-03T15:46:55.810Z",
  "prices": [],
  "purchase_options": {
    "standard": {
      "active": true,
      "price": 1550,
      "prices": []
    }
  },
  "images": [
    {
      "file": {
        "id": "660d79ef94abc90012e1afa1",
        "date_uploaded": "2024-04-03T15:46:55.704Z",
        "length": 120036,
        "md5": "94d9713a8626278078503d02177d3225",
        "filename": "NewProject_1_826ddc46-2ab9-4aac-bdd1-84be1acd9b23.jpg?v=1644208480",
        "content_type": "image/jpeg",
        "url": "https://cdn.swell.store/b2sdemo_test/660d79ef94abc90012e1afa1/94d9713a8626278078503d02177d3225/NewProject_1_826ddc46-2ab9-4aac-bdd1-84be1acd9b23.jpg%3Fv%3D1644208480",
        "uploaded_url": "https://cdn.shopify.com/s/files/1/0012/2005/1002/products/NewProject_1_826ddc46-2ab9-4aac-bdd1-84be1acd9b23.jpg?v=1644208480",
        "width": 2500,
        "height": 2500
      },
      "id": "660d79ef7554440012ea0626"
    }
  ],
  "id": "660d79ee6f64df0012a46b94",
  "variants": {
    "count": 0,
    "page_count": 1,
    "page": 1,
    "results": []
  },
  "filename": "by-interiors-maki-bench"
}