{
  "slug": "column-round-shelf-ja1-aluminum",
  "name": "Column Round Shelf JA1: Aluminum",
  "description": "<h2>Description</h2>\n<!-- split -->\n<p class=\"lead\">This smaller, rounded shelf in British-born, Stockholm-based designer John Astbury's Column series can easily hold its own or be readily paired with the companion longer model. Playing on classical architectural accents such as pillars and dentils, John streamlines those forms to create a wall-hung unit in either silvery aluminum or black anodized aluminum combined with oiled walnut. Either one makes a handsome display spot for objects and other treasured collectables when mounted singly or paired in multiples or at varying heights. </p>\n<!-- split -->\n<h2>Specifications</h2>\n<!-- split -->\n<h4>Size</h4>\n<p>6.7\" h x 9.8\" dia (17x25cm)</p>\n<h4>Material</h4>\n<p>Aluminum, walnut</p>",
  "sku": "ATR-86301001",
  "active": true,
  "meta_title": "Column Round Shelf JA1: Aluminum | Buy &Tradition online at A+R",
  "price": 0,
  "currency": "USD",
  "type": "physical",
  "delivery": "shipment",
  "date_created": "2024-04-03T15:47:43.792Z",
  "stock_status": null,
  "date_updated": "2024-04-03T15:47:44.393Z",
  "prices": [],
  "purchase_options": {
    "standard": {
      "active": true,
      "price": 0,
      "prices": []
    }
  },
  "images": [
    {
      "file": {
        "id": "660d7a2081aded0012d22515",
        "date_uploaded": "2024-04-03T15:47:44.307Z",
        "length": 22824,
        "md5": "8949eea0f5c8db682e1f65cf4423b645",
        "filename": "Aluminum_4db9b47f-4d26-4caf-b176-e8837d878b97.jpg?v=1644835066",
        "content_type": "image/jpeg",
        "url": "https://cdn.swell.store/b2sdemo_test/660d7a2081aded0012d22515/8949eea0f5c8db682e1f65cf4423b645/Aluminum_4db9b47f-4d26-4caf-b176-e8837d878b97.jpg%3Fv%3D1644835066",
        "uploaded_url": "https://cdn.shopify.com/s/files/1/0012/2005/1002/products/Aluminum_4db9b47f-4d26-4caf-b176-e8837d878b97.jpg?v=1644835066",
        "width": 1500,
        "height": 1500
      },
      "id": "660d7a2096aae300122effaa"
    }
  ],
  "id": "660d7a1f2e54070012d285c9",
  "variants": {
    "count": 0,
    "page_count": 1,
    "page": 1,
    "results": []
  },
  "filename": "column-round-shelf-ja1-aluminum"
}