{
  "slug": "cvl-ip-backstage-wall-light",
  "name": "IP Backstage Wall Light",
  "description": "<h2>Description</h2>\n<!-- split -->\n<p class=\"lead\">Inspired by theatrical dressing rooms, CVL’s Émilie Cathelineau provides an elevated take on a strip of mirror lights. Especially made for the bathroom, IP Backstage comes in a range of linear or right-angle corner dimensions. With a refined distillation of the original concept, the designer pairs mouth-blown opal glass with solid brass in a choice of metallic finishes.</p>\n<!-- split -->\n<h2>Specifications</h2>\n<!-- split -->\n<h4>Size</h4>\n<ul>\n<li>Linear 4: 19.8\" h x 3.6\" d (50.3x9.2cm)</li>\n<li>Linear 6: 28.4\" h x 3.6\" d (72.3x9.2cm)</li>\n<li>Linear 8: 37.1\" h x 3.6\" d (94.3x9.2cm)</li>\n<li>Corner 4: 11.1\" h x 3.6\" d (28.3x9.2cm)</li>\n<li>Corner 6: 15.4\" h x 3.6\" d (39.3x9.2cm)</li>\n<li>Corner 8: 19.8\" h x 3.6\" d (50.3x9.2cm)</li>\n<li>Shade:\n<ul>\n<li>2.5\" dia (6.3cm)</li>\n<li>2\" dia (5cm)</li>\n</ul>\n</li>\n</ul>\n<h4>Material</h4>\n<p>Metal, Opal mouth-blown glass</p>\n<h4>Technical</h4>\n<ul>\n<li>Color temperature: 3000K</li>\n<li>Non-dimmable</li>\n<li>Integrated LED</li>\n</ul>\n<h4>Details</h4>\n<p>Made in France</p>",
  "sku": "CVL-IP-BAC-WALL-LIN4-SB",
  "active": true,
  "meta_title": "IP Backstage Wall Light | Buy CVL online at A+R",
  "price": null,
  "currency": "USD",
  "type": "physical",
  "delivery": "shipment",
  "date_created": "2024-04-03T15:52:08.380Z",
  "stock_status": null,
  "date_updated": "2024-04-03T15:52:08.672Z",
  "prices": [],
  "purchase_options": {
    "standard": {
      "active": true,
      "price": null,
      "prices": []
    }
  },
  "images": [
    {
      "file": {
        "id": "660d7b2802c402001259472a",
        "date_uploaded": "2024-04-03T15:52:08.581Z",
        "length": 105340,
        "md5": "1184ee749469d4f45004e0a70f90fd4c",
        "filename": "ipBackstage-8corner_SatinGraphite_845170a5-cf5e-457e-8ba3-bfe74c0477e2.jpg?v=1664954573",
        "content_type": "image/jpeg",
        "url": "https://cdn.swell.store/b2sdemo_test/660d7b2802c402001259472a/1184ee749469d4f45004e0a70f90fd4c/ipBackstage-8corner_SatinGraphite_845170a5-cf5e-457e-8ba3-bfe74c0477e2.jpg%3Fv%3D1664954573",
        "uploaded_url": "https://cdn.shopify.com/s/files/1/0012/2005/1002/products/ipBackstage-8corner_SatinGraphite_845170a5-cf5e-457e-8ba3-bfe74c0477e2.jpg?v=1664954573",
        "width": 2248,
        "height": 2248
      },
      "id": "660d7b28a755dd00125425a4"
    }
  ],
  "id": "660d7b284d42c60012db48d4",
  "variants": {
    "count": 0,
    "page_count": 1,
    "page": 1,
    "results": []
  },
  "filename": "cvl-ip-backstage-wall-light"
}