{
  "slug": "dedar-stocked-karakorum-004",
  "name": "Karakorum 004",
  "description": "Composition: <meta charset=\"utf-8\">42% Wool 33% Viscose 24% Cotton 1%PA",
  "sku": "Karakorum-004",
  "active": true,
  "meta_title": "Karakorum 001 | Buy Dedar online at A+R",
  "price": null,
  "currency": "USD",
  "type": "physical",
  "delivery": "shipment",
  "date_created": "2024-04-03T15:45:04.935Z",
  "stock_status": null,
  "date_updated": "2024-04-03T15:45:05.319Z",
  "prices": [],
  "purchase_options": {
    "standard": {
      "active": true,
      "price": null,
      "prices": []
    }
  },
  "images": [
    {
      "file": {
        "id": "660d7981a755dd0012542126",
        "date_uploaded": "2024-04-03T15:45:05.230Z",
        "length": 22100,
        "md5": "c8e52d908f9150f9959704d751504bde",
        "filename": "Dedar_Karakorum_4_2bed637b-164c-4382-be34-c344347f8f52.jpg?v=1622206168",
        "content_type": "image/jpeg",
        "url": "https://cdn.swell.store/b2sdemo_test/660d7981a755dd0012542126/c8e52d908f9150f9959704d751504bde/Dedar_Karakorum_4_2bed637b-164c-4382-be34-c344347f8f52.jpg%3Fv%3D1622206168",
        "uploaded_url": "https://cdn.shopify.com/s/files/1/0012/2005/1002/products/Dedar_Karakorum_4_2bed637b-164c-4382-be34-c344347f8f52.jpg?v=1622206168",
        "width": 192,
        "height": 192
      },
      "id": "660d7981f0952100120f5a58"
    }
  ],
  "id": "660d7980dae0b300122e3b5b",
  "variants": {
    "count": 0,
    "page_count": 1,
    "page": 1,
    "results": []
  },
  "filename": "dedar-stocked-karakorum-004"
}