{
  "slug": "edits-circus-wood-chair",
  "name": "Circus Wood Chair",
  "description": "<h2>Description</h2>\n<!-- split -->\n<p class=\"lead\">Vancouver brand Edits unveils a sustainably produced wood dining chair with a residential look that also suits commercial environs. Calling its style \"new-century modern,\" Circus combines striking Y-legs with a shaped seat and the generous embrace of a curved backrest. Fashioned in FSC-certified European ash in natural as well as a range of curated zero-emission lacquers, it is produced by one of the most skilled family-owned manufacturers in Italy with meticulous attention to detail and craftsmanship.</p>\n<!-- split -->\n<h2>Specifications</h2>\n<!-- split -->\n<h4>Size</h4>\n<ul>\n<li>31.1\" h x 22.4\" w x 22\" d (79x57x56cm)</li>\n<li>Seat height: 17.7\" (45cm)</li>\n</ul>\n<h4>Material</h4>\n<p><span data-mce-fragment=\"1\">FSC-certified European ash,</span> lacquered wood</p>\n<h4>Details</h4>\n<p>Made in Italy</p>",
  "sku": "EDTS-CIR1001",
  "active": true,
  "meta_title": "Circus Wood Chair | Buy Edits online at A+R",
  "price": null,
  "currency": "USD",
  "type": "physical",
  "delivery": "shipment",
  "date_created": "2024-04-03T15:46:02.511Z",
  "stock_status": null,
  "date_updated": "2024-04-03T15:46:03.346Z",
  "prices": [],
  "purchase_options": {
    "standard": {
      "active": true,
      "price": null,
      "prices": []
    }
  },
  "images": [
    {
      "file": {
        "id": "660d79bbf6775c0012b58246",
        "date_uploaded": "2024-04-03T15:46:03.142Z",
        "length": 203940,
        "md5": "79b60d2ae6d3b0686471bb1ca55680d1",
        "filename": "EDITS_Circus_Black_Front.jpg?v=1647859033",
        "content_type": "image/jpeg",
        "url": "https://cdn.swell.store/b2sdemo_test/660d79bbf6775c0012b58246/79b60d2ae6d3b0686471bb1ca55680d1/EDITS_Circus_Black_Front.jpg%3Fv%3D1647859033",
        "uploaded_url": "https://cdn.shopify.com/s/files/1/0012/2005/1002/products/EDITS_Circus_Black_Front.jpg?v=1647859033",
        "width": 2500,
        "height": 2500
      },
      "id": "660d79bbd63f770012b8d836"
    }
  ],
  "id": "660d79bae6500f0012cd0975",
  "variants": {
    "count": 0,
    "page_count": 1,
    "page": 1,
    "results": []
  },
  "filename": "edits-circus-wood-chair"
}