{
  "slug": "ferm-living-stone-incense-burner",
  "name": "Stone Incense Burner",
  "description": "<h2>Description</h2>\n<!-- split -->\n<p class=\"lead\"> </p>\n<!-- split -->\n<h2>Specification</h2>\n<!-- split -->\n<h4>Size</h4>\n<p>0.8\" h x 4.1\" w x 3.3\" d (2x10.5x8.5cm)</p>\n<h4>Material</h4>\n<p>Solid brass, matte polish</p>",
  "sku": "FL-100538501",
  "active": true,
  "meta_title": "Stone Incense Burner | Buy Ferm Living online at A+R",
  "price": 33,
  "currency": "USD",
  "type": "physical",
  "delivery": "shipment",
  "date_created": "2024-04-03T15:48:07.525Z",
  "stock_status": null,
  "date_updated": "2024-04-03T15:48:07.626Z",
  "prices": [],
  "purchase_options": {
    "standard": {
      "active": true,
      "price": 33,
      "prices": []
    }
  },
  "id": "660d7a3793607e00127d7059",
  "variants": {
    "count": 0,
    "page_count": 1,
    "page": 1,
    "results": []
  },
  "filename": "ferm-living-stone-incense-burner"
}