{
  "slug": "ferm-living-sekki-coffee-dripper",
  "name": "Sekki Coffee Dripper",
  "description": "<h2>Description</h2>\n<!-- split -->\n<p class=\"lead\"> </p>\n<!-- split -->\n<h2>Specifications</h2>\n<!-- split -->\n<h4>Size</h4>\n<p>3.5\" h x 4.3\" w x 5.5\" d (9x11x14cm)</p>\n<h4>Material</h4>\n<p>Stoneware, cream coloured glaze</p>",
  "sku": "FL-100589209",
  "active": true,
  "meta_title": "Sekki Coffee Dripper | Buy Ferm Living online at A+R",
  "price": 0,
  "currency": "USD",
  "type": "physical",
  "delivery": "shipment",
  "date_created": "2024-04-03T15:48:14.356Z",
  "stock_status": null,
  "date_updated": "2024-04-03T15:48:14.450Z",
  "prices": [],
  "purchase_options": {
    "standard": {
      "active": true,
      "price": 0,
      "prices": []
    }
  },
  "id": "660d7a3efed0770012a5afd0",
  "variants": {
    "count": 0,
    "page_count": 1,
    "page": 1,
    "results": []
  },
  "filename": "ferm-living-sekki-coffee-dripper"
}