{
  "slug": "ferm-living-katie-scott-bedding",
  "name": "Katie Scott Bedding",
  "description": "<h2>Description</h2>\n<!-- split -->\n<p class=\"lead\"> </p>\n<!-- split -->\n<h2>Specifications</h2>\n<!-- split -->\n<h4>Size</h4>\n<ul>\n<li>Baby: 39.4\" h x 27.6\" w (100x70cm)</li>\n<li>Adult: 78.7\" h x 55.1\" w (200x140cm)</li>\n<li>Junior: 55.1\" h x 39.4\" w (140x100cm)</li>\n</ul>\n<h4>Material</h4>\n<p>100% GOTS-certified organic cotton</p>",
  "sku": "FL-1103322855",
  "active": true,
  "meta_title": "Katie Scott Bedding | Buy Ferm Living online at A+R",
  "price": 73,
  "currency": "USD",
  "type": "physical",
  "delivery": "shipment",
  "date_created": "2024-04-03T15:48:54.070Z",
  "stock_status": null,
  "date_updated": "2024-04-03T15:48:54.148Z",
  "prices": [],
  "purchase_options": {
    "standard": {
      "active": true,
      "price": 73,
      "prices": []
    }
  },
  "id": "660d7a66f47eef0012a1bd51",
  "variants": {
    "count": 0,
    "page_count": 1,
    "page": 1,
    "results": []
  },
  "filename": "ferm-living-katie-scott-bedding"
}