{
  "slug": "ferm-living-water-swirl-vase",
  "name": "Water Swirl Vase",
  "description": "<h2>Description</h2>\n<!-- split -->\n<p class=\"lead\">Mouth-blown and impressively oversized, Ferm Living's colored vase brings to mind a whirl of cascading liquid. With its translucent hues reminiscent of a forest glade, Water Swirl creates a sense of motion and effervescence even though it is crafted from solid, massive glass. Fill the vase with flowers or branches or style it solo and enjoy how the sun filters through the twists and turns of the intriguingly meandering form.</p>\n<!-- split -->\n<h2>Specifications</h2>\n<!-- split -->\n<h4>Size</h4>\n<p>18.5\" h x 6.3\" w x 5.5\" d (47x16x14cm)</p>\n<h4>Material</h4>\n<p>Mouth-blown solid glass</p>",
  "sku": "FL-1104263276",
  "active": true,
  "meta_title": "Water Swirl Vase | Buy Ferm Living online at A+R",
  "price": 90,
  "currency": "USD",
  "type": "physical",
  "delivery": "shipment",
  "date_created": "2024-04-03T15:47:53.540Z",
  "stock_status": null,
  "date_updated": "2024-04-03T15:47:53.880Z",
  "prices": [],
  "purchase_options": {
    "standard": {
      "active": true,
      "price": 90,
      "prices": []
    }
  },
  "images": [
    {
      "file": {
        "id": "660d7a29f3ab960012ce982b",
        "date_uploaded": "2024-04-03T15:47:53.731Z",
        "length": 99660,
        "md5": "058db1cbc2f2d257c2a620214f84e0cf",
        "filename": "1104263276_4189fde1-5893-4210-b3e8-364f288a4d24.jpg?v=1699982220",
        "content_type": "image/jpeg",
        "url": "https://cdn.swell.store/b2sdemo_test/660d7a29f3ab960012ce982b/058db1cbc2f2d257c2a620214f84e0cf/1104263276_4189fde1-5893-4210-b3e8-364f288a4d24.jpg%3Fv%3D1699982220",
        "uploaded_url": "https://cdn.shopify.com/s/files/1/0012/2005/1002/files/1104263276_4189fde1-5893-4210-b3e8-364f288a4d24.jpg?v=1699982220",
        "width": 1920,
        "height": 1920
      },
      "id": "660d7a295a773b0012c39acc"
    }
  ],
  "id": "660d7a296797730012b052e1",
  "variants": {
    "count": 0,
    "page_count": 1,
    "page": 1,
    "results": []
  },
  "filename": "ferm-living-water-swirl-vase"
}