{
  "slug": "ferm-living-tuck-pot",
  "name": "Tuck Pot",
  "description": "<h2>Description</h2>\n<!-- split -->\n<p class=\"lead\">With its generous proportions, Ferm Living's spectacularly furrowed pot is perfect for for a large plant—or let it shine all on its own as an accent piece. With its characteristic irregular surface, Tuck is glazed to a high-gloss beauty that captures and reflects the light that plays on its mottled contours. Definitely an eye-catcher in any setting, it comes in a range of gleaming curated colors.</p>\n<!-- split -->\n<h2>Specifications</h2>\n<!-- split -->\n<h4>Size</h4>\n<p>8.7\" h x 11.4\" dia (22x29cm)</p>\n<h4>Material</h4>\n<p>Glazed stoneware</p>",
  "sku": "FL-110135693",
  "active": true,
  "meta_title": "Tuck Pot | Buy Ferm Living online at A+R",
  "price": 68,
  "currency": "USD",
  "type": "physical",
  "delivery": "shipment",
  "date_created": "2024-04-03T15:48:03.047Z",
  "stock_status": null,
  "date_updated": "2024-04-03T15:48:03.493Z",
  "prices": [],
  "purchase_options": {
    "standard": {
      "active": true,
      "price": 68,
      "prices": []
    }
  },
  "images": [
    {
      "file": {
        "id": "660d7a330c3c45001217db28",
        "date_uploaded": "2024-04-03T15:48:03.398Z",
        "length": 42332,
        "md5": "a1237ee7739bed9f9afc80bf20dfbeb6",
        "filename": "RedBrown_5e33b141-4701-4e14-afb1-f017f3f512a5_1.jpg?v=1667882869",
        "content_type": "image/jpeg",
        "url": "https://cdn.swell.store/b2sdemo_test/660d7a330c3c45001217db28/a1237ee7739bed9f9afc80bf20dfbeb6/RedBrown_5e33b141-4701-4e14-afb1-f017f3f512a5_1.jpg%3Fv%3D1667882869",
        "uploaded_url": "https://cdn.shopify.com/s/files/1/0012/2005/1002/products/RedBrown_5e33b141-4701-4e14-afb1-f017f3f512a5_1.jpg?v=1667882869",
        "width": 1500,
        "height": 1500
      },
      "id": "660d7a33090897001217caa1"
    }
  ],
  "id": "660d7a3393607e00127d704b",
  "variants": {
    "count": 0,
    "page_count": 1,
    "page": 1,
    "results": []
  },
  "filename": "ferm-living-tuck-pot"
}