{
  "slug": "karakter-cache-desk-organizer",
  "name": "Cache Desk Organizer",
  "description": "<h2>Description</h2>\n<!-- split -->\n<p class=\"lead\">To go with Paul McCobb’s Cache worktable, Karakter adds a matching Desk Organizer with 2 drawers and a shelf supported by a steel frame. The noted American designer's midcentury pieces reveal a characteristically straightforward and unadorned approach that is also warm and inviting. Pairing natural lacquered oak with a slender powder-coated steel structure., it's a perfect complement to the Console Table (also at A+R).</p>\n<!-- split -->\n<h2>Specifications</h2>\n<!-- split -->\n<h4>Size</h4>\n<p>16.1\" h x 10.6\" w x 13.8\" d (41x27x35cm)</p>\n<h4>Material</h4>\n<p>Powder-coated steel, solid oak</p>",
  "sku": "KAR-201191",
  "active": true,
  "meta_title": "Cache Desk Organizer | Buy Karakter online at A+R",
  "price": 298,
  "currency": "USD",
  "type": "physical",
  "delivery": "shipment",
  "date_created": "2024-04-03T15:50:43.106Z",
  "stock_status": null,
  "date_updated": "2024-04-03T15:50:45.479Z",
  "prices": [],
  "purchase_options": {
    "standard": {
      "active": true,
      "price": 298,
      "prices": []
    }
  },
  "images": [
    {
      "file": {
        "id": "660d7ad5d6fac000129efb4b",
        "date_uploaded": "2024-04-03T15:50:45.378Z",
        "length": 500544,
        "md5": "fa864ea164f8a2d836d940cca900c970",
        "filename": "CacheDeskOrganizer_061_67325020-cdf7-480a-93aa-3c70d92cb683.jpg?v=1678794490",
        "content_type": "image/jpeg",
        "url": "https://cdn.swell.store/b2sdemo_test/660d7ad5d6fac000129efb4b/fa864ea164f8a2d836d940cca900c970/CacheDeskOrganizer_061_67325020-cdf7-480a-93aa-3c70d92cb683.jpg%3Fv%3D1678794490",
        "uploaded_url": "https://cdn.shopify.com/s/files/1/0012/2005/1002/products/CacheDeskOrganizer_061_67325020-cdf7-480a-93aa-3c70d92cb683.jpg?v=1678794490",
        "width": 4000,
        "height": 4000
      },
      "id": "660d7ad5b54c690012108fa2"
    }
  ],
  "id": "660d7ad294abc90012e1b22e",
  "variants": {
    "count": 0,
    "page_count": 1,
    "page": 1,
    "results": []
  },
  "filename": "karakter-cache-desk-organizer"
}