{
  "slug": "karakter-riscio-table-lamp",
  "name": "Riscio Table Lamp",
  "description": "<h2>Description</h2>\n<!-- split -->\n<p class=\"lead\">Fashioned in matte-lacquered sheet steel in a range of hues, Riscio combines a column-like base with a angled front-facing shade. Italian design figure Joe Columbo's original 1968 table lamp nods to its Asian inspiration, deriving from the Italian word for rickshaw. Newly conceived in an LED version with a touch dimmer at the top by Copenhagen's Karakter, it's a timeless and versatile table lamp for both homes and public spaces. </p>\n<!-- split -->\n<h2>Specifications</h2>\n<!-- split -->\n<h4>Size</h4>\n<ul>\n<li>12.6\" h x 10.2\" w x 3.9\" d (32x26x10cm)</li>\n<li>Cable length: 78.7\" (200cm)</li>\n</ul>\n<h4>Material</h4>\n<p>Powder-coated aluminum<br></p>\n<h4>Technical</h4>\n<ul>\n<li>UL Listed</li>\n<li>LED</li>\n<li>Color temperature: 3000K<br>\n</li>\n<li>Dimmable</li>\n</ul>",
  "sku": "KAR-201794",
  "active": true,
  "meta_title": "Riscio Table Lamp | Buy Karakter online at A+R",
  "price": 438,
  "currency": "USD",
  "type": "physical",
  "delivery": "shipment",
  "date_created": "2024-04-03T15:50:10.962Z",
  "stock_status": null,
  "date_updated": "2024-04-03T15:50:12.924Z",
  "prices": [],
  "purchase_options": {
    "standard": {
      "active": true,
      "price": 438,
      "prices": []
    }
  },
  "images": [
    {
      "file": {
        "id": "660d7ab47c1cc3001289246e",
        "date_uploaded": "2024-04-03T15:50:12.681Z",
        "length": 686412,
        "md5": "7298cdd7d9991add3877fca8e89e8bd8",
        "filename": "Riscio_midnight_blue_side_01.jpg?v=1652957587",
        "content_type": "image/jpeg",
        "url": "https://cdn.swell.store/b2sdemo_test/660d7ab47c1cc3001289246e/7298cdd7d9991add3877fca8e89e8bd8/Riscio_midnight_blue_side_01.jpg%3Fv%3D1652957587",
        "uploaded_url": "https://cdn.shopify.com/s/files/1/0012/2005/1002/products/Riscio_midnight_blue_side_01.jpg?v=1652957587",
        "width": 4000,
        "height": 4000
      },
      "id": "660d7ab4f428300012b10d3b"
    }
  ],
  "id": "660d7ab20c3c45001217dca6",
  "variants": {
    "count": 0,
    "page_count": 1,
    "page": 1,
    "results": []
  },
  "filename": "karakter-riscio-table-lamp"
}