{
  "slug": "lambert-fils-laurent-04-suspension-lamp",
  "name": "Laurent 04 Suspension Lamp",
  "description": "<h2>Description</h2>\n<!-- split -->\n<p class=\"lead\">Laurent 04 reveals a unique pentagonal form in this variation on Lambert &amp; Fils' collection featuring 5 handblown opaline globes. The geometric metal panel in polished brass, nickel-plate or varied colors of powder-coated aluminum bisects the milky glass forms that are each aglow with a warm LED illumination. With a choice of angled- or parallel-mount models, the distinctive suspended light is handmade at the brand's Montreal atelier.  </p>\n<!-- split -->\n<h2>Specifications</h2>\n<!-- split -->\n<h4>Size</h4>\n<ul>\n<li>91.3\" h x 25.2\" w x 24\" d (232x64x61cm)</li>\n<li>Shade: 5.5\" dia (14cm)</li>\n<li>Canopy: 2\" h (5cm)</li>\n<li>Cord length: 83.9\" (213cm)</li>\n</ul>\n<h4>Material</h4>\n<p>Powder-coated aluminum or brass, nickel plated steel, handblown opaline glass globe, polyester</p>\n<h4>Technical</h4>\n<ul>\n<li>UL Listed</li>\n<li>G9</li>\n<li>Color temperature: 2700K</li>\n<li>Bulb included</li>\n</ul>",
  "sku": "LAM-LRT04BKBKBKAW",
  "active": true,
  "meta_title": "Laurent 04 Suspension Lamp | Buy Lambert & Fils online at A+R",
  "price": 2255,
  "currency": "USD",
  "type": "physical",
  "delivery": "shipment",
  "date_created": "2024-04-03T15:53:57.575Z",
  "stock_status": null,
  "date_updated": "2024-04-03T15:53:59.095Z",
  "images": [
    {
      "file": {
        "id": "660d7b96d739ac0012d7dda1",
        "date_uploaded": "2024-04-03T15:53:58.041Z",
        "length": 83064,
        "md5": "338e7efe15d7febca0f4cad91365d6dd",
        "filename": "LRT04BEBL_33dd282e-79e6-4ade-894f-96d9a90ff16b.jpg?v=1704371322",
        "content_type": "image/jpeg",
        "url": "https://cdn.swell.store/b2sdemo_test/660d7b96d739ac0012d7dda1/338e7efe15d7febca0f4cad91365d6dd/LRT04BEBL_33dd282e-79e6-4ade-894f-96d9a90ff16b.jpg%3Fv%3D1704371322",
        "uploaded_url": "https://cdn.shopify.com/s/files/1/0012/2005/1002/files/LRT04BEBL_33dd282e-79e6-4ade-894f-96d9a90ff16b.jpg?v=1704371322",
        "width": 2000,
        "height": 2000
      },
      "id": "660d7b961c71db00124578f1"
    }
  ],
  "prices": [],
  "purchase_options": {
    "standard": {
      "active": true,
      "price": 2255,
      "prices": []
    }
  },
  "id": "660d7b951bdff00012d1a408",
  "variants": {
    "count": 0,
    "page_count": 1,
    "page": 1,
    "results": []
  },
  "filename": "lambert-fils-laurent-04-suspension-lamp"
}