{
  "slug": "lambert-fils-dot-wall-lamp-softwire",
  "name": "Dot Wall Lamp: Softwire",
  "description": "<h2>Description</h2>\n<!-- split -->\n<p class=\"lead\">Adding a flat disc shape to the Dot series’ signature bulb motif makes for a distinctive geometric wall light. In gleaming brass or powder-coat finish, it features a milky glass globe to gently diffuse the LED illumination. Available as a hardwire fixture or as a convenient plug-in, the versatile lamp is handmade at Lambert &amp; Fils’ Montreal atelier. </p>\n<!-- split -->\n<h2>Specifications</h2>\n<!-- split -->\n<h4>Size</h4>\n<ul>\n<li>4.7\" h x 5.9\" dia (12x15cm)</li>\n<li>Cord length: 96.1\" (244cm)</li>\n</ul>\n<h4>Material</h4>\n<p>Brass, powder-coated steel, milk glass globe, vinyl</p>\n<h4>Technical</h4>\n<ul>\n<li>UL Listed</li>\n<li>G9</li>\n<li>Color temperature: 2700K, 3000K</li>\n<li>Dimmable<br>\n</li>\n<li>Bulb included</li>\n</ul>\n<ul></ul>",
  "sku": "LAM-DOT03SWBRBK",
  "active": true,
  "meta_title": "Dot Wall Lamp: Softwire | Buy Lambert & Fils online at A+R",
  "price": 328,
  "currency": "USD",
  "type": "physical",
  "delivery": "shipment",
  "date_created": "2024-04-03T15:53:17.762Z",
  "stock_status": null,
  "date_updated": "2024-04-03T15:53:18.782Z",
  "prices": [],
  "purchase_options": {
    "standard": {
      "active": true,
      "price": 328,
      "prices": []
    }
  },
  "images": [
    {
      "file": {
        "id": "660d7b6ec0f4930012e5ff3e",
        "date_uploaded": "2024-04-03T15:53:18.686Z",
        "length": 166300,
        "md5": "311828bff470d58064802945d71b9eeb",
        "filename": "DOT03BRSW_2-1300x1300_5f69222b-ab40-4258-9ac8-2aead3a2612e.jpg?v=1704276002",
        "content_type": "image/jpeg",
        "url": "https://cdn.swell.store/b2sdemo_test/660d7b6ec0f4930012e5ff3e/311828bff470d58064802945d71b9eeb/DOT03BRSW_2-1300x1300_5f69222b-ab40-4258-9ac8-2aead3a2612e.jpg%3Fv%3D1704276002",
        "uploaded_url": "https://cdn.shopify.com/s/files/1/0012/2005/1002/files/DOT03BRSW_2-1300x1300_5f69222b-ab40-4258-9ac8-2aead3a2612e.jpg?v=1704276002",
        "width": 3000,
        "height": 3000
      },
      "id": "660d7b6ef428300012b10fb4"
    }
  ],
  "id": "660d7b6d090897001217d1a8",
  "variants": {
    "count": 0,
    "page_count": 1,
    "page": 1,
    "results": []
  },
  "filename": "lambert-fils-dot-wall-lamp-softwire"
}