{
  "slug": "lambert-fils-sainte-atelier-08-suspension-lamp",
  "name": "Sainte Atelier 08 Suspension Lamp",
  "description": "<h2>Description</h2>\n<!-- split -->\n<p class=\"lead\">Suspension light 08, like the other models from the showpiece Sainte Atelier grouping, reimagines the series’ archetypal rectangle in an array of richly colored glass with a captivating sense of scale. The light features special sustainable LED technology powered via its flat hanging ribbon to create a majestic ambiance and its removable aluminum lightbox can be flipped around to cast light up or down. Designed in collaboration with Rachel Bussin, it’s handmade at Lambert &amp; Fils in Montreal. <br data-mce-fragment=\"1\"></p>\n<!-- split -->\n<h2>Specifications</h2>\n<!-- split -->\n<h4>Size</h4>\n<ul>\n<li>28\" h x 20.1\" w x 3.5\" d (71x51x8.8cm)</li>\n<li>Ribbon length: 120.1\" (305cm)</li>\n<li>Canopy: 1.6\" h x 7.1\" w x 5.1\" d (4x18x13cm)</li>\n</ul>\n<h4>Material</h4>\n<p><span>Polished aluminum, nylon, PMMA, polyester,</span><span> </span><span data-mce-fragment=\"1\">polyester laminated glass</span></p>\n<h4>Technical</h4>\n<ul>\n<li>UL Listed</li>\n<li>Color temperature: 2700K-2200K, <span data-mce-fragment=\"1\">3000K-2200K</span>\n</li>\n<li>Dimmable</li>\n<li>Integrated LED</li>\n</ul>\n<ul></ul>",
  "sku": "LAM-STE08BKWL",
  "active": true,
  "meta_title": "Sainte Atelier 08 Suspension Lamp | Buy Lambert & Fils online at A+R",
  "price": 5035,
  "currency": "USD",
  "type": "physical",
  "delivery": "shipment",
  "date_created": "2024-04-03T15:52:26.919Z",
  "stock_status": null,
  "date_updated": "2024-04-03T15:52:27.669Z",
  "prices": [],
  "purchase_options": {
    "standard": {
      "active": true,
      "price": 5035,
      "prices": []
    }
  },
  "images": [
    {
      "file": {
        "id": "660d7b3b44e8b400124fe840",
        "date_uploaded": "2024-04-03T15:52:27.437Z",
        "length": 71816,
        "md5": "992cf05fb94aad3372ed852324ca0d84",
        "filename": "Sainte_03_2_1_1_1_0cd8f50b-47cf-456e-aa84-8e2aaf57e6ca.jpg?v=1704805705",
        "content_type": "image/jpeg",
        "url": "https://cdn.swell.store/b2sdemo_test/660d7b3b44e8b400124fe840/992cf05fb94aad3372ed852324ca0d84/Sainte_03_2_1_1_1_0cd8f50b-47cf-456e-aa84-8e2aaf57e6ca.jpg%3Fv%3D1704805705",
        "uploaded_url": "https://cdn.shopify.com/s/files/1/0012/2005/1002/files/Sainte_03_2_1_1_1_0cd8f50b-47cf-456e-aa84-8e2aaf57e6ca.jpg?v=1704805705",
        "width": 2000,
        "height": 2000
      },
      "id": "660d7b3b50290a0012705b66"
    }
  ],
  "id": "660d7b3a56978b0012991a99",
  "variants": {
    "count": 0,
    "page_count": 1,
    "page": 1,
    "results": []
  },
  "filename": "lambert-fils-sainte-atelier-08-suspension-lamp"
}