{
  "slug": "lambert-fils-beaubien-floor-lamp",
  "name": "Beaubien Floor Lamp",
  "description": "<h2>Description</h2>\n<!-- split -->\n<p class=\"lead\">With an engaging screen-like structure, Beaubien's floor lamp adds warm ambient LED illumination as well as a graphic punch to any setting. With twisting black powder-coated rods that bend in, out, the contrasting brass fittings display varied-sized globes in milk glass for further visual interest. Lighting brand Lambert &amp; Fils' imaginative lamp, like all of its offerings, is completely handmade at the brand's Montreal atelier.</p>\n<!-- split -->\n<h2>Specifications</h2>\n<!-- split -->\n<h4>Size</h4>\n<ul>\n<li>59.8\" h x 16.9\" w x 20.1\" d (152x43x51cm)</li>\n<li>Cord length: 120.1\" (305cm)</li>\n</ul>\n<h4>Material</h4>\n<p>Powder-coated steel, aluminum, frosted brass, milk glass</p>\n<h4>Technical</h4>\n<ul>\n<li>UL Listed</li>\n<li>G9</li>\n<li>Color temperature: 2700K, 3000K</li>\n<li>Dimmable</li>\n<li>Bulb included</li>\n</ul>",
  "sku": "LAM-BEA01FLBKBRBK",
  "active": true,
  "meta_title": "Beaubien Floor Lamp | Buy Lambert & Fils online at A+R",
  "price": 1968,
  "currency": "USD",
  "type": "physical",
  "delivery": "shipment",
  "date_created": "2024-04-03T15:53:33.608Z",
  "stock_status": null,
  "date_updated": "2024-04-03T15:53:34.553Z",
  "prices": [],
  "purchase_options": {
    "standard": {
      "active": true,
      "price": 1968,
      "prices": []
    }
  },
  "images": [
    {
      "file": {
        "id": "660d7b7e055bcb0012fb178c",
        "date_uploaded": "2024-04-03T15:53:34.466Z",
        "length": 127032,
        "md5": "39f6c5241769dbb398819f970c33267b",
        "filename": "BEA01FLBLGR_1_1_453ad5e8-0acd-46d0-bf2e-e8c9481f1bb2.jpg?v=1685956359",
        "content_type": "image/jpeg",
        "url": "https://cdn.swell.store/b2sdemo_test/660d7b7e055bcb0012fb178c/39f6c5241769dbb398819f970c33267b/BEA01FLBLGR_1_1_453ad5e8-0acd-46d0-bf2e-e8c9481f1bb2.jpg%3Fv%3D1685956359",
        "uploaded_url": "https://cdn.shopify.com/s/files/1/0012/2005/1002/files/BEA01FLBLGR_1_1_453ad5e8-0acd-46d0-bf2e-e8c9481f1bb2.jpg?v=1685956359",
        "width": 3000,
        "height": 3000
      },
      "id": "660d7b7e4b5e460012294ecf"
    }
  ],
  "id": "660d7b7d4d42c60012db49b4",
  "variants": {
    "count": 0,
    "page_count": 1,
    "page": 1,
    "results": []
  },
  "filename": "lambert-fils-beaubien-floor-lamp"
}