{
  "slug": "lambert-fils-beaubien-wall-double-shade-lamp",
  "name": "Beaubien Wall Double Shade Lamp",
  "description": "<h2>Description</h2>\n<!-- split -->\n<p class=\"lead\">Beaubien extends the collection’s industrial aesthetic in a handsome double-light wall model. Two metal shades are mounted on a steel rod with one facing out, the other sideways—and the fixture can be mounted either vertically or horizontally as needs dictate. Milk glass globes provide warm, diffused LED illumination as it’s reflected off the shades’ golden interior. Lambert &amp; Fils' uncommon lighting is completely handmade at the brand's Montreal atelier.</p>\n<!-- split -->\n<h2>Specifications</h2>\n<!-- split -->\n<h4>Size</h4>\n<p>43.3\" h x 16.5\" w x 14.2\" d (110x42x36cm)</p>\n<h4>Material</h4>\n<p>Powder-coated steel or aluminum, brass, frosted milk glass globe</p>\n<h4>Technical</h4>\n<ul>\n<li>UL Listed</li>\n<li>G9 </li>\n<li>Color temperature: 2700K, 3000K</li>\n<li>Dimmable<br>\n</li>\n<li>Bulb included</li>\n</ul>",
  "sku": "LAM-BEA04BKBRA",
  "active": true,
  "meta_title": "Beaubien Wall Double Shade Lamp | Buy Lambert & Fils online at A+R",
  "price": 595,
  "currency": "USD",
  "type": "physical",
  "delivery": "shipment",
  "date_created": "2024-04-03T15:53:30.408Z",
  "stock_status": null,
  "date_updated": "2024-04-03T15:53:31.109Z",
  "prices": [],
  "purchase_options": {
    "standard": {
      "active": true,
      "price": 595,
      "prices": []
    }
  },
  "images": [
    {
      "file": {
        "id": "660d7b7bfa9b03001262e8b2",
        "date_uploaded": "2024-04-03T15:53:31.026Z",
        "length": 43952,
        "md5": "e2d238191788659756991cd1fcf34aba",
        "filename": "BEA04BLBRA_01_1_76f1c510-d163-4821-b19f-b3a4b181eef8.jpg?v=1703846845",
        "content_type": "image/jpeg",
        "url": "https://cdn.swell.store/b2sdemo_test/660d7b7bfa9b03001262e8b2/e2d238191788659756991cd1fcf34aba/BEA04BLBRA_01_1_76f1c510-d163-4821-b19f-b3a4b181eef8.jpg%3Fv%3D1703846845",
        "uploaded_url": "https://cdn.shopify.com/s/files/1/0012/2005/1002/files/BEA04BLBRA_01_1_76f1c510-d163-4821-b19f-b3a4b181eef8.jpg?v=1703846845",
        "width": 2000,
        "height": 2000
      },
      "id": "660d7b7b90abf000124fca33"
    }
  ],
  "id": "660d7b7a6f64df0012a46fe3",
  "variants": {
    "count": 0,
    "page_count": 1,
    "page": 1,
    "results": []
  },
  "filename": "lambert-fils-beaubien-wall-double-shade-lamp"
}