{
  "slug": "nevotex-aniline-leather",
  "name": "Aniline Leather",
  "description": "<p>Composition: 100% Aniline leather</p>",
  "sku": "Ani-Lea",
  "active": true,
  "meta_title": "Aniline Leather | Buy Nevotex online at A+R",
  "price": null,
  "currency": "USD",
  "type": "physical",
  "delivery": "shipment",
  "date_created": "2024-04-03T15:47:09.443Z",
  "stock_status": null,
  "date_updated": "2024-04-03T15:47:09.950Z",
  "prices": [],
  "purchase_options": {
    "standard": {
      "active": true,
      "price": null,
      "prices": []
    }
  },
  "images": [
    {
      "file": {
        "id": "660d79fd03e0280012dc9568",
        "date_uploaded": "2024-04-03T15:47:09.793Z",
        "length": 2448,
        "md5": "ba038f47295632a7c200eb746f34ce16",
        "filename": "NewProject_d62f7e3b-c2c1-43c4-a480-fe0a7932df20.jpg?v=1620889456",
        "content_type": "image/jpeg",
        "url": "https://cdn.swell.store/b2sdemo_test/660d79fd03e0280012dc9568/ba038f47295632a7c200eb746f34ce16/NewProject_d62f7e3b-c2c1-43c4-a480-fe0a7932df20.jpg%3Fv%3D1620889456",
        "uploaded_url": "https://cdn.shopify.com/s/files/1/0012/2005/1002/products/NewProject_d62f7e3b-c2c1-43c4-a480-fe0a7932df20.jpg?v=1620889456",
        "width": 192,
        "height": 192
      },
      "id": "660d79fd52715700129ace32"
    }
  ],
  "id": "660d79fd4974d6001242b375",
  "variants": {
    "count": 0,
    "page_count": 1,
    "page": 1,
    "results": []
  },
  "filename": "nevotex-aniline-leather"
}