{
  "slug": "normann-copenhagen-form-barstool-miniature",
  "name": "Form Barstool Miniature",
  "description": "<h2>Description</h2>\n<!-- split -->\n<p class=\"lead\"> </p>\n<!-- split -->\n<h2>Specifications</h2>\n<!-- split -->\n<h4>Size</h4>\n<p>5\" h x 2.8\" w x 3\" d (12.8x7.1x7.5cm)</p>\n<h4>Material</h4>\n<p>Plastic, wood</p>\n",
  "sku": "NOR-390016",
  "active": true,
  "meta_title": "Form Barstool Miniature | Buy Normann Copenhagen online at A+R",
  "price": 28,
  "currency": "USD",
  "type": "physical",
  "delivery": "shipment",
  "date_created": "2024-04-03T15:43:59.195Z",
  "stock_status": null,
  "date_updated": "2024-04-03T15:43:59.292Z",
  "prices": [],
  "purchase_options": {
    "standard": {
      "active": true,
      "price": 28,
      "prices": []
    }
  },
  "id": "660d793f90abf000124fc322",
  "variants": {
    "count": 0,
    "page_count": 1,
    "page": 1,
    "results": []
  },
  "filename": "normann-copenhagen-form-barstool-miniature"
}