{
  "slug": "by-interiors-frente-sofa-ottoman",
  "name": "Frente Sofa: Ottoman",
  "description": "<h2>Description</h2>\n<!-- split -->\n<p class=\"lead\"> </p>\n<!-- split -->\n<h2>Specifications</h2>\n<!-- split -->\n<h4>Size</h4>\n<ul>\n<li>Small: 15\" h x 31.5\" w x 31.5\" d (38x80x80cm)</li>\n<li>Large: 15\" h x 35.4\" w x 35.4\" d (38x90x90cm)</li>\n</ul>\n<h4>Material</h4>\n<p>Wooden frame , polyurethane foam</p>\n<h4>Details</h4>\n<ul>\n<li>Category 2: Pado, Pesba, Report, Record, Yoda, Texture, Sand</li>\n<li>Category 3: Talapo, Report, Record, Yoda, Texture, Sand</li>\n<li>Category 4: Brionne, Frank</li>\n<li>Leather</li>\n<li>COM and COL are available on request</li>\n</ul>\n<p>Made in Japan</p>",
  "sku": "BYI-FRT-SFA-OTT-L-NAT-OAK-CAT-2",
  "active": true,
  "meta_title": "Frente Sofa: Ottoman | Buy By Interiors online at A+R",
  "price": 975,
  "currency": "USD",
  "type": "physical",
  "delivery": "shipment",
  "date_created": "2024-04-03T15:46:54.513Z",
  "stock_status": null,
  "date_updated": "2024-04-03T15:46:54.611Z",
  "prices": [],
  "purchase_options": {
    "standard": {
      "active": true,
      "price": 975,
      "prices": []
    }
  },
  "id": "660d79eef3ab960012ce9798",
  "variants": {
    "count": 0,
    "page_count": 1,
    "page": 1,
    "results": []
  },
  "filename": "by-interiors-frente-sofa-ottoman"
}