{
  "slug": "by-interiors-loaf-planter",
  "name": "Loaf Planter",
  "description": "<h2>Description</h2>\n<!-- split -->\n<p class=\"lead\">To go with the companion bench and table for public spaces, By Interiors adds a similarly shaped planter from designer Keiji Takeuchi. With the convenience of rolling casters for movability, Loaf is made from powder-coated steel in the familiar round-edged square shape. The planter is equipped with a matching inset steel top with a wide hole for framing the greenery and has small handles at the sides for a casual touch.</p>\n<!-- split -->\n<h2>Specifications</h2>\n<!-- split -->\n<h4>Size</h4>\n<p>17.3\" h x 15.4\" w x 13.4\" d (44x39x34cm)</p>\n<h4>Material</h4>\n<p><span data-mce-fragment=\"1\">Powder-coated steel</span></p>\n<h4><span data-mce-fragment=\"1\">Details</span></h4>\n<p><span data-mce-fragment=\"1\">Made in Japan</span></p>",
  "sku": "BYI-LOA-PLA-BLK",
  "active": true,
  "meta_title": "Loaf Planter | Buy By Interiors online at A+R",
  "price": 440,
  "currency": "USD",
  "type": "physical",
  "delivery": "shipment",
  "date_created": "2024-04-03T15:46:56.151Z",
  "stock_status": null,
  "date_updated": "2024-04-03T15:46:57.775Z",
  "prices": [],
  "purchase_options": {
    "standard": {
      "active": true,
      "price": 440,
      "prices": []
    }
  },
  "images": [
    {
      "file": {
        "id": "660d79f181aded0012d22495",
        "date_uploaded": "2024-04-03T15:46:57.679Z",
        "length": 715104,
        "md5": "3989ee1e38c1408380c627c9aa7fdab8",
        "filename": "Black_4c1a4697-2ce8-4311-8b6f-7b44c7fde2c5.jpg?v=1644206992",
        "content_type": "image/jpeg",
        "url": "https://cdn.swell.store/b2sdemo_test/660d79f181aded0012d22495/3989ee1e38c1408380c627c9aa7fdab8/Black_4c1a4697-2ce8-4311-8b6f-7b44c7fde2c5.jpg%3Fv%3D1644206992",
        "uploaded_url": "https://cdn.shopify.com/s/files/1/0012/2005/1002/products/Black_4c1a4697-2ce8-4311-8b6f-7b44c7fde2c5.jpg?v=1644206992",
        "width": 4000,
        "height": 4000
      },
      "id": "660d79f1055bcb0012fb1296"
    }
  ],
  "id": "660d79f09ca7260012fc3de6",
  "variants": {
    "count": 0,
    "page_count": 1,
    "page": 1,
    "results": []
  },
  "filename": "by-interiors-loaf-planter"
}