{
  "slug": "established-sons-bloc-side-table",
  "name": "Bloc Side Table",
  "description": "<h2>Description</h2>\n<!-- split -->\n<p class=\"lead\">“Colors often come way too late in the development of a design,” says Pauline Deltour of her multihued side table. “For once I wanted to invert the process.” The Parisian designer’s Bloc takes form as a plywood box with contrasting high-pressure laminate finishes and black dowel feet. (Optional castor wheels available, inquire at A+R.) Hidden inside are 1 or 2 drawers with a soft-open mechanism, disguised by the color-blocked surfaces. In 3 sizes, the highly versatile piece adds playfulness and a graphic punch to any interior. </p>\n<!-- split -->\n<h2>Specification</h2>\n<!-- split -->\n<h4>Size</h4>\n<ul>\n<li>Small: 11.4\" h x 25.2\" w x 17.7\" d (29x64x45cm)</li>\n<li>Long: 11.4\" h x 47.2\" w x 17.7\" d (29x120x45cm)</li>\n</ul>\n<h4>Material</h4>\n<p>Birch plywood, stainless steel, stained oak, nylon</p>",
  "sku": "EST-7191",
  "active": true,
  "meta_title": "Bloc Side Table | Buy Established & Sons online at A+R",
  "price": 1200,
  "currency": "USD",
  "type": "physical",
  "delivery": "shipment",
  "date_created": "2024-04-03T15:51:49.531Z",
  "stock_status": null,
  "date_updated": "2024-04-03T15:51:50.160Z",
  "prices": [],
  "purchase_options": {
    "standard": {
      "active": true,
      "price": 1200,
      "prices": []
    }
  },
  "images": [
    {
      "file": {
        "id": "660d7b16c0f4930012e5fe46",
        "date_uploaded": "2024-04-03T15:51:50.071Z",
        "length": 52660,
        "md5": "5f01919edcc8a261dd01d46b7ec8a79c",
        "filename": "BLOC-L1200-Pauline-Deltour-c2020-EstablishedandSons-cRoryGardiner-_TheStratfordLondon-300dpi.jpg?v=1683875085",
        "content_type": "image/jpeg",
        "url": "https://cdn.swell.store/b2sdemo_test/660d7b16c0f4930012e5fe46/5f01919edcc8a261dd01d46b7ec8a79c/BLOC-L1200-Pauline-Deltour-c2020-EstablishedandSons-cRoryGardiner-_TheStratfordLondon-300dpi.jpg%3Fv%3D1683875085",
        "uploaded_url": "https://cdn.shopify.com/s/files/1/0012/2005/1002/files/BLOC-L1200-Pauline-Deltour-c2020-EstablishedandSons-cRoryGardiner-_TheStratfordLondon-300dpi.jpg?v=1683875085",
        "width": 2000,
        "height": 2000
      },
      "id": "660d7b16aeb36c0012e04b10"
    }
  ],
  "id": "660d7b15ed32660012b0c532",
  "variants": {
    "count": 0,
    "page_count": 1,
    "page": 1,
    "results": []
  },
  "filename": "established-sons-bloc-side-table"
}