{
  "slug": "ferm-living-sekki-mug",
  "name": "Sekki Mug",
  "description": "<h2>Description</h2>\n<!-- split -->\n<p class=\"lead\"> </p>\n<!-- split -->\n<h2>Specifications</h2>\n<!-- split -->\n<h4>Size</h4>\n<p>3.5\" h x 4.1\" w x 2.9\" d (9x10.5x7.5cm)</p>\n<h4>Material</h4>\n<p>Stoneware, cream coloured glaze</p>",
  "sku": "FL-100591209",
  "active": true,
  "meta_title": "Sekki Mug | Buy Ferm Living online at A+R",
  "price": 13,
  "currency": "USD",
  "type": "physical",
  "delivery": "shipment",
  "date_created": "2024-04-03T15:48:13.082Z",
  "stock_status": null,
  "date_updated": "2024-04-03T15:48:13.166Z",
  "prices": [],
  "purchase_options": {
    "standard": {
      "active": true,
      "price": 13,
      "prices": []
    }
  },
  "id": "660d7a3d6d7d770012a02f7b",
  "variants": {
    "count": 0,
    "page_count": 1,
    "page": 1,
    "results": []
  },
  "filename": "ferm-living-sekki-mug"
}