{
  "slug": "ferm-living-dora-towel-stand",
  "name": "Dora Towel Stand",
  "description": "<h2>Description</h2>\n<!-- split -->\n<p class=\"lead\"> </p>\n<!-- split -->\n<h2>Specifications</h2>\n<!-- split -->\n<h4>Size</h4>\n<p>34.8\" h x 28.5\" w x 7.7\" d (88.3x72.5x19.6cm)</p>\n<h4>Material</h4>\n<p>Powder-coated stainless steel</p>",
  "sku": "FL-1104263258",
  "active": true,
  "meta_title": "Dora Towel Stand | Buy Ferm Living online at A+R",
  "price": 125,
  "currency": "USD",
  "type": "physical",
  "delivery": "shipment",
  "date_created": "2024-04-03T15:49:32.295Z",
  "stock_status": null,
  "date_updated": "2024-04-03T15:49:32.893Z",
  "prices": [],
  "purchase_options": {
    "standard": {
      "active": true,
      "price": 125,
      "prices": []
    }
  },
  "images": [
    {
      "file": {
        "id": "660d7a8c5a773b0012c39bf3",
        "date_uploaded": "2024-04-03T15:49:32.808Z",
        "length": 44984,
        "md5": "83d9a3343f4fa2923e9eb7ca312c8532",
        "filename": "1104263259.jpg?v=1655879715",
        "content_type": "image/jpeg",
        "url": "https://cdn.swell.store/b2sdemo_test/660d7a8c5a773b0012c39bf3/83d9a3343f4fa2923e9eb7ca312c8532/1104263259.jpg%3Fv%3D1655879715",
        "uploaded_url": "https://cdn.shopify.com/s/files/1/0012/2005/1002/products/1104263259.jpg?v=1655879715",
        "width": 1500,
        "height": 1500
      },
      "id": "660d7a8cf0952100120f5cf2"
    }
  ],
  "id": "660d7a8cb54c690012108e8c",
  "variants": {
    "count": 0,
    "page_count": 1,
    "page": 1,
    "results": []
  },
  "filename": "ferm-living-dora-towel-stand"
}