{
  "slug": "ferm-living-tuck-vase",
  "name": "Tuck Vase",
  "description": "<h2>Description</h2>\n<!-- split -->\n<p class=\"lead\">From a hand-formed original design, Ferm Living's vase has an intriguingly mottled surface with a light-reflecting gleam that plays up its furrows and hollows. Sized to make a grand impression at more than a foot tall, Tuck can be filled with a mass of branches or flowers—or let the piece make a solo statement. Fashioned in stoneware with a high-gloss colored glaze, it's a true statement piece in any of its select hues.</p>\n<!-- split -->\n<h2>Specifications</h2>\n<!-- split -->\n<h4>Size</h4>\n<p>15.7\" h x 13.4\" dia (40x34cm)</p>\n<h4>Material</h4>\n<p>Stoneware</p>",
  "sku": "FL-110136693",
  "active": true,
  "meta_title": "Tuck Vase | Buy Ferm Living online at A+R",
  "price": 153,
  "currency": "USD",
  "type": "physical",
  "delivery": "shipment",
  "date_created": "2024-04-03T15:48:01.359Z",
  "stock_status": null,
  "date_updated": "2024-04-03T15:48:02.075Z",
  "prices": [],
  "purchase_options": {
    "standard": {
      "active": true,
      "price": 153,
      "prices": []
    }
  },
  "images": [
    {
      "file": {
        "id": "660d7a31d739ac0012d7d933",
        "date_uploaded": "2024-04-03T15:48:01.982Z",
        "length": 106608,
        "md5": "19fc77efbdbd6bd42d32cca9cdbbcd42",
        "filename": "fermLIVING_SS20_TuckVase_110136693_1.jpg?v=1685363545",
        "content_type": "image/jpeg",
        "url": "https://cdn.swell.store/b2sdemo_test/660d7a31d739ac0012d7d933/19fc77efbdbd6bd42d32cca9cdbbcd42/fermLIVING_SS20_TuckVase_110136693_1.jpg%3Fv%3D1685363545",
        "uploaded_url": "https://cdn.shopify.com/s/files/1/0012/2005/1002/files/fermLIVING_SS20_TuckVase_110136693_1.jpg?v=1685363545",
        "width": 1849,
        "height": 1850
      },
      "id": "660d7a32d6fac000129ef90a"
    }
  ],
  "id": "660d7a31f1f9e600129fdfe8",
  "variants": {
    "count": 0,
    "page_count": 1,
    "page": 1,
    "results": []
  },
  "filename": "ferm-living-tuck-vase"
}