{
  "slug": "ferm-living-curvature-towel-hanger",
  "name": "Curvature Towel Hanger",
  "description": "<h2>Description</h2>\n<!-- split -->\n<p class=\"lead\"> </p>\n<!-- split -->\n<h2>Specifications</h2>\n<!-- split -->\n<h4>Size</h4>\n<p>4.2\" h x 26\" w x 3.3\" d (10.7x65.9x8.5cm)</p>\n<h4>Material</h4>\n<p>Solid brass, matte lacquer, screws, rawplugs included</p>",
  "sku": "FL-1104263288",
  "active": true,
  "meta_title": "Curvature Towel Hanger | Buy Ferm Living online at A+R",
  "price": 73,
  "currency": "USD",
  "type": "physical",
  "delivery": "shipment",
  "date_created": "2024-04-03T15:49:37.607Z",
  "stock_status": null,
  "date_updated": "2024-04-03T15:49:37.907Z",
  "prices": [],
  "purchase_options": {
    "standard": {
      "active": true,
      "price": 73,
      "prices": []
    }
  },
  "images": [
    {
      "file": {
        "id": "660d7a91c3a01200123a8c99",
        "date_uploaded": "2024-04-03T15:49:37.829Z",
        "length": 35560,
        "md5": "662b85325ed3091a9d779671bead8a94",
        "filename": "1104263288.jpg?v=1620045608",
        "content_type": "image/jpeg",
        "url": "https://cdn.swell.store/b2sdemo_test/660d7a91c3a01200123a8c99/662b85325ed3091a9d779671bead8a94/1104263288.jpg%3Fv%3D1620045608",
        "uploaded_url": "https://cdn.shopify.com/s/files/1/0012/2005/1002/products/1104263288.jpg?v=1620045608",
        "width": 1920,
        "height": 1920
      },
      "id": "660d7a91e6500f0012cd0b8a"
    }
  ],
  "id": "660d7a9144e8b400124fe61f",
  "variants": {
    "count": 0,
    "page_count": 1,
    "page": 1,
    "results": []
  },
  "filename": "ferm-living-curvature-towel-hanger"
}