{
  "slug": "ferm-living-podia-table-oval",
  "name": "Podia Table Oval",
  "description": "<h2>Description</h2>\n<!-- split -->\n<p class=\"lead\">Podia makes for a striking anchor in a living room or lounge area with its liberal proportions and an unusual slatted base. Ferm Living’s oval occasional table also features a removable top that lifts right off  to reveal double storage compartments inside. Fashioned in painted ash, the vertical lines of the structure add an undeniable graphic panache.</p>\n<!-- split -->\n<h2>Specifications</h2>\n<!-- split -->\n<h4>Size</h4>\n<p>15.7\" h x 37.4\" w x 21.7\" d (40x95x55cm)</p>\n<h4>Material</h4>\n<p>Painted ash veneer, MDF</p>",
  "sku": "FL-3306",
  "active": true,
  "meta_title": "Podia Table Oval | Buy Ferm Living online at A+R",
  "price": 493,
  "currency": "USD",
  "type": "physical",
  "delivery": "shipment",
  "date_created": "2024-04-03T15:46:24.032Z",
  "stock_status": null,
  "date_updated": "2024-04-03T15:46:24.559Z",
  "prices": [],
  "purchase_options": {
    "standard": {
      "active": true,
      "price": 493,
      "prices": []
    }
  },
  "images": [
    {
      "file": {
        "id": "660d79d0055bcb0012fb1234",
        "date_uploaded": "2024-04-03T15:46:24.475Z",
        "length": 417224,
        "md5": "511132755ac3d7d6a726008fad975b0d",
        "filename": "PodiaSideTablesBlack-1_01099c93-b66e-4849-8a08-d0a53f88bc71.jpg?v=1666258846",
        "content_type": "image/jpeg",
        "url": "https://cdn.swell.store/b2sdemo_test/660d79d0055bcb0012fb1234/511132755ac3d7d6a726008fad975b0d/PodiaSideTablesBlack-1_01099c93-b66e-4849-8a08-d0a53f88bc71.jpg%3Fv%3D1666258846",
        "uploaded_url": "https://cdn.shopify.com/s/files/1/0012/2005/1002/products/PodiaSideTablesBlack-1_01099c93-b66e-4849-8a08-d0a53f88bc71.jpg?v=1666258846",
        "width": 4000,
        "height": 4000
      },
      "id": "660d79d0bdce9b00123d414d"
    }
  ],
  "id": "660d79cf93607e00127d6f52",
  "variants": {
    "count": 0,
    "page_count": 1,
    "page": 1,
    "results": []
  },
  "filename": "ferm-living-podia-table-oval"
}