{
  "slug": "ferm-living-eternal-jute-rug",
  "name": "Eternal Jute Rug",
  "description": "<h2>Description</h2>\n<!-- split -->\n<p class=\"lead\">Filtered through Ferm Livings’s brand of Danish minimalism comes a room essential: an eco-friendly jute rug. Handwoven from the natural material which is both sustainable and biodegradable, this indispensable floor covering is durable and suits any decor. It’s a versatile piece that adds a warm, organic touch to an indoor or covered outdoor space.</p>\n<!-- split -->\n<h2>Specifications</h2>\n<!-- split -->\n<h4>Size</h4>\n<ul>\n<li>Oval:\n<ul>\n<li>Small: 94.5\" l x 55.1\" w (240x140cm)</li>\n<li>Large: 133.9\" l x 90.6\" w (340x230cm)</li>\n</ul>\n</li>\n<li>Round:\n<ul>\n<li>Small: 47.2\" dia (120cm)</li>\n<li>Large: 94.5\" dia (240cm)</li>\n</ul>\n</li>\n</ul>\n<h4>Material</h4>\n<p>Jute</p>\n<h4>Details</h4>\n<p>Made in India</p>",
  "sku": "FL-1104263337",
  "active": true,
  "meta_title": "Eternal Jute Rug | Buy Ferm Living online at A+R",
  "price": 358,
  "currency": "USD",
  "type": "physical",
  "delivery": "shipment",
  "date_created": "2024-04-03T15:49:28.068Z",
  "stock_status": null,
  "date_updated": "2024-04-03T15:49:29.176Z",
  "prices": [],
  "purchase_options": {
    "standard": {
      "active": true,
      "price": 358,
      "prices": []
    }
  },
  "images": [
    {
      "file": {
        "id": "660d7a89ed32660012b0c383",
        "date_uploaded": "2024-04-03T15:49:29.083Z",
        "length": 787176,
        "md5": "8f10a983e2af3ea705334f460d561a35",
        "filename": "LargeRoundNatural_053b7798-87d4-4ec1-9997-f70cc54d7c7a.jpg?v=1684481677",
        "content_type": "image/jpeg",
        "url": "https://cdn.swell.store/b2sdemo_test/660d7a89ed32660012b0c383/8f10a983e2af3ea705334f460d561a35/LargeRoundNatural_053b7798-87d4-4ec1-9997-f70cc54d7c7a.jpg%3Fv%3D1684481677",
        "uploaded_url": "https://cdn.shopify.com/s/files/1/0012/2005/1002/files/LargeRoundNatural_053b7798-87d4-4ec1-9997-f70cc54d7c7a.jpg?v=1684481677",
        "width": 2000,
        "height": 2000
      },
      "id": "660d7a89fa9b03001262e526"
    }
  ],
  "id": "660d7a885a773b0012c39bd8",
  "variants": {
    "count": 0,
    "page_count": 1,
    "page": 1,
    "results": []
  },
  "filename": "ferm-living-eternal-jute-rug"
}