{
  "slug": "kvadrat-reflect",
  "name": "Reflect",
  "description": "<p>Composition: 100% post-consumer recycled polyester, Durability: 100.000 Martindale, Light fastness: 6</p>",
  "sku": "Reflect - 104",
  "active": true,
  "meta_title": "Reflect | Kvadrat online at A+R",
  "price": null,
  "currency": "USD",
  "type": "physical",
  "delivery": "shipment",
  "date_created": "2024-04-03T15:45:45.922Z",
  "stock_status": null,
  "date_updated": "2024-04-03T15:45:46.377Z",
  "prices": [],
  "purchase_options": {
    "standard": {
      "active": true,
      "price": null,
      "prices": []
    }
  },
  "images": [
    {
      "file": {
        "id": "660d79aa44e8b400124fe3ce",
        "date_uploaded": "2024-04-03T15:45:46.289Z",
        "length": 28116,
        "md5": "c56ccf804b5b1b4cb555b99e5313b761",
        "filename": "F_7798_C0104_W24.png?v=1621590095",
        "content_type": "image/png",
        "url": "https://cdn.swell.store/b2sdemo_test/660d79aa44e8b400124fe3ce/c56ccf804b5b1b4cb555b99e5313b761/F_7798_C0104_W24.png%3Fv%3D1621590095",
        "uploaded_url": "https://cdn.shopify.com/s/files/1/0012/2005/1002/products/F_7798_C0104_W24.png?v=1621590095",
        "width": 192,
        "height": 192
      },
      "id": "660d79aadefd8a001263cd50"
    }
  ],
  "id": "660d79a90c0a980012093d02",
  "variants": {
    "count": 0,
    "page_count": 1,
    "page": 1,
    "results": []
  },
  "filename": "kvadrat-reflect"
}