{
  "slug": "lambert-fils-sainte-atelier-07-suspension-lamp",
  "name": "Sainte Atelier 07 Suspension Lamp",
  "description": "<h2>Description</h2>\n<!-- split -->\n<p class=\"lead\">Suspension light 07, like the other models from the showpiece Sainte Atelier grouping, reimagines the series’ archetypal rectangle in an array of richly colored glass with a captivating sense of scale. The light features special sustainable LED technology powered via its flat hanging ribbon to create a majestic ambiance and its removable aluminum lightbox can be flipped around to cast light up or down. Designed in collaboration with Rachel Bussin, it’s handmade at Lambert &amp; Fils in Montreal.<br></p>\n<!-- split -->\n<h2>Specifications</h2>\n<!-- split -->\n<h4>Size</h4>\n<ul>\n<li>24\" h x 24\" w x 3.5\" d (61x61x8.8cm)</li>\n<li>Ribbon length: 120.1\" (305cm)</li>\n<li>Canopy: 1.6\" h x 7.1\" w x 5.1\" d (4x18x13cm)</li>\n</ul>\n<h4>Material</h4>\n<p><span>Polished aluminum, nylon, PMMA, polyester,</span><span> </span><span data-mce-fragment=\"1\">polyester laminated glass</span></p>\n<h4>Technical</h4>\n<ul>\n<li>UL Listed</li>\n<li>Color temperature: 2700K-2200K, 3000K-2200K</li>\n<li>Dimmable<br>\n</li>\n<li>Integrated LED</li>\n</ul>\n<ul></ul>",
  "sku": "LAM-STE07BKWL",
  "active": true,
  "meta_title": "Sainte Atelier 07 Suspension Lamp | Buy Lambert & Fils online at A+R",
  "price": 5063,
  "currency": "USD",
  "type": "physical",
  "delivery": "shipment",
  "date_created": "2024-04-03T15:52:27.951Z",
  "stock_status": null,
  "date_updated": "2024-04-03T15:52:28.494Z",
  "prices": [],
  "purchase_options": {
    "standard": {
      "active": true,
      "price": 5063,
      "prices": []
    }
  },
  "images": [
    {
      "file": {
        "id": "660d7b3cef998c0012223328",
        "date_uploaded": "2024-04-03T15:52:28.401Z",
        "length": 78760,
        "md5": "0896298781c3319217564f7237bd1e28",
        "filename": "STE07GNGN_1_LR__DariusLaprise_1.jpg?v=1704803840",
        "content_type": "image/jpeg",
        "url": "https://cdn.swell.store/b2sdemo_test/660d7b3cef998c0012223328/0896298781c3319217564f7237bd1e28/STE07GNGN_1_LR__DariusLaprise_1.jpg%3Fv%3D1704803840",
        "uploaded_url": "https://cdn.shopify.com/s/files/1/0012/2005/1002/files/STE07GNGN_1_LR__DariusLaprise_1.jpg?v=1704803840",
        "width": 2000,
        "height": 2000
      },
      "id": "660d7b3c9ca7260012fc41ca"
    }
  ],
  "id": "660d7b3bfed0770012a5b27d",
  "variants": {
    "count": 0,
    "page_count": 1,
    "page": 1,
    "results": []
  },
  "filename": "lambert-fils-sainte-atelier-07-suspension-lamp"
}