{
  "slug": "lambert-fils-dot-antipode-pendant",
  "name": "Dot Antipode Pendant",
  "description": "<h2>Description</h2>\n<!-- split -->\n<p class=\"lead\">Antipode, named for its dramatic juxtaposition of bulb sizes, nods to the adaptability of Lambert &amp; Fils’ Dot lighting series. With the milky glass globes positioned on the asymmetrically placed metal rod, the pendant radiates warm LED illumination as well as captivating visual intrigue. Available in a range of sizes to suit different spaces, the light is handmade at the brand’s Montreal atelier. </p>\n<!-- split -->\n<h2>Specifications</h2>\n<!-- split -->\n<h4>Size</h4>\n<ul>\n<li>Extra Small: 8.7\" h x 44.9\" w (22x114)</li>\n<li>\n<span>Small: 14</span><span>.6</span><span>\" h x 44.9\" w (37x114)</span>\n</li>\n<li><span>Medium: 20.5\" h x 44.9\" w (52x114)</span></li>\n<li><span>Large: 26.4\" h x 44.9\" w (67x114)</span></li>\n<li><span>Extra Large: 38.6\" h x 44.9\" w (98x114)</span></li>\n</ul>\n<h4>Material</h4>\n<p>Brass, milk glass globes</p>\n<h4>Technical</h4>\n<ul>\n<li>UL Listed</li>\n<li>G9</li>\n<li>Color temperature: 2700K, 3000K</li>\n<li>Dimmable<br>\n</li>\n<li>Bulb included</li>\n</ul>\n<ul></ul>",
  "sku": "LAM-DOT07BRA",
  "active": true,
  "meta_title": "Dot Antipode Pendant | Buy Lambert & Fils online at A+R",
  "price": 455,
  "currency": "USD",
  "type": "physical",
  "delivery": "shipment",
  "date_created": "2024-04-03T15:53:14.636Z",
  "stock_status": null,
  "date_updated": "2024-04-03T15:53:15.259Z",
  "prices": [],
  "purchase_options": {
    "standard": {
      "active": true,
      "price": 455,
      "prices": []
    }
  },
  "images": [
    {
      "file": {
        "id": "660d7b6b055bcb0012fb1749",
        "date_uploaded": "2024-04-03T15:53:15.156Z",
        "length": 32188,
        "md5": "f9e1371654ed5f52f2bd69486be63e92",
        "filename": "DOT07BK_1-1300x1300_b34ef5da-3393-447c-ad72-5fc21f20ef4c.jpg?v=1704258118",
        "content_type": "image/jpeg",
        "url": "https://cdn.swell.store/b2sdemo_test/660d7b6b055bcb0012fb1749/f9e1371654ed5f52f2bd69486be63e92/DOT07BK_1-1300x1300_b34ef5da-3393-447c-ad72-5fc21f20ef4c.jpg%3Fv%3D1704258118",
        "uploaded_url": "https://cdn.shopify.com/s/files/1/0012/2005/1002/files/DOT07BK_1-1300x1300_b34ef5da-3393-447c-ad72-5fc21f20ef4c.jpg?v=1704258118",
        "width": 2000,
        "height": 2000
      },
      "id": "660d7b6bf1f9e600129fe2e1"
    }
  ],
  "id": "660d7b6ada78770012404061",
  "variants": {
    "count": 0,
    "page_count": 1,
    "page": 1,
    "results": []
  },
  "filename": "lambert-fils-dot-antipode-pendant"
}