{
  "slug": "normann-copenhagen-sum-modular-sofa-aluminum-base",
  "name": "Sum Modular Sofa: Aluminum Base",
  "description": "<h2>Description</h2>\n<!-- split -->\n<p>Stringent but invitingly open is how Normann Copenhagen describes Sum, its lightly scaled modular sofa available in easily accessible preconfigured edits. Simon Legald's seating beckons with its spread-out armrests and generous contours while slim, angled aluminum legs airily lift it from the floor. Available in 2-, 3- and 4-seater versions, the sofa has a harmonious look front and back so it can stand in the middle of a room. With custom upholstery in a fine textile or leather, the modules are made of soft molded PU foam with a steel frame and topped with lush foam cushioning.</p>\n<!-- split -->\n<h2>Specifications</h2>\n<!-- split -->\n<h4>Size</h4>\n<ul>\n<li>Configuration 1: 29.9\" h x 81.1\" w x 29.9\" d (76x206x76cm)</li>\n<li>Configuration 2: 29.9\" h x 90.6\" w x 29.9\" d (76x230x76cm)</li>\n<li>Configuration 3: 29.9\" h x 71.7\" w x 29.9\" d (76x182x76cm)</li>\n<li>Configuration 4: 29.9\" h x 109.6\" w x 29.9\" d (76x278.5x76cm)</li>\n<li>Configuration 5: 29.9\" h x 100.2\" w x 29.9\" d (76x254.5x76cm)</li>\n<li>Configuration 6: 29.9\" h x 79.1\" w x 98.2\" d (76x201x249.5cm)</li>\n<li>Configuration 7: 29.9\" h x 98.2\" w x 98.2\" d (76x249.5x249.5cm)</li>\n<li>Configuration 8: 29.9\" h x 98.2\" w x 107.7\" d (76x249.5x273.5cm)</li>\n<li>Seat height: 16.1\" (41cm)</li>\n</ul>\n<p>Modules</p>\n<ul>\n<li>Left/Right Armrest: 29.9\" h x 35.8\" w x 29.9\" d (76x91x76cm)</li>\n<li>Open Left/Right Side: 29.9\" h x 45.3\" w x 29.9\" d (76x115x76cm)</li>\n<li>Center: 29.9\" h x 28.5\" w x 29.9\" d (76x72.5x76cm)</li>\n<li>Corner: 29.9\" h x 33.9\" w x 33.9\" d (76x86x86cm)</li>\n</ul>\n<h4>Material</h4>\n<p>Aluminum, PU foam</p>\n<h4>Details</h4>\n<ul>\n<li>Group 1: Oceanic, Aquarius</li>\n<li>Group 2: Remix 3, Main Line Flax, Synergy</li>\n<li>Group 3: Canvas 2, Yoredale</li>\n<li>Group 4: Steelcut Trio 3, City Velvet</li>\n<li>Group 5: Divina 3, Divina MD, Divina Melange 3, Hallingdal 65, Fiord 2</li>\n<li>Group 6: Zero, Vidar 4</li>\n<li>Group 7: Elle, Ultra Leather</li>\n<li>COM and COL are available on request</li>\n</ul>",
  "sku": "NOR-711801/711761",
  "active": true,
  "meta_title": "Sum Modular Sofa: Aluminum Base | Buy Normann Copenhagen online at A+R",
  "price": null,
  "currency": "USD",
  "type": "physical",
  "delivery": "shipment",
  "date_created": "2024-04-03T15:44:29.076Z",
  "stock_status": null,
  "date_updated": "2024-04-03T15:44:29.616Z",
  "prices": [],
  "purchase_options": {
    "standard": {
      "active": true,
      "price": null,
      "prices": []
    }
  },
  "images": [
    {
      "file": {
        "id": "660d795ddefd8a001263cca4",
        "date_uploaded": "2024-04-03T15:44:29.519Z",
        "length": 531800,
        "md5": "844a3f4e3eb8aa424cc6ef550c0f2053",
        "filename": "6035_Normann_Copenhagen_Sum_Modular_Sofa_Alu_Camira_Synergy_Affinity_LDS_74_02.jpg?v=1707827478",
        "content_type": "image/jpeg",
        "url": "https://cdn.swell.store/b2sdemo_test/660d795ddefd8a001263cca4/844a3f4e3eb8aa424cc6ef550c0f2053/6035_Normann_Copenhagen_Sum_Modular_Sofa_Alu_Camira_Synergy_Affinity_LDS_74_02.jpg%3Fv%3D1707827478",
        "uploaded_url": "https://cdn.shopify.com/s/files/1/0012/2005/1002/files/6035_Normann_Copenhagen_Sum_Modular_Sofa_Alu_Camira_Synergy_Affinity_LDS_74_02.jpg?v=1707827478",
        "width": 4000,
        "height": 4000
      },
      "id": "660d795d2fdde70012128dc6"
    }
  ],
  "id": "660d795df9c6dc0012bc4fb6",
  "variants": {
    "count": 0,
    "page_count": 1,
    "page": 1,
    "results": []
  },
  "filename": "normann-copenhagen-sum-modular-sofa-aluminum-base"
}