{
  "slug": "sorensen-leather-solid-l-er",
  "name": "Solid (L. Er)",
  "description": "<p>Composition: 100% Leather</p>",
  "sku": "Solid - 64",
  "active": true,
  "meta_title": "Solid (L. Er) | Buy Sorensen Leather online at A+R",
  "price": null,
  "currency": "USD",
  "type": "physical",
  "delivery": "shipment",
  "date_created": "2024-04-03T15:44:37.231Z",
  "stock_status": null,
  "date_updated": "2024-04-03T15:44:37.692Z",
  "prices": [],
  "purchase_options": {
    "standard": {
      "active": true,
      "price": null,
      "prices": []
    }
  },
  "images": [
    {
      "file": {
        "id": "660d7965055bcb0012fb10c0",
        "date_uploaded": "2024-04-03T15:44:37.595Z",
        "length": 5136,
        "md5": "25e8442eebe0958e69b3dbe503f8eb78",
        "filename": "SOLID-black-40564_1.jpg?v=1622527286",
        "content_type": "image/jpeg",
        "url": "https://cdn.swell.store/b2sdemo_test/660d7965055bcb0012fb10c0/25e8442eebe0958e69b3dbe503f8eb78/SOLID-black-40564_1.jpg%3Fv%3D1622527286",
        "uploaded_url": "https://cdn.shopify.com/s/files/1/0012/2005/1002/products/SOLID-black-40564_1.jpg?v=1622527286",
        "width": 192,
        "height": 192
      },
      "id": "660d796581aded0012d2229a"
    }
  ],
  "id": "660d7965f1f9e600129fdda3",
  "variants": {
    "count": 0,
    "page_count": 1,
    "page": 1,
    "results": []
  },
  "filename": "sorensen-leather-solid-l-er"
}