{
  "slug": "sp01-madrid-sp01",
  "name": "Madrid(Sp01)",
  "description": "Composition:<br> 45% Viscose, 30% Cotton, 25% Linen<br>\n<p>Durability:<br>30.000 Martindale</p>",
  "sku": "02D0015",
  "active": true,
  "meta_title": "Madrid(Sp01) | Buy Sp01 Fabrics online at A+R",
  "price": null,
  "currency": "USD",
  "type": "physical",
  "delivery": "shipment",
  "date_created": "2024-04-03T15:50:52.554Z",
  "stock_status": null,
  "date_updated": "2024-04-03T15:50:53.076Z",
  "prices": [],
  "purchase_options": {
    "standard": {
      "active": true,
      "price": null,
      "prices": []
    }
  },
  "images": [
    {
      "file": {
        "id": "660d7adcf3ab960012ce9a20",
        "date_uploaded": "2024-04-03T15:50:52.981Z",
        "length": 5000,
        "md5": "e4f04be428848b3d0da197e1683d4b7f",
        "filename": "Mad-black.jpg?v=1619003178",
        "content_type": "image/jpeg",
        "url": "https://cdn.swell.store/b2sdemo_test/660d7adcf3ab960012ce9a20/e4f04be428848b3d0da197e1683d4b7f/Mad-black.jpg%3Fv%3D1619003178",
        "uploaded_url": "https://cdn.shopify.com/s/files/1/0012/2005/1002/products/Mad-black.jpg?v=1619003178",
        "width": 192,
        "height": 192
      },
      "id": "660d7add93607e00127d72d8"
    }
  ],
  "id": "660d7adcdae0b300122e3fa1",
  "variants": {
    "count": 0,
    "page_count": 1,
    "page": 1,
    "results": []
  },
  "filename": "sp01-madrid-sp01"
}