{
  "slug": "black-wool",
  "name": "Black wool(LB)",
  "description": "<p>Composition: 100% new wool, <span data-mce-fragment=\"1\">Durability: 40.000 Martindale</span></p>",
  "sku": "Black wool",
  "active": true,
  "meta_title": "Black wool(LB) | Buy Black wool online at A+R",
  "price": null,
  "currency": "USD",
  "type": "physical",
  "delivery": "shipment",
  "date_created": "2024-04-03T15:50:07.886Z",
  "stock_status": null,
  "date_updated": "2024-04-03T15:50:08.256Z",
  "prices": [],
  "purchase_options": {
    "standard": {
      "active": true,
      "price": null,
      "prices": []
    }
  },
  "images": [
    {
      "file": {
        "id": "660d7ab0fd60ae001252d4c9",
        "date_uploaded": "2024-04-03T15:50:08.180Z",
        "length": 728,
        "md5": "c04dc20d2636a4ed2b5097191c0fb218",
        "filename": "21H0ZPT6NRL-Cropped.jpg?v=1619424405",
        "content_type": "image/jpeg",
        "url": "https://cdn.swell.store/b2sdemo_test/660d7ab0fd60ae001252d4c9/c04dc20d2636a4ed2b5097191c0fb218/21H0ZPT6NRL-Cropped.jpg%3Fv%3D1619424405",
        "uploaded_url": "https://cdn.shopify.com/s/files/1/0012/2005/1002/products/21H0ZPT6NRL-Cropped.jpg?v=1619424405",
        "width": 192,
        "height": 192
      },
      "id": "660d7ab01cd14b00127c3506"
    }
  ],
  "id": "660d7aaf2fdde7001212916d",
  "variants": {
    "count": 0,
    "page_count": 1,
    "page": 1,
    "results": []
  },
  "filename": "black-wool"
}