{
  "slug": "by-interiors-sweepy-ai-bar-stool",
  "name": "Sweepy AI Bar Stool",
  "description": "<h2>Description</h2>\n<!-- split -->\n<p class=\"lead\"> </p>\n<!-- split -->\n<h2>Specifications</h2>\n<!-- split -->\n<h4>Size</h4>\n<ul>\n<li>35.4\" h x 17.5\" w x 19.7\" d (90x44.5x50cm)</li>\n<li>Seat height:\n<ul>\n<li>Low: 23.6\" (60cm)</li>\n<li>High: 25.6\" (65cm)</li>\n</ul>\n</li>\n</ul>\n<h4>Material</h4>\n<p>Polyurethane foam, polyester padding</p>\n<h4>Details</h4>\n<ul>\n<li>Category 2: Pado, Pesba, Report, Record, Yoda, Texture, Sand</li>\n<li>Category 3: Talapo, Report, Record, Yoda, Texture, Sand</li>\n<li>Category 4: Brionne, Frank</li>\n<li>Leather</li>\n<li>COM and COL are available on request</li>\n</ul>",
  "sku": "BYI-SWPY-AI-CTR-L-CAT-2",
  "active": true,
  "meta_title": "Sweepy AI Bar Stool | Buy By Interiors online at A+R",
  "price": 1140,
  "currency": "USD",
  "type": "physical",
  "delivery": "shipment",
  "date_created": "2024-04-03T15:46:34.609Z",
  "stock_status": null,
  "date_updated": "2024-04-03T15:46:34.691Z",
  "prices": [],
  "purchase_options": {
    "standard": {
      "active": true,
      "price": 1140,
      "prices": []
    }
  },
  "id": "660d79da49935a00128decd8",
  "variants": {
    "count": 0,
    "page_count": 1,
    "page": 1,
    "results": []
  },
  "filename": "by-interiors-sweepy-ai-bar-stool"
}