{
  "slug": "cvl-ip-cornet-wall-light",
  "name": "IP Cornet Wall Light",
  "description": "<h2>Description</h2>\n<!-- split -->\n<p class=\"lead\">CVL’s characteristically modernist mien continues in  the cone-shaped IP Cornet, a wall light specifically made for the bathroom. Designed by Paris studio Pool, it features a mouth-blown opal glass globe that radiates warmly even LED illumination. The faceted conical wall-mount is made of solid brass in a choice of matte or polished metallic finishes.</p>\n<!-- split -->\n<h2>Specifications</h2>\n<!-- split -->\n<h4>Size</h4>\n<p>8.3\" h x 3.9\" dia (21.2x10cm)</p>\n<h4>Material</h4>\n<p>Solid brass, opal triplex mouth-blown glass</p>\n<h4>Technical</h4>\n<ul>\n<li>G9</li>\n<li>LED</li>\n<li>Dimmable</li>\n</ul>",
  "sku": "CVL-IP-CORNET-WALL-SB",
  "active": true,
  "meta_title": "IP Cornet Wall Light | Buy CVL online at A+R",
  "price": null,
  "currency": "USD",
  "type": "physical",
  "delivery": "shipment",
  "date_created": "2024-04-03T15:52:07.125Z",
  "stock_status": null,
  "date_updated": "2024-04-03T15:52:07.970Z",
  "prices": [],
  "purchase_options": {
    "standard": {
      "active": true,
      "price": null,
      "prices": []
    }
  },
  "images": [
    {
      "file": {
        "id": "660d7b2752715700129ad196",
        "date_uploaded": "2024-04-03T15:52:07.884Z",
        "length": 124432,
        "md5": "4058023b456bb99e67c3b3782b81fb95",
        "filename": "20201028CornetAppliqueGS-detoure.jpg?v=1664966080",
        "content_type": "image/jpeg",
        "url": "https://cdn.swell.store/b2sdemo_test/660d7b2752715700129ad196/4058023b456bb99e67c3b3782b81fb95/20201028CornetAppliqueGS-detoure.jpg%3Fv%3D1664966080",
        "uploaded_url": "https://cdn.shopify.com/s/files/1/0012/2005/1002/products/20201028CornetAppliqueGS-detoure.jpg?v=1664966080",
        "width": 2500,
        "height": 2500
      },
      "id": "660d7b2756978b0012991a40"
    }
  ],
  "id": "660d7b276f64df0012a46f23",
  "variants": {
    "count": 0,
    "page_count": 1,
    "page": 1,
    "results": []
  },
  "filename": "cvl-ip-cornet-wall-light"
}