{
  "slug": "ferm-living-safari-tufted-rug",
  "name": "Safari Tufted Rug",
  "description": "<h2>Description</h2>\n<!-- split -->\n<p class=\"lead\">Grrrr! A cushy spotted area rug in the shape of a leopard kick-starts all sorts of adventurous times for kids of all ages. Made from 100% softest New Zealand wool, it’s the perfect spot for the little one’s playtime or afternoon nap while their elders will find it an fun conversation piece in the den or game room. The creature’s colors stand out in varied pile heights of the hand-tufting, with the rug’s backing in 100% cotton.</p>\n<!-- split -->\n<h2>Specifications</h2>\n<!-- split -->\n<h4>Size</h4>\n<p>63\" l x 46.5\" w (160x118cm)</p>\n<h4>Material</h4>\n<p>Wool, cotton</p>\n<h4>Details</h4>\n<p>Made in India</p>",
  "sku": "FL-9071",
  "active": true,
  "meta_title": "Safari Tufted Rug | Buy Ferm Living online at A+R",
  "price": 148,
  "currency": "USD",
  "type": "physical",
  "delivery": "shipment",
  "date_created": "2024-04-03T15:46:20.781Z",
  "stock_status": null,
  "date_updated": "2024-04-03T15:46:22.032Z",
  "prices": [],
  "purchase_options": {
    "standard": {
      "active": true,
      "price": 148,
      "prices": []
    }
  },
  "images": [
    {
      "file": {
        "id": "660d79cde6500f0012cd09b9",
        "date_uploaded": "2024-04-03T15:46:21.839Z",
        "length": 1711296,
        "md5": "2e448984668ae3d4027e0b04235adc54",
        "filename": "Safarituftedrug1-leopard.jpg?v=1699897249",
        "content_type": "image/jpeg",
        "url": "https://cdn.swell.store/b2sdemo_test/660d79cde6500f0012cd09b9/2e448984668ae3d4027e0b04235adc54/Safarituftedrug1-leopard.jpg%3Fv%3D1699897249",
        "uploaded_url": "https://cdn.shopify.com/s/files/1/0012/2005/1002/files/Safarituftedrug1-leopard.jpg?v=1699897249",
        "width": 4000,
        "height": 4000
      },
      "id": "660d79ceb3cdeb00121b4370"
    }
  ],
  "id": "660d79cc090897001217c9c2",
  "variants": {
    "count": 0,
    "page_count": 1,
    "page": 1,
    "results": []
  },
  "filename": "ferm-living-safari-tufted-rug"
}