{
  "slug": "ferm-living-kona-mattress",
  "name": "Kona Mattress",
  "description": "<h2>Description</h2>\n<!-- split -->\n<p class=\"lead\"> </p>\n<!-- split -->\n<h2>Specifications</h2>\n<!-- split -->\n<h4>Size</h4>\n<p>3.7\" h x 79.5\" w x 36\" d (9.5x202x92cm)</p>\n<h4>Material</h4>\n<p>34%Linen, 27%viscose,17%polyester, 12%cotton, 8%wool, 2%other fibers, foam</p>\n<h4>Details<br>\n</h4>\n<p>Made in Italy</p>",
  "sku": "FL-1104263414",
  "active": true,
  "meta_title": "Kona Mattress | Buy Ferm Living online at A+R",
  "price": 378,
  "currency": "USD",
  "type": "physical",
  "delivery": "shipment",
  "date_created": "2024-04-03T15:48:48.972Z",
  "stock_status": null,
  "date_updated": "2024-04-03T15:48:49.513Z",
  "prices": [],
  "purchase_options": {
    "standard": {
      "active": true,
      "price": 378,
      "prices": []
    }
  },
  "id": "660d7a60b54c690012108de8",
  "variants": {
    "count": 0,
    "page_count": 1,
    "page": 1,
    "results": []
  },
  "filename": "ferm-living-kona-mattress"
}