{
  "slug": "ferm-living-calm-cushion",
  "name": "Calm Cushion",
  "description": "<h2>Description</h2>\n<!-- split -->\n<p class=\"lead\"> </p>\n<!-- split -->\n<h2>Specification</h2>\n<!-- split -->\n<h4>Size</h4>\n<ul>\n<li>Small: 19.7\" h x 19.7\" w (50x50cm)<br>\n</li>\n<li>Large: 31.5\" h x 31.5\" w (80x80cm)</li>\n</ul>\n<h4>Material</h4>\n<p>50% cotton. 50% linen</p>",
  "sku": "FL-1102862853",
  "active": true,
  "meta_title": "Calm Cushion | Buy Ferm Living online at A+R",
  "price": 45,
  "currency": "USD",
  "type": "physical",
  "delivery": "shipment",
  "date_created": "2024-04-03T15:49:48.613Z",
  "stock_status": null,
  "date_updated": "2024-04-03T15:49:49.225Z",
  "prices": [],
  "purchase_options": {
    "standard": {
      "active": true,
      "price": 45,
      "prices": []
    }
  },
  "images": [
    {
      "file": {
        "id": "660d7a9de6500f0012cd0bab",
        "date_uploaded": "2024-04-03T15:49:49.134Z",
        "length": 97552,
        "md5": "41bfd8285ca6f85dc2cb69c742e45670",
        "filename": "1102842853_1.jpg?v=1619768820",
        "content_type": "image/jpeg",
        "url": "https://cdn.swell.store/b2sdemo_test/660d7a9de6500f0012cd0bab/41bfd8285ca6f85dc2cb69c742e45670/1102842853_1.jpg%3Fv%3D1619768820",
        "uploaded_url": "https://cdn.shopify.com/s/files/1/0012/2005/1002/products/1102842853_1.jpg?v=1619768820",
        "width": 1920,
        "height": 1920
      },
      "id": "660d7a9dc7e955001277e70c"
    }
  ],
  "id": "660d7a9c71be100012cc567a",
  "variants": {
    "count": 0,
    "page_count": 1,
    "page": 1,
    "results": []
  },
  "filename": "ferm-living-calm-cushion"
}