{
  "slug": "ferm-living-horse-embroidery-bag",
  "name": "Horse Embroidery Bag",
  "description": "<h2>Description</h2>\n<!-- split -->\n<p class=\"lead\"> </p>\n<!-- split -->\n<h2>Specifications</h2>\n<!-- split -->\n<h4>Size</h4>\n<ul>\n<li>Large: 9.4\" h x 12.6\" w x 3.5\" d (24x32x9cm)</li>\n<li>Small: 4.7\" h x 7.8\" w x 2.5\" d (12x20x6.5cm)</li>\n</ul>\n<h4>Material</h4>\n<p>100% GOTS (Global Organic Textile Standard) -certified organic, embroidery and brass zipper, 100% organic cotton</p>",
  "sku": "FL-100324329",
  "active": true,
  "meta_title": "Horse Embroidery Bag | Buy Ferm Living online at A+R",
  "price": 0,
  "currency": "USD",
  "type": "physical",
  "delivery": "shipment",
  "date_created": "2024-04-03T15:48:57.195Z",
  "stock_status": null,
  "date_updated": "2024-04-03T15:48:57.490Z",
  "prices": [],
  "purchase_options": {
    "standard": {
      "active": true,
      "price": 0,
      "prices": []
    }
  },
  "id": "660d7a699ca7260012fc3f51",
  "variants": {
    "count": 0,
    "page_count": 1,
    "page": 1,
    "results": []
  },
  "filename": "ferm-living-horse-embroidery-bag"
}