{
  "slug": "ferm-living-liba-watering-can",
  "name": "Liba Watering Can",
  "description": "<h2>Description</h2>\n<!-- split -->\n<p class=\"lead\"> </p>\n<!-- split -->\n<h2>Specifications</h2>\n<!-- split -->\n<h4>Size</h4>\n<p>15.3\" h x 7.8\" w x 7.3\" d (39x20x18.5cm)</p>\n<h4>Material</h4>\n<p>100% recycled HDPE made from recycled post-consumer plastic</p>",
  "sku": "FL-1104263876",
  "active": true,
  "meta_title": "Liba Watering Can | Buy Ferm Living online at A+R",
  "price": 35,
  "currency": "USD",
  "type": "physical",
  "delivery": "shipment",
  "date_created": "2024-04-03T15:48:47.538Z",
  "stock_status": null,
  "date_updated": "2024-04-03T15:48:47.625Z",
  "prices": [],
  "purchase_options": {
    "standard": {
      "active": true,
      "price": 35,
      "prices": []
    }
  },
  "id": "660d7a5f44e8b400124fe5a7",
  "variants": {
    "count": 0,
    "page_count": 1,
    "page": 1,
    "results": []
  },
  "filename": "ferm-living-liba-watering-can"
}