{
  "slug": "ferm-living-kelim-mat",
  "name": "Kelim Mat",
  "description": "<h2>Description</h2>\n<!-- split -->\n<p class=\"lead\">Ferm Living extends its updated Kelim range with a versatile floor mat in a warm brown melange or a selection of Nordic-inspired geometrics. Handcrafted using a manual loom technique, one of the oldest in the world, it’s characterized by the slight individual variations in the traditional flat weave. With a unique tactile feel and appealing colorway, the wool-cotton rug is hand-dyed, and slight shading variations may occur with the natural-fiber yarn.</p>\n<!-- split -->\n<h2>Specifications</h2>\n<!-- split -->\n<h4>Size</h4>\n<p>27.6\" l x 19.7\" w (70x50cm)</p>\n<h4>Material</h4>\n<p>80% wool, 20% cotton</p>",
  "sku": "FL-1104263433",
  "active": true,
  "meta_title": "Kelim Mat | Buy Ferm Living online at A+R",
  "price": 35,
  "currency": "USD",
  "type": "physical",
  "delivery": "shipment",
  "date_created": "2024-04-03T15:48:52.217Z",
  "stock_status": null,
  "date_updated": "2024-04-03T15:48:53.353Z",
  "prices": [],
  "purchase_options": {
    "standard": {
      "active": true,
      "price": 35,
      "prices": []
    }
  },
  "images": [
    {
      "file": {
        "id": "660d7a65cea5e10012b89eda",
        "date_uploaded": "2024-04-03T15:48:53.266Z",
        "length": 293512,
        "md5": "c3f967307d66a27ae43ca2d216abbdee",
        "filename": "100520651_1_526dc4e2-a506-411a-86aa-41792d397bf1.jpg?v=1650266108",
        "content_type": "image/jpeg",
        "url": "https://cdn.swell.store/b2sdemo_test/660d7a65cea5e10012b89eda/c3f967307d66a27ae43ca2d216abbdee/100520651_1_526dc4e2-a506-411a-86aa-41792d397bf1.jpg%3Fv%3D1650266108",
        "uploaded_url": "https://cdn.shopify.com/s/files/1/0012/2005/1002/products/100520651_1_526dc4e2-a506-411a-86aa-41792d397bf1.jpg?v=1650266108",
        "width": 2010,
        "height": 2010
      },
      "id": "660d7a658bf06900114de805"
    }
  ],
  "id": "660d7a64afd4b4001218060a",
  "variants": {
    "count": 0,
    "page_count": 1,
    "page": 1,
    "results": []
  },
  "filename": "ferm-living-kelim-mat"
}