{
  "slug": "ferm-living-horse-bedding",
  "name": "Horse Bedding",
  "description": "<h2>Description</h2>\n<!-- split -->\n<p class=\"lead\"> </p>\n<!-- split -->\n<h2>Specifications</h2>\n<!-- split -->\n<h4>Size</h4>\n<ul>\n<li>Baby: 39.3\" h x 27.5\" w (100x70cm)</li>\n<li>Junior: 55\" h x 39.3\" w (140x100cm)</li>\n<li>Adult: 78.7\" h x 55\" w (200x140cm)</li>\n</ul>\n<h4>Material</h4>\n<p>100% GOTS (Global Organic Textile Standard) -certified organic cotton percale</p>",
  "sku": "FL-100507329",
  "active": true,
  "meta_title": "Horse Bedding | Buy Ferm Living online at A+R",
  "price": 35,
  "currency": "USD",
  "type": "physical",
  "delivery": "shipment",
  "date_created": "2024-04-03T15:48:57.811Z",
  "stock_status": null,
  "date_updated": "2024-04-03T15:48:57.952Z",
  "prices": [],
  "purchase_options": {
    "standard": {
      "active": true,
      "price": 35,
      "prices": []
    }
  },
  "id": "660d7a697737200012ce1473",
  "variants": {
    "count": 0,
    "page_count": 1,
    "page": 1,
    "results": []
  },
  "filename": "ferm-living-horse-bedding"
}