{
  "slug": "ferm-living-linen-napkins-set-of-2",
  "name": "Linen Napkins: Set of 2",
  "description": "<h2>Description</h2>\n<!-- split -->\n<p class=\"lead\"> </p>\n<!-- split -->\n<h2>Specifications</h2>\n<!-- split -->\n<h4>Size</h4>\n<p>17.7\" h x 17.7\" w (45x45cm)</p>\n<h4>Material</h4>\n<p>100% linen</p>",
  "sku": "FL-1104263166",
  "active": true,
  "meta_title": "Linen Napkins: Set of 2 | Buy Ferm Living online at A+R",
  "price": 13,
  "currency": "USD",
  "type": "physical",
  "delivery": "shipment",
  "date_created": "2024-04-03T15:48:47.085Z",
  "stock_status": null,
  "date_updated": "2024-04-03T15:48:47.172Z",
  "prices": [],
  "purchase_options": {
    "standard": {
      "active": true,
      "price": 13,
      "prices": []
    }
  },
  "id": "660d7a5f24108c0012bf51a5",
  "variants": {
    "count": 0,
    "page_count": 1,
    "page": 1,
    "results": []
  },
  "filename": "ferm-living-linen-napkins-set-of-2"
}