{
  "slug": "ferm-living-quilted-cushion",
  "name": "Quilted Cushion",
  "description": "<h2>Description</h2>\n<!-- split -->\n<p class=\"lead\"> </p>\n<!-- split -->\n<h2>Specifications</h2>\n<!-- split -->\n<h4>Size</h4>\n<ul>\n<li>Moth:12.5\" h x 18.5\" w x 3.1\" d (32x47x8cm)</li>\n<li>Turtle: 12.5\" h x 19.7\" w x 2.3\" d (32x50x6cm)</li>\n</ul>\n<h4>Material</h4>\n<p>100% GOTS-certified organic cotton</p>",
  "sku": "FL-110326651",
  "active": true,
  "meta_title": "Quilted Cushion | Buy Ferm Living online at A+R",
  "price": 0,
  "currency": "USD",
  "type": "physical",
  "delivery": "shipment",
  "date_created": "2024-04-03T15:48:17.690Z",
  "stock_status": null,
  "date_updated": "2024-04-03T15:48:17.773Z",
  "prices": [],
  "purchase_options": {
    "standard": {
      "active": true,
      "price": 0,
      "prices": []
    }
  },
  "id": "660d7a414974d6001242b47d",
  "variants": {
    "count": 0,
    "page_count": 1,
    "page": 1,
    "results": []
  },
  "filename": "ferm-living-quilted-cushion"
}