{
  "slug": "ferm-living-wooden-multi-shelf",
  "name": "Wooden Multi Shelf",
  "description": "<h2>Description</h2>\n<!-- split -->\n<p class=\"lead\">Copenhagen's Ferm Living extends its Nordic-style take on organizing everyday essentials with Multi Shelf. In handsome black-painted ash, it offers square bins, shelves and pegs for hanging items, all mounted on an attractive slatted backing. Sort out keys and billfolds in the entryway, use it in a workspace for paper and desk implements or deploy its easy-to-spot open storage for kitchen chef accouterments or bathroom beauty products.</p>\n<!-- split -->\n<h2>Specifications</h2>\n<!-- split -->\n<h4>Size</h4>\n<p>39.4\" h x 23.2\" w x 4.9\" d (100x59x12.5cm)</p>\n<h4>Material</h4>\n<p>Solid ash</p>\n<h4>Details</h4>\n<p>Made in Poland</p>",
  "sku": "FL-3327",
  "active": true,
  "meta_title": "Wooden Multi Shelf | Buy Ferm Living online at A+R",
  "price": 358,
  "currency": "USD",
  "type": "physical",
  "delivery": "shipment",
  "date_created": "2024-04-03T15:46:14.984Z",
  "stock_status": null,
  "date_updated": "2024-04-03T15:46:15.746Z",
  "prices": [],
  "purchase_options": {
    "standard": {
      "active": true,
      "price": 358,
      "prices": []
    }
  },
  "images": [
    {
      "file": {
        "id": "660d79c72e54070012d2850a",
        "date_uploaded": "2024-04-03T15:46:15.659Z",
        "length": 464956,
        "md5": "090607726947328a27db62b69075f968",
        "filename": "fermLIVING-WoodenMultiShelf-3327-pack.jpg?v=1650460686",
        "content_type": "image/jpeg",
        "url": "https://cdn.swell.store/b2sdemo_test/660d79c72e54070012d2850a/090607726947328a27db62b69075f968/fermLIVING-WoodenMultiShelf-3327-pack.jpg%3Fv%3D1650460686",
        "uploaded_url": "https://cdn.shopify.com/s/files/1/0012/2005/1002/products/fermLIVING-WoodenMultiShelf-3327-pack.jpg?v=1650460686",
        "width": 2500,
        "height": 2500
      },
      "id": "660d79c7055bcb0012fb1201"
    }
  ],
  "id": "660d79c6b3cdeb00121b4350",
  "variants": {
    "count": 0,
    "page_count": 1,
    "page": 1,
    "results": []
  },
  "filename": "ferm-living-wooden-multi-shelf"
}