{
  "slug": "ferm-living-fruiticana-doll-quilt-bedding-set",
  "name": "Fruiticana Doll Quilt Bedding Set",
  "description": "<h2>Description</h2>\n<!-- split -->\n<p class=\"lead\"> </p>\n<!-- split -->\n<h2>Specifications</h2>\n<!-- split -->\n<h4>Size</h4>\n<p>15.7\" h x 7.8\" w x 1.1\" d (40x20x3cm)</p>\n<h4>Material</h4>\n<p>100% GOTS-certified organic cotton</p>",
  "sku": "FL-100179651",
  "active": true,
  "meta_title": "Fruiticana Doll Quilt Bedding Set | Buy Ferm Living online at A+R",
  "price": 23,
  "currency": "USD",
  "type": "physical",
  "delivery": "shipment",
  "date_created": "2024-04-03T15:49:19.809Z",
  "stock_status": null,
  "date_updated": "2024-04-03T15:49:19.977Z",
  "prices": [],
  "purchase_options": {
    "standard": {
      "active": true,
      "price": 23,
      "prices": []
    }
  },
  "id": "660d7a7f44e8b400124fe5f0",
  "variants": {
    "count": 0,
    "page_count": 1,
    "page": 1,
    "results": []
  },
  "filename": "ferm-living-fruiticana-doll-quilt-bedding-set"
}