{
  "slug": "fl-fabrics-rich-linen",
  "name": "Rich Linen",
  "description": "<p>Composition: 100% linen, Durability: 20.000 Martindale</p>",
  "sku": "Ric-Lin",
  "active": true,
  "meta_title": "Rich Linen | Buy FL Fabrics online at A+R",
  "price": null,
  "currency": "USD",
  "type": "physical",
  "delivery": "shipment",
  "date_created": "2024-04-03T15:47:12.858Z",
  "stock_status": null,
  "date_updated": "2024-04-03T15:47:13.222Z",
  "prices": [],
  "purchase_options": {
    "standard": {
      "active": true,
      "price": null,
      "prices": []
    }
  },
  "images": [
    {
      "file": {
        "id": "660d7a01fa71d90012ddb2c0",
        "date_uploaded": "2024-04-03T15:47:13.150Z",
        "length": 7992,
        "md5": "d3133078d6610f4392b851ecf345e3bd",
        "filename": "NewProject_1d82286b-b236-4924-aed5-2fc9b60d2d77.jpg?v=1620889282",
        "content_type": "image/jpeg",
        "url": "https://cdn.swell.store/b2sdemo_test/660d7a01fa71d90012ddb2c0/d3133078d6610f4392b851ecf345e3bd/NewProject_1d82286b-b236-4924-aed5-2fc9b60d2d77.jpg%3Fv%3D1620889282",
        "uploaded_url": "https://cdn.shopify.com/s/files/1/0012/2005/1002/products/NewProject_1d82286b-b236-4924-aed5-2fc9b60d2d77.jpg?v=1620889282",
        "width": 192,
        "height": 192
      },
      "id": "660d7a0131ad990012a7ea05"
    }
  ],
  "id": "660d7a00055bcb0012fb12dd",
  "variants": {
    "count": 0,
    "page_count": 1,
    "page": 1,
    "results": []
  },
  "filename": "fl-fabrics-rich-linen"
}