{
  "slug": "karimoku-case-minatomirai-cafe-bar-counter-stool-n-bs01-upholstered",
  "name": "Minatomirai Cafe Bar + Counter Stool N-BS01: Upholstered",
  "description": "<h2>Description</h2>\n<!-- split -->\n<p class=\"lead\">Seat upholstery in a fine textile or leather adds a custom dimension to Karimoku Case's bar or counter stool from its Minatomirai series. Carefully crafted in solid oak, N-BS01 is conceived with subtly curved lines and has a generous backrest and integrated footrest for added comfort. Originally launched in a collaborative project with Copenhagen design studio Norm Architects to grace a park-like cafe in Japan, the stool now lends its casual but refined presence to a host of environs.</p>\n<!-- split -->\n<h2>Specifications</h2>\n<!-- split -->\n<h4>Size</h4>\n<ul>\n<li>Bar: 39\" h x 18.3\" w x 19.3\" d (99x46.5x49cm)\n<ul>\n<li>Seat height: 30.1\" (76.5cm)</li>\n</ul>\n</li>\n<li>Counter: 35.2\" h x 18.1\" w x 19.3\" d (89.5x46x49cm)\n<ul>\n<li>Seat height: 26.2\" (66.5cm)</li>\n</ul>\n</li>\n</ul>\n<h4>Material</h4>\n<p>Oak</p>\n<h4>Details</h4>\n<p>Upholstery</p>\n<ul>\n<li>Steelcut Trio 3</li>\n<li>Hallingdal 65</li>\n<li>Vidar 4</li>\n<li>Coda 2</li>\n<li>Leather Leabelle</li>\n<li>Maple<br>\n</li>\n<li>Moss</li>\n<li>COM and COL are available on request</li>\n</ul>",
  "sku": "KCS-C32405-E-ST3-CNTR",
  "active": true,
  "meta_title": "Minatomirai Cafe Bar + Counter Stool N-BS01: Upholstered | Buy Karimoku Case online at A+R",
  "price": 638,
  "currency": "USD",
  "type": "physical",
  "delivery": "shipment",
  "date_created": "2024-04-03T15:52:49.918Z",
  "stock_status": null,
  "date_updated": "2024-04-03T15:52:51.596Z",
  "prices": [],
  "purchase_options": {
    "standard": {
      "active": true,
      "price": 638,
      "prices": []
    }
  },
  "images": [
    {
      "file": {
        "id": "660d7b53dea85b0012cc1106",
        "date_uploaded": "2024-04-03T15:52:51.508Z",
        "length": 380952,
        "md5": "3cb59b1c79c9765323801f3e53b6de72",
        "filename": "N-BS01_HIGH_1copy.jpg?v=1691405370",
        "content_type": "image/jpeg",
        "url": "https://cdn.swell.store/b2sdemo_test/660d7b53dea85b0012cc1106/3cb59b1c79c9765323801f3e53b6de72/N-BS01_HIGH_1copy.jpg%3Fv%3D1691405370",
        "uploaded_url": "https://cdn.shopify.com/s/files/1/0012/2005/1002/files/N-BS01_HIGH_1copy.jpg?v=1691405370",
        "width": 4000,
        "height": 4000
      },
      "id": "660d7b53ef998c0012223367"
    }
  ],
  "id": "660d7b5149935a00128df126",
  "variants": {
    "count": 0,
    "page_count": 1,
    "page": 1,
    "results": []
  },
  "filename": "karimoku-case-minatomirai-cafe-bar-counter-stool-n-bs01-upholstered"
}