{
  "slug": "karimoku-case-minatomirai-cafe-chair-n-dc03",
  "name": "Minatomirai Cafe Chair N-DC03",
  "description": "<h2>Description</h2>\n<!-- split -->\n<p class=\"lead\">The warm look of solid oak gives this take on a cafe chair an appealing at-home feeling. Originally conceived for the Minatomirai Cafe with its glass walls overlooking a park in Yokohama, Japan, the seating features soft curves and welcoming wood surfaces. Danish studio Norm Architects collaborated on the tailormade design that has now been realized as part of the Karimoku Case range.</p>\n<!-- split -->\n<h2>Specifications</h2>\n<!-- split -->\n<h4>Size</h4>\n<ul>\n<li>28.7\" h x 17.9\" w x 19.3\" d (73x45.5x49cm)</li>\n<li>Seat height: 18.1\" (46cm)</li>\n</ul>\n<h4>Material</h4>\n<p>Oak</p>",
  "sku": "KCS-C32415ME",
  "active": true,
  "meta_title": "Minatomirai Cafe Chair N-DC03 | Buy Karimoku Case online at A+R",
  "price": 513,
  "currency": "USD",
  "type": "physical",
  "delivery": "shipment",
  "date_created": "2024-04-03T15:52:52.051Z",
  "stock_status": null,
  "date_updated": "2024-04-03T15:52:53.025Z",
  "prices": [],
  "purchase_options": {
    "standard": {
      "active": true,
      "price": 513,
      "prices": []
    }
  },
  "images": [
    {
      "file": {
        "id": "660d7b54d739ac0012d7dca8",
        "date_uploaded": "2024-04-03T15:52:52.635Z",
        "length": 101952,
        "md5": "fabffd0a4b146165bbc3f743d860497c",
        "filename": "NewProject01_344909cd-e4b5-4a96-bc35-377331c294f1.jpg?v=1682688320",
        "content_type": "image/jpeg",
        "url": "https://cdn.swell.store/b2sdemo_test/660d7b54d739ac0012d7dca8/fabffd0a4b146165bbc3f743d860497c/NewProject01_344909cd-e4b5-4a96-bc35-377331c294f1.jpg%3Fv%3D1682688320",
        "uploaded_url": "https://cdn.shopify.com/s/files/1/0012/2005/1002/files/NewProject01_344909cd-e4b5-4a96-bc35-377331c294f1.jpg?v=1682688320",
        "width": 2000,
        "height": 2000
      },
      "id": "660d7b55ef998c0012223370"
    }
  ],
  "id": "660d7b546797730012b05666",
  "variants": {
    "count": 0,
    "page_count": 1,
    "page": 1,
    "results": []
  },
  "filename": "karimoku-case-minatomirai-cafe-chair-n-dc03"
}