{
  "slug": "karimoku-case-kinuta-side-chair-n-dc02",
  "name": "Kinuta Side Chair N-DC02",
  "description": "<h2>Description</h2>\n<!-- split -->\n<p class=\"lead\">This refined side chair mingles influences from Japanese maker Karimoku Case and Copenhagen’s Norm Architects, inspired by their joint renovation of Tokyo’s landmark ‘80s Kinuta Terrace apartments. Drawing on the open feeling of the project’s integrated courtyard, the seating features craftsman detail in the turned-wood legs and rounded backrest. Fashioned in either natural or fumed-finish solid oak N-DC02 also offers the choice of a matching wood or woven paper cord seat.</p>\n<!-- split -->\n<h2>Specifications</h2>\n<!-- split -->\n<h4>Size</h4>\n<ul>\n<li>31.5\" h x 20.7\" w x 21.5\" d (80x52.5x54.5cm)</li>\n<li>Seat height: 17.3\" (44cm)</li>\n</ul>\n<h4>Material</h4>\n<p>Oak, paper cord</p>",
  "sku": "KCS-C32515AE",
  "active": true,
  "meta_title": "Kinuta Side Chair N-DC02 | Buy Karimoku Case online at A+R",
  "price": 1103,
  "currency": "USD",
  "type": "physical",
  "delivery": "shipment",
  "date_created": "2024-04-03T15:52:58.268Z",
  "stock_status": null,
  "date_updated": "2024-04-03T15:52:59.121Z",
  "prices": [],
  "purchase_options": {
    "standard": {
      "active": true,
      "price": 1103,
      "prices": []
    }
  },
  "images": [
    {
      "file": {
        "id": "660d7b5a055bcb0012fb1712",
        "date_uploaded": "2024-04-03T15:52:58.996Z",
        "length": 185804,
        "md5": "80a4944c2f7d4ab202db5cc8b70693e0",
        "filename": "image_03_6eadec71-1a05-4a55-afad-df79d01c4bee.jpg?v=1631679946",
        "content_type": "image/jpeg",
        "url": "https://cdn.swell.store/b2sdemo_test/660d7b5a055bcb0012fb1712/80a4944c2f7d4ab202db5cc8b70693e0/image_03_6eadec71-1a05-4a55-afad-df79d01c4bee.jpg%3Fv%3D1631679946",
        "uploaded_url": "https://cdn.shopify.com/s/files/1/0012/2005/1002/products/image_03_6eadec71-1a05-4a55-afad-df79d01c4bee.jpg?v=1631679946",
        "width": 2000,
        "height": 2000
      },
      "id": "660d7b5b2e54070012d2892e"
    }
  ],
  "id": "660d7b5a50290a0012705bc6",
  "variants": {
    "count": 0,
    "page_count": 1,
    "page": 1,
    "results": []
  },
  "filename": "karimoku-case-kinuta-side-chair-n-dc02"
}