{
  "slug": "lambert-fils-cliff-07-suspension-lamp",
  "name": "Cliff 07 Suspension Lamp",
  "description": "<h2>Description</h2>\n<!-- split -->\n<p class=\"lead\">Cliff 07 employs the reed-like motif of the lighting series as an eye-catching suspended structure aglow with 8 LED lights. Fashioned in either graphite powder-coat or gleaming brass, it's a nuanced composition with asymmetrical dimensions and varied sizes of its milky glass globes. A standout over a table or in a narrow space, Lambert &amp; Fils' lamp is handmade at its Montreal atelier.  </p>\n<!-- split -->\n<h2>Specifications</h2>\n<!-- split -->\n<h4>Size</h4>\n<p>22\" h x 72\" w x 24\" d (56x183x61cm)</p>\n<h4>Material</h4>\n<p>Brass, milk glass globes</p>\n<h4>Technical</h4>\n<ul>\n<li>UL Listed</li>\n<li>G9</li>\n<li>Color temperature: 2700K, 3000K</li>\n<li>Bulb included</li>\n</ul>\n<ul></ul>\n<ul></ul>",
  "sku": "LAM-CLI07BR",
  "active": true,
  "meta_title": "Cliff 07 Suspension Lamp | Buy Lambert & Fils online at A+R",
  "price": 2933,
  "currency": "USD",
  "type": "physical",
  "delivery": "shipment",
  "date_created": "2024-04-03T15:53:29.364Z",
  "stock_status": null,
  "date_updated": "2024-04-03T15:53:30.091Z",
  "prices": [],
  "purchase_options": {
    "standard": {
      "active": true,
      "price": 2933,
      "prices": []
    }
  },
  "images": [
    {
      "file": {
        "id": "660d7b792a1fa5001173ed79",
        "date_uploaded": "2024-04-03T15:53:29.986Z",
        "length": 47544,
        "md5": "4387fbb9fce5a11646b5d0b0919613ff",
        "filename": "CLI07BR_1new_07dec8a8-0dde-474e-971b-3fcd1a5ce741.jpg?v=1686201308",
        "content_type": "image/jpeg",
        "url": "https://cdn.swell.store/b2sdemo_test/660d7b792a1fa5001173ed79/4387fbb9fce5a11646b5d0b0919613ff/CLI07BR_1new_07dec8a8-0dde-474e-971b-3fcd1a5ce741.jpg%3Fv%3D1686201308",
        "uploaded_url": "https://cdn.shopify.com/s/files/1/0012/2005/1002/files/CLI07BR_1new_07dec8a8-0dde-474e-971b-3fcd1a5ce741.jpg?v=1686201308",
        "width": 1300,
        "height": 1300
      },
      "id": "660d7b7a4d42c60012db499d"
    }
  ],
  "id": "660d7b7993607e00127d74a4",
  "variants": {
    "count": 0,
    "page_count": 1,
    "page": 1,
    "results": []
  },
  "filename": "lambert-fils-cliff-07-suspension-lamp"
}