{
  "slug": "massproductions-odette-low-table-square",
  "name": "Odette Low Table: Square",
  "description": "<h2>Description</h2>\n<!-- split -->\n<p class=\"lead\"> </p>\n<!-- split -->\n<h2>Specifications</h2>\n<!-- split -->\n<h4>Size:</h4>\n<ul>\n<li>Large:\n<ul>\n<li>23.6\" h x 33.5\" w x 33.5\" d (60x85x85cm)</li>\n<li>16.5\" h x 33.5\" w x 33.5\" d (42x85x85cm)</li>\n<li>Base: 21.3\" dia (54cm)</li>\n</ul>\n</li>\n<li>Small:\n<ul>\n<li>23.6\" h x 27.6\" w x 27.6\" d (60x70x70cm)</li>\n<li>16.5\" h x 27.6\" w x 27.6\" d (42x70x70cm)</li>\n<li>Base: 19.3\" dia (49cm)</li>\n</ul>\n</li>\n</ul>\n<h4>Material</h4>\n<p>Powder-coated metal</p>",
  "sku": "MASS-SC-124-01-00/SC-07-501-00",
  "active": true,
  "meta_title": "Odette Low Table: Square | Buy Massproductions online at A+R",
  "price": null,
  "currency": "USD",
  "type": "physical",
  "delivery": "shipment",
  "date_created": "2024-04-03T15:45:15.454Z",
  "stock_status": null,
  "date_updated": "2024-04-03T15:45:15.549Z",
  "prices": [],
  "purchase_options": {
    "standard": {
      "active": true,
      "price": null,
      "prices": []
    }
  },
  "id": "660d798bdea85b0012cc0b83",
  "variants": {
    "count": 0,
    "page_count": 1,
    "page": 1,
    "results": []
  },
  "filename": "massproductions-odette-low-table-square"
}