{
  "slug": "massproductions-icha-bar-counter-chair-upholstered",
  "name": "Icha Bar + Counter Chair: Upholstered",
  "description": "<h2>Description</h2>\n<!-- split -->\n<p class=\"lead\">Adding personalization to its many other virtues, Massproductions' wood seating in bar or counter height adds a version with an upholstered seat. Designer Chris Martin’s suave mix of Nordic and Eastern influences is evident in the stool’s charts characteristic rounded armrests and narrow backrest that belie its contract-grade sturdiness. Three skilled woodcraft techniques—solid timber, layer-glued and steam-bent—are used in this distinctive seating that comes in several beech finishes including a high-impact red lacquer.</p>\n<!-- split -->\n<h2>Specification</h2>\n<!-- split -->\n<h4>Size</h4>\n<ul>\n<li>Bar</li>\n<ul>\n<li>41.3\" h x 22.6\" w x 20.4\" d (105x57.5x51.7cm)</li>\n<li>Seat height: 29.5\" (75cm)</li>\n</ul>\n<li>Counter</li>\n<ul>\n<li>37.4\" h x 22.6\" w x 20.4\" d (95x57.5x51.7cm)</li>\n<li>Seat height: 25.6\" (65cm)</li>\n</ul>\n</ul>\n<h4>Material</h4>\n<p>Laminated wood, beech, walnut</p>\n<h4>Details</h4>\n<ul>\n<li>Fabric A: Era, Mainline Flax, Smooth, Field 2, Reflect, Relate, Linara</li>\n<li>Fabric B: Molly 2, Remix 3, Kota, Lido, Lido Trend, Acton, Creek, Leone plus</li>\n<li>Fabric C: Silk, Planum, Loop, Canvas 2, Foss, Melange Nap, Re-wool, Safire, Steelcut 3, Steelcut Trio 3, Tonus 4, Wooly, Wooly+, Fuga, Lamu, Ponza</li>\n<li>Fabric C Plus: Tweed, Mosaic 2, Plecto, Sprinkles, Divina 3, Divina MD, Hallingdal 65, Vidar 4</li>\n<li>Fabric D: Elmo Nordic, Elmo Soft, Euro Post, Luna 2, Coda 2, Nuance</li>\n<li>Fabric D Plus: Storr, Elmo Rustical, Pilot, Silas, Dunes</li>\n<li>Fabric E: Gentle 2</li>\n<li>COM and COL are available on request</li>\n</ul>",
  "sku": "MASS-IC-09-102-250",
  "active": true,
  "meta_title": "Icha Bar + Counter Chair: Upholstered | Buy Massproductions online at A+R",
  "price": null,
  "currency": "USD",
  "type": "physical",
  "delivery": "shipment",
  "date_created": "2024-04-03T15:45:52.255Z",
  "stock_status": null,
  "date_updated": "2024-04-03T15:45:53.554Z",
  "prices": [],
  "purchase_options": {
    "standard": {
      "active": true,
      "price": null,
      "prices": []
    }
  },
  "images": [
    {
      "file": {
        "id": "660d79b194abc90012e1af1b",
        "date_uploaded": "2024-04-03T15:45:53.451Z",
        "length": 271496,
        "md5": "eb3cfc5a0332f3733e2e1fed7b2ab7ff",
        "filename": "Icha_Bar_Chair_75_07.0001.jpg?v=1622012549",
        "content_type": "image/jpeg",
        "url": "https://cdn.swell.store/b2sdemo_test/660d79b194abc90012e1af1b/eb3cfc5a0332f3733e2e1fed7b2ab7ff/Icha_Bar_Chair_75_07.0001.jpg%3Fv%3D1622012549",
        "uploaded_url": "https://cdn.shopify.com/s/files/1/0012/2005/1002/products/Icha_Bar_Chair_75_07.0001.jpg?v=1622012549",
        "width": 4000,
        "height": 4000
      },
      "id": "660d79b1f1f9e600129fde77"
    }
  ],
  "id": "660d79b0ed32660012b0c0ca",
  "variants": {
    "count": 0,
    "page_count": 1,
    "page": 1,
    "results": []
  },
  "filename": "massproductions-icha-bar-counter-chair-upholstered"
}