{
  "slug": "normann-copenhagen-allez-chair-molded-wicker",
  "name": "Allez Chair: Molded Wicker",
  "description": "<h2>Description</h2>\n<!-- split -->\n<p class=\"lead\">Normann Copenhagen offers an updated take on a café chair that even gives a nod to the bistro classic's traditional woven seat. Along with the comfortable curve of the reinforced backrest, designer Simon Legald details Allez with a lookalike caning effect, all fashioned in molded polypropylene. The chair features a choice of plastic legs for indoor-outdoor use or lacquered oak. Delivered sustainably flat-packed. (Assembly manual included.)</p>\n<!-- split -->\n<h2>Specifications</h2>\n<!-- split -->\n<h4>Size</h4>\n<ul>\n<li>31.1\" h x 17.7\" w x 19.7\" d (79x45x50cm)</li>\n<li>Seat height: 17.9\" (45.5cm)</li>\n</ul>\n<h4>Material</h4>\n<p>Polypropylene, lacquered oak</p>\n<h4>Details</h4>\n<p>Made in Denmark</p>",
  "sku": "NOR-304045",
  "active": true,
  "meta_title": "Allez Chair: Molded Wicker | Buy Normann Copenhagen online at A+R",
  "price": 145,
  "currency": "USD",
  "type": "physical",
  "delivery": "shipment",
  "date_created": "2024-04-03T15:47:50.341Z",
  "stock_status": null,
  "date_updated": "2024-04-03T15:47:50.839Z",
  "prices": [],
  "purchase_options": {
    "standard": {
      "active": true,
      "price": 145,
      "prices": []
    }
  },
  "images": [
    {
      "file": {
        "id": "660d7a2694abc90012e1b046",
        "date_uploaded": "2024-04-03T15:47:50.688Z",
        "length": 370524,
        "md5": "66b5cb0d676e3d39f08aa399f8ce0625",
        "filename": "304049_Allez_Chair_Molded_Wicker_Park_Green_02-kopi_f6429b98-d8d8-436e-b682-57341ad723e0.jpg?v=1664252899",
        "content_type": "image/jpeg",
        "url": "https://cdn.swell.store/b2sdemo_test/660d7a2694abc90012e1b046/66b5cb0d676e3d39f08aa399f8ce0625/304049_Allez_Chair_Molded_Wicker_Park_Green_02-kopi_f6429b98-d8d8-436e-b682-57341ad723e0.jpg%3Fv%3D1664252899",
        "uploaded_url": "https://cdn.shopify.com/s/files/1/0012/2005/1002/products/304049_Allez_Chair_Molded_Wicker_Park_Green_02-kopi_f6429b98-d8d8-436e-b682-57341ad723e0.jpg?v=1664252899",
        "width": 4000,
        "height": 4000
      },
      "id": "660d7a2650290a0012705865"
    }
  ],
  "id": "660d7a268bf06900114de75a",
  "variants": {
    "count": 0,
    "page_count": 1,
    "page": 1,
    "results": []
  },
  "filename": "normann-copenhagen-allez-chair-molded-wicker"
}