{
  "slug": "sp01-adelaide-sp01",
  "name": "Adelaide(Sp01)",
  "description": "<p>Composition: 100%Cotton, Durability: 200.000 Martindale </p>",
  "sku": "10D0010",
  "active": true,
  "meta_title": "Adelaide(Sp01) | Buy Sp01 Fabrics online at A+R",
  "price": null,
  "currency": "USD",
  "type": "physical",
  "delivery": "shipment",
  "date_created": "2024-04-03T15:51:01.299Z",
  "stock_status": null,
  "date_updated": "2024-04-03T15:51:01.698Z",
  "prices": [],
  "purchase_options": {
    "standard": {
      "active": true,
      "price": null,
      "prices": []
    }
  },
  "images": [
    {
      "file": {
        "id": "660d7ae550290a0012705a5a",
        "date_uploaded": "2024-04-03T15:51:01.623Z",
        "length": 1872,
        "md5": "59bb106a4ef2d520193d5b3a0b5b1bd0",
        "filename": "Ade-smoke.jpg?v=1618997943",
        "content_type": "image/jpeg",
        "url": "https://cdn.swell.store/b2sdemo_test/660d7ae550290a0012705a5a/59bb106a4ef2d520193d5b3a0b5b1bd0/Ade-smoke.jpg%3Fv%3D1618997943",
        "uploaded_url": "https://cdn.shopify.com/s/files/1/0012/2005/1002/products/Ade-smoke.jpg?v=1618997943",
        "width": 192,
        "height": 192
      },
      "id": "660d7ae596aae300122f0276"
    }
  ],
  "id": "660d7ae593607e00127d72ed",
  "variants": {
    "count": 0,
    "page_count": 1,
    "page": 1,
    "results": []
  },
  "filename": "sp01-adelaide-sp01"
}