{
  "slug": "tom-dixon-tube-wide-dining-table-primavera-marble-top",
  "name": "Tube Wide Dining Table: Primavera Marble Top",
  "description": "<h2>Description</h2>\n<!-- split -->\n<p class=\"lead\">With its vivid green coloration alternating with white inlays and thin black veining, Primavera marble makes for a show-stopping top surface in Tom Dixon’s sleek table. The assertive stone pattern is a fine match for the gutsy Wide Tube base in steel with a gloss powder-coat. Each iteration of the natural stone quarried at Yunnan’s majestic peaks in China is unique, resulting in a highly distinctive and versatile furnishing. </p>\n<!-- split -->\n<h2>Specifications</h2>\n<!-- split -->\n<h4>Size</h4>\n<p>28.7\" h x 43.3\" dia (73x110cm)</p>\n<h4>Material</h4>\n<p>Black powder-coated steel, marble</p>",
  "sku": "TD-TUB02BLMT01PR",
  "active": true,
  "meta_title": "Tube Wide Dining Table: Primavera Marble Top | Buy Tom Dixon online at A+R",
  "price": null,
  "currency": "USD",
  "type": "physical",
  "delivery": "shipment",
  "date_created": "2024-04-03T15:46:09.427Z",
  "stock_status": null,
  "date_updated": "2024-04-03T15:46:10.457Z",
  "prices": [],
  "purchase_options": {
    "standard": {
      "active": true,
      "price": null,
      "prices": []
    }
  },
  "images": [
    {
      "file": {
        "id": "660d79c26d7d770012a02e0a",
        "date_uploaded": "2024-04-03T15:46:10.364Z",
        "length": 265708,
        "md5": "f829627394d4ea1dbe0dd099f152689c",
        "filename": "TUBEBASEDININGWIDEBLACKPRIMAVERA1400_251.jpg?v=1634099487",
        "content_type": "image/jpeg",
        "url": "https://cdn.swell.store/b2sdemo_test/660d79c26d7d770012a02e0a/f829627394d4ea1dbe0dd099f152689c/TUBEBASEDININGWIDEBLACKPRIMAVERA1400_251.jpg%3Fv%3D1634099487",
        "uploaded_url": "https://cdn.shopify.com/s/files/1/0012/2005/1002/products/TUBEBASEDININGWIDEBLACKPRIMAVERA1400_251.jpg?v=1634099487",
        "width": 2500,
        "height": 2500
      },
      "id": "660d79c2aac09e00123ad633"
    }
  ],
  "id": "660d79c1cea5e10012b89d00",
  "variants": {
    "count": 0,
    "page_count": 1,
    "page": 1,
    "results": []
  },
  "filename": "tom-dixon-tube-wide-dining-table-primavera-marble-top"
}