{
  "slug": "valerie-objects-wooden-table-round",
  "name": "Wooden Table: Round",
  "description": "<h2>Description</h2>\n<!-- split -->\n<p class=\"lead\">A convivial round version, offered in 2 sizes, completes the lineup of Valerie Objects' multipurpose Wooden Table from design team Muller Van Severen. With its gleaming frame and legs made of rounded steel tubing in a range of powder-coat colors, it breaks the mold of the same old, same old. Providing a material contrast, the inset tabletop comes in a choice of 4 different veneers—light birch, classic oak, rich walnut and a darker cherry for a host of possible combinations. </p>\n<!-- split -->\n<h2>Specifications</h2>\n<!-- split -->\n<h4>Size</h4>\n<ul>\n<li>Small: 29.5\" h x 47.2\" dia (75x120cm)</li>\n<li>Large: 29.5\" h x 59.1\" dia (<span data-mce-fragment=\"1\">75</span>x150cm)</li>\n</ul>\n<h4>Material</h4>\n<p>Steel, plywood, veneer</p>",
  "sku": "VAL-V9020700",
  "active": true,
  "meta_title": "Wooden Table: Round | Buy Valerie Objects online at A+R",
  "price": 2095,
  "currency": "USD",
  "type": "physical",
  "delivery": "shipment",
  "date_created": "2024-04-03T15:47:46.457Z",
  "stock_status": null,
  "date_updated": "2024-04-03T15:47:46.785Z",
  "prices": [],
  "purchase_options": {
    "standard": {
      "active": true,
      "price": 2095,
      "prices": []
    }
  },
  "images": [
    {
      "file": {
        "id": "660d7a224d42c60012db465d",
        "date_uploaded": "2024-04-03T15:47:46.653Z",
        "length": 56128,
        "md5": "ddd4df0e53c65f4031ee779405ecc682",
        "filename": "V9020716_2f992491-8aa9-4714-a092-e65ee48c0a27.jpg?v=1622717321",
        "content_type": "image/jpeg",
        "url": "https://cdn.swell.store/b2sdemo_test/660d7a224d42c60012db465d/ddd4df0e53c65f4031ee779405ecc682/V9020716_2f992491-8aa9-4714-a092-e65ee48c0a27.jpg%3Fv%3D1622717321",
        "uploaded_url": "https://cdn.shopify.com/s/files/1/0012/2005/1002/products/V9020716_2f992491-8aa9-4714-a092-e65ee48c0a27.jpg?v=1622717321",
        "width": 1500,
        "height": 1500
      },
      "id": "660d7a22a8c8430012ccaed1"
    }
  ],
  "id": "660d7a22b3cdeb00121b4485",
  "variants": {
    "count": 0,
    "page_count": 1,
    "page": 1,
    "results": []
  },
  "filename": "valerie-objects-wooden-table-round"
}