{
  "slug": "by-interiors-minima-chair-outdoor",
  "name": "Minima Chair: Outdoor",
  "description": "<h2>Description</h2>\n<!-- split -->\n<p class=\"lead\">Minima easily translates to an outdoor version that, like its interiors counterpart, is appealingly spare but also conveniently stackable up to 5 chairs. With the charm of a quick sketch, Spanish studio MUT contrive 2 sections of thin steel pipe to create continuous curved and straight lines, keeping materials to a bare minimum and letting the geometric shape speak for itself. The weatherproof powder-coated frame and walnut or oak seat are specifically designated for outdoor use.</p>\n<!-- split -->\n<h2>Specifications</h2>\n<!-- split -->\n<h4>Size</h4>\n<ul>\n<li>28.9\" h x 21.3\" w x 18.9\" d (73.5x54x48cm)</li>\n<li>Seat height: 17.5\" (44.5cm)</li>\n</ul>\n<h4>Material</h4>\n<p>Powder-coated steel, oak or walnut</p>\n<quillbot-extension-portal></quillbot-extension-portal>",
  "sku": "BYI-MIN-CHR-OUT-WHI-OAK",
  "active": true,
  "meta_title": "Minima Chair: Outdoor | Buy By Interiors online at A+R",
  "price": 385,
  "currency": "USD",
  "type": "physical",
  "delivery": "shipment",
  "date_created": "2024-04-03T15:46:31.037Z",
  "stock_status": null,
  "date_updated": "2024-04-03T15:46:31.352Z",
  "prices": [],
  "purchase_options": {
    "standard": {
      "active": true,
      "price": 385,
      "prices": []
    }
  },
  "images": [
    {
      "file": {
        "id": "660d79d7f9c6dc0012bc5117",
        "date_uploaded": "2024-04-03T15:46:31.257Z",
        "length": 106072,
        "md5": "9d24e3bcb61281fa0081670cfc2c27f1",
        "filename": "Black_42400608-6bc5-42dd-9162-d1400f1be105_1.jpg?v=1664876103",
        "content_type": "image/jpeg",
        "url": "https://cdn.swell.store/b2sdemo_test/660d79d7f9c6dc0012bc5117/9d24e3bcb61281fa0081670cfc2c27f1/Black_42400608-6bc5-42dd-9162-d1400f1be105_1.jpg%3Fv%3D1664876103",
        "uploaded_url": "https://cdn.shopify.com/s/files/1/0012/2005/1002/products/Black_42400608-6bc5-42dd-9162-d1400f1be105_1.jpg?v=1664876103",
        "width": 2000,
        "height": 2000
      },
      "id": "660d79d7f428300012b10ada"
    }
  ],
  "id": "660d79d704970100120ef061",
  "variants": {
    "count": 0,
    "page_count": 1,
    "page": 1,
    "results": []
  },
  "filename": "by-interiors-minima-chair-outdoor"
}