{
  "slug": "by-interiors-a-t-s-table",
  "name": "A.T.S. Table",
  "description": "<h2>Description</h2>\n<!-- split -->\n<p class=\"lead\">By Interiors undergirds its Aluminum Table System with a lightweight but remarkably strong tabletop in ultra-thin aluminum honeycomb. The entire panel of the airplane-graded material is anodized after machining, which lends a rich shine to the top surface. In Japanese designer Keiji Takeuchi's concept, the tabletop works as a reinforced structure that accommodates common screw-in joinery for the varied A.T.S. leg styles in wood or steel pipe that are available for the flat-packed DIY family.</p>\n<!-- split -->\n<h2>Specifications</h2>\n<!-- split -->\n<h4>Size</h4>\n<ul>\n<li>Small: 28.7\" h x 78.7\" w x 36.2\" d (73x200x92cm)</li>\n<li>Medium: 28.7\" h x 86.6\" w x 36.2\" d (73x220x92cm)</li>\n<li>Large: 28.7\" h x 94.5\" w x 36.2\" d (73x240x92cm)</li>\n</ul>\n<h4>Material</h4>\n<p>Oak or walnut wood</p>\n<h4>Details</h4>\n<p>Made in Japan</p>",
  "sku": "BYI-ATS-TBL-L-NAT-OAK",
  "active": true,
  "meta_title": "A.T.S. Table | Buy By Interiors online at A+R",
  "price": 1575,
  "currency": "USD",
  "type": "physical",
  "delivery": "shipment",
  "date_created": "2024-04-03T15:47:29.959Z",
  "stock_status": null,
  "date_updated": "2024-04-03T15:47:31.020Z",
  "prices": [],
  "purchase_options": {
    "standard": {
      "active": true,
      "price": 1575,
      "prices": []
    }
  },
  "images": [
    {
      "file": {
        "id": "660d7a12c3a01200123a8b55",
        "date_uploaded": "2024-04-03T15:47:30.928Z",
        "length": 121272,
        "md5": "504d81b0c89f856be6db82a45dcda86b",
        "filename": "Foto1-4-22153025_1_5454.jpg?v=1707391690",
        "content_type": "image/jpeg",
        "url": "https://cdn.swell.store/b2sdemo_test/660d7a12c3a01200123a8b55/504d81b0c89f856be6db82a45dcda86b/Foto1-4-22153025_1_5454.jpg%3Fv%3D1707391690",
        "uploaded_url": "https://cdn.shopify.com/s/files/1/0012/2005/1002/files/Foto1-4-22153025_1_5454.jpg?v=1707391690",
        "width": 3000,
        "height": 3000
      },
      "id": "660d7a135a773b0012c39a86"
    }
  ],
  "id": "660d7a1164b0ed0012c7fff8",
  "variants": {
    "count": 0,
    "page_count": 1,
    "page": 1,
    "results": []
  },
  "filename": "by-interiors-a-t-s-table"
}