{
  "slug": "ferm-living-turn-sofa",
  "name": "Turn Sofa",
  "description": "<h2>Description</h2>\n<!-- split -->\n<p class=\"lead\">With sleek contours and aloft on slim metal legs, Ferm Living’s seating lands lightly in a room without a sofa’s usual bulkiness. Turn lives up to its name in either 2- or 3- seater models by ushering in a clean-lined and functional look predicated on its crisp upholstery and an appealing squared-off shape.  Offered in a custom range of fine materials, the sofa has a timeless quality that tempers its geometric lines with soft inner curves and warm materials.</p>\n<!-- split -->\n<h2>Specifications</h2>\n<!-- split -->\n<h4>Size</h4>\n<ul>\n<li>2 Seater: 28.9\" h x 63\" w x 29.7\" d (73.5x160x75.5cm)</li>\n<li>3 Seater: 28.9\" h x 78.7\" w x 29.7\" d (73.5x200x75.5cm)</li>\n<li>Seat height: 16.5\" (42cm)</li>\n</ul>\n<h4>Material</h4>\n<p>PU foam, beech, plywood, powder-coated steel, plastic glides</p>\n<h4>Details</h4>\n<ul>\n<li>Group 1: Cotton Linen</li>\n<li>Group 2: Hot Madison</li>\n<li>Group 3: Pasadena, Bouclé</li>\n<li>Group 4: Tonus 4</li>\n<li>Group 5: Hallingdal 65</li>\n<li>COM and COL available on request</li>\n</ul>",
  "sku": "FL-20154-BLK",
  "active": true,
  "meta_title": "Turn Sofa | Buy Ferm Living online at A+R",
  "price": 1430,
  "currency": "USD",
  "type": "physical",
  "delivery": "shipment",
  "date_created": "2024-04-03T15:47:16.971Z",
  "stock_status": null,
  "date_updated": "2024-04-03T15:47:18.932Z",
  "prices": [],
  "purchase_options": {
    "standard": {
      "active": true,
      "price": 1430,
      "prices": []
    }
  },
  "images": [
    {
      "file": {
        "id": "660d7a06d739ac0012d7d8e7",
        "date_uploaded": "2024-04-03T15:47:18.801Z",
        "length": 801328,
        "md5": "75a079ece9fcd9101a2bec5774d8e773",
        "filename": "TurnSofa3_1.jpg?v=1706698827",
        "content_type": "image/jpeg",
        "url": "https://cdn.swell.store/b2sdemo_test/660d7a06d739ac0012d7d8e7/75a079ece9fcd9101a2bec5774d8e773/TurnSofa3_1.jpg%3Fv%3D1706698827",
        "uploaded_url": "https://cdn.shopify.com/s/files/1/0012/2005/1002/files/TurnSofa3_1.jpg?v=1706698827",
        "width": 4000,
        "height": 4000
      },
      "id": "660d7a0656978b001299165a"
    }
  ],
  "id": "660d7a04a755dd0012542292",
  "variants": {
    "count": 0,
    "page_count": 1,
    "page": 1,
    "results": []
  },
  "filename": "ferm-living-turn-sofa"
}