{
  "slug": "ferm-living-ripple-wine-glasses-set-of-2",
  "name": "Ripple Wine Glasses: Set of 2",
  "description": "<h2>Description</h2>\n<!-- split -->\n<p class=\"lead\"> </p>\n<!-- split -->\n<h2>Specifications</h2>\n<!-- split -->\n<h4>Size</h4>\n<p>4.9\" h x 3\" dia (12.5x7.5cm)</p>\n<h4>Material</h4>\n<p>Mouth-blown glass</p>",
  "sku": "FL-100488211",
  "active": true,
  "meta_title": "Ripple Wine Glasses: Set Of 2 | Buy Ferm Living online at A+R",
  "price": 28,
  "currency": "USD",
  "type": "physical",
  "delivery": "shipment",
  "date_created": "2024-04-03T15:48:16.149Z",
  "stock_status": null,
  "date_updated": "2024-04-03T15:48:17.279Z",
  "prices": [],
  "purchase_options": {
    "standard": {
      "active": true,
      "price": 28,
      "prices": []
    }
  },
  "images": [
    {
      "file": {
        "id": "660d7a414b5e460012294b6a",
        "date_uploaded": "2024-04-03T15:48:17.133Z",
        "length": 216580,
        "md5": "e9b1fb5c771e36e9b97039fae1914685",
        "filename": "fermLIVING-RippleWineGlasses-SetOf2-Clear-pack-1.jpg?v=1656315549",
        "content_type": "image/jpeg",
        "url": "https://cdn.swell.store/b2sdemo_test/660d7a414b5e460012294b6a/e9b1fb5c771e36e9b97039fae1914685/fermLIVING-RippleWineGlasses-SetOf2-Clear-pack-1.jpg%3Fv%3D1656315549",
        "uploaded_url": "https://cdn.shopify.com/s/files/1/0012/2005/1002/products/fermLIVING-RippleWineGlasses-SetOf2-Clear-pack-1.jpg?v=1656315549",
        "width": 4000,
        "height": 4000
      },
      "id": "660d7a41fa9b03001262e447"
    }
  ],
  "id": "660d7a40f47eef0012a1bcdf",
  "variants": {
    "count": 0,
    "page_count": 1,
    "page": 1,
    "results": []
  },
  "filename": "ferm-living-ripple-wine-glasses-set-of-2"
}