{
  "slug": "ferm-living-kids-hale-apron",
  "name": "Kids Hale Apron",
  "description": "<h2>Description</h2>\n<!-- split -->\n<p class=\"lead\"> </p>\n<!-- split -->\n<h2>Specifications</h2>\n<!-- split -->\n<h4>Size</h4>\n<p>23.6\" h x 17.7\" w (60x45cm)</p>\n<h4>Material</h4>\n<p>50% cotton, 50% linen</p>",
  "sku": "FL-1104263217",
  "active": true,
  "meta_title": "Kids Hale Apron | Buy Ferm Living online at A+R",
  "price": 20,
  "currency": "USD",
  "type": "physical",
  "delivery": "shipment",
  "date_created": "2024-04-03T15:48:49.859Z",
  "stock_status": null,
  "date_updated": "2024-04-03T15:48:49.942Z",
  "prices": [],
  "purchase_options": {
    "standard": {
      "active": true,
      "price": 20,
      "prices": []
    }
  },
  "id": "660d7a61aeb36c0012e048f6",
  "variants": {
    "count": 0,
    "page_count": 1,
    "page": 1,
    "results": []
  },
  "filename": "ferm-living-kids-hale-apron"
}