{
  "slug": "ferm-living-mingle-oval-table-steel",
  "name": "Mingle Oval Table: Steel",
  "description": "<h2>Description</h2>\n<!-- split -->\n<p class=\"lead\">Mingle's promise of conviviality and good times seems apt with this graciously oval version of Ferm Living's dining table. Landing lightly on its V-form trestle base in black powder-coated or chrome-finish steel, the tabletop comes in a choice of sustainably selected oak veneers in natural dark and black-stained variations as well as a range of linoleum hues. To suit a range of spaces, the tabletop comes in a choice of 2 oval widths for each table length. </p>\n<!-- split -->\n<h2>Specifications</h2>\n<!-- split -->\n<h4>Size</h4>\n<p>28\" h x 86.6\" w x 35.4\" d (71x220x90cm)</p>\n<h4>Material</h4>\n<p>FSC-Mix certified oak veneer, forbo linoleum, MDF core, steel</p>",
  "sku": "FL-9860/9834",
  "active": true,
  "meta_title": "Mingle Oval Table: Steel | Buy Ferm Living online at A+R",
  "price": 824,
  "currency": "USD",
  "type": "physical",
  "delivery": "shipment",
  "date_created": "2024-04-03T15:45:57.942Z",
  "stock_status": null,
  "date_updated": "2024-04-03T15:45:58.311Z",
  "prices": [],
  "purchase_options": {
    "standard": {
      "active": true,
      "price": 824,
      "prices": []
    }
  },
  "images": [
    {
      "file": {
        "id": "660d79b65a773b0012c399a7",
        "date_uploaded": "2024-04-03T15:45:58.229Z",
        "length": 111284,
        "md5": "d2170cdb0ee1946928ed28a9bfc7c9e3",
        "filename": "Mingle-Oval-220cm_1.jpg?v=1692777486",
        "content_type": "image/jpeg",
        "url": "https://cdn.swell.store/b2sdemo_test/660d79b65a773b0012c399a7/d2170cdb0ee1946928ed28a9bfc7c9e3/Mingle-Oval-220cm_1.jpg%3Fv%3D1692777486",
        "uploaded_url": "https://cdn.shopify.com/s/files/1/0012/2005/1002/products/Mingle-Oval-220cm_1.jpg?v=1692777486",
        "width": 3000,
        "height": 3000
      },
      "id": "660d79b6bdce9b00123d40ff"
    }
  ],
  "id": "660d79b5d406000012ba3fb6",
  "variants": {
    "count": 0,
    "page_count": 1,
    "page": 1,
    "results": []
  },
  "filename": "ferm-living-mingle-oval-table-steel"
}