{
  "slug": "ferm-living-chanterelle-hook",
  "name": "Chanterelle Hook",
  "description": "<h2>Description</h2>\n<!-- split -->\n<p class=\"lead\"> </p>\n<!-- split -->\n<h2>Specifications</h2>\n<!-- split -->\n<h4>Size</h4>\n<p>2.8\" h x 2.4\" w x 1.6\" d (7x6x4cm)</p>\n<h4>Material</h4>\n<p>Solid brass, stainless steel</p>",
  "sku": "FL-110064501",
  "active": true,
  "meta_title": "Chanterelle Hook | Buy Ferm Living online at A+R",
  "price": 33,
  "currency": "USD",
  "type": "physical",
  "delivery": "shipment",
  "date_created": "2024-04-03T15:49:40.982Z",
  "stock_status": null,
  "date_updated": "2024-04-03T15:49:41.514Z",
  "prices": [],
  "purchase_options": {
    "standard": {
      "active": true,
      "price": 33,
      "prices": []
    }
  },
  "images": [
    {
      "file": {
        "id": "660d7a95055bcb0012fb148c",
        "date_uploaded": "2024-04-03T15:49:41.435Z",
        "length": 32228,
        "md5": "1f9c12c928a400f6b12065a11dee267d",
        "filename": "110064501_2.jpg?v=1620275657",
        "content_type": "image/jpeg",
        "url": "https://cdn.swell.store/b2sdemo_test/660d7a95055bcb0012fb148c/1f9c12c928a400f6b12065a11dee267d/110064501_2.jpg%3Fv%3D1620275657",
        "uploaded_url": "https://cdn.shopify.com/s/files/1/0012/2005/1002/products/110064501_2.jpg?v=1620275657",
        "width": 1796,
        "height": 1796
      },
      "id": "660d7a952e54070012d286fa"
    }
  ],
  "id": "660d7a94b3cdeb00121b465b",
  "variants": {
    "count": 0,
    "page_count": 1,
    "page": 1,
    "results": []
  },
  "filename": "ferm-living-chanterelle-hook"
}