{
  "slug": "ferm-living-plant-box-divider",
  "name": "Plant Box Divider",
  "description": "<h2>Description</h2>\n<!-- split -->\n<p class=\"lead\"> </p>\n<!-- split -->\n<h2>Specifications</h2>\n<!-- split -->\n<h4>Size</h4>\n<p>5.7\" h x 9.4\" w x 9.4\" d (14.6x24x24cm)</p>\n<h4>Material</h4>\n<p>Powder-coated galvanized iron</p>",
  "sku": "FL-1104263187",
  "active": true,
  "meta_title": "Plant Box Divider | Buy Ferm Living online at A+R",
  "price": 40,
  "currency": "USD",
  "type": "physical",
  "delivery": "shipment",
  "date_created": "2024-04-03T15:53:05.199Z",
  "stock_status": null,
  "date_updated": "2024-04-03T15:53:05.521Z",
  "prices": [],
  "purchase_options": {
    "standard": {
      "active": true,
      "price": 40,
      "prices": []
    }
  },
  "images": [
    {
      "file": {
        "id": "660d7b61f1f9e600129fe2cb",
        "date_uploaded": "2024-04-03T15:53:05.436Z",
        "length": 137928,
        "md5": "0722651197c28c760f881595961638fc",
        "filename": "Plantboxdivider_100022-102.jpg?v=1619507112",
        "content_type": "image/jpeg",
        "url": "https://cdn.swell.store/b2sdemo_test/660d7b61f1f9e600129fe2cb/0722651197c28c760f881595961638fc/Plantboxdivider_100022-102.jpg%3Fv%3D1619507112",
        "uploaded_url": "https://cdn.shopify.com/s/files/1/0012/2005/1002/products/Plantboxdivider_100022-102.jpg?v=1619507112",
        "width": 4000,
        "height": 4000
      },
      "id": "660d7b612e54070012d28950"
    }
  ],
  "id": "660d7b6171be100012cc58d0",
  "variants": {
    "count": 0,
    "page_count": 1,
    "page": 1,
    "results": []
  },
  "filename": "ferm-living-plant-box-divider"
}