{
  "slug": "ferm-living-vulca-mini-vase",
  "name": "Vulca Mini Vase",
  "description": "<h2>Description</h2>\n<!-- split -->\n<p class=\"lead\">A reactive glazing technique creates an intriguing surface effect with the diminutive version of Ferm Living’s stoneware vase. Playing with proportion and texture, each model in the Vulca Mini series tapers to a point but has a different form and color. Style it solo or group the varied forms in clusters to create a unique floral arrangement or decorative array.</p>\n<!-- split -->\n<h2>Specifications</h2>\n<!-- split -->\n<h4>Size</h4>\n<p>3\" h x 2.2\" w x 2.4\" d (7.5x5.5x6cm)</p>\n<h4>Material</h4>\n<p>Glazed stoneware</p>",
  "sku": "FL-1101942842",
  "active": true,
  "meta_title": "Vulca Mini Vase | Buy Ferm Living online at A+R",
  "price": 10,
  "currency": "USD",
  "type": "physical",
  "delivery": "shipment",
  "date_created": "2024-04-03T15:47:54.866Z",
  "stock_status": null,
  "date_updated": "2024-04-03T15:47:55.561Z",
  "prices": [],
  "purchase_options": {
    "standard": {
      "active": true,
      "price": 10,
      "prices": []
    }
  },
  "images": [
    {
      "file": {
        "id": "660d7a2b1cd14b00127c32c3",
        "date_uploaded": "2024-04-03T15:47:55.414Z",
        "length": 71096,
        "md5": "b2cf49f9dbbd560c7aa91c8fa4347b65",
        "filename": "1101942842_1copy.jpg?v=1708327904",
        "content_type": "image/jpeg",
        "url": "https://cdn.swell.store/b2sdemo_test/660d7a2b1cd14b00127c32c3/b2cf49f9dbbd560c7aa91c8fa4347b65/1101942842_1copy.jpg%3Fv%3D1708327904",
        "uploaded_url": "https://cdn.shopify.com/s/files/1/0012/2005/1002/files/1101942842_1copy.jpg?v=1708327904",
        "width": 1440,
        "height": 1440
      },
      "id": "660d7a2b81aded0012d2252a"
    }
  ],
  "id": "660d7a2af9c6dc0012bc51ff",
  "variants": {
    "count": 0,
    "page_count": 1,
    "page": 1,
    "results": []
  },
  "filename": "ferm-living-vulca-mini-vase"
}