{
  "slug": "ferm-living-port-wood-basket",
  "name": "Port Wood Basket",
  "description": "<h2>Description</h2>\n<!-- split -->\n<p class=\"lead\"> </p>\n<!-- split -->\n<h2>Specifications</h2>\n<!-- split -->\n<h4>Size</h4>\n<p>15.7\" h x 19.7\" w x 9.4\" d (40x50x24cm)</p>\n<h4>Material</h4>\n<p>Powder-coated iron, leather</p>",
  "sku": "FL-1104263210",
  "active": true,
  "meta_title": "Port Wood Basket | Buy Ferm Living online at A+R",
  "price": 90,
  "currency": "USD",
  "type": "physical",
  "delivery": "shipment",
  "date_created": "2024-04-03T15:48:23.527Z",
  "stock_status": null,
  "date_updated": "2024-04-03T15:48:24.116Z",
  "prices": [],
  "purchase_options": {
    "standard": {
      "active": true,
      "price": 90,
      "prices": []
    }
  },
  "images": [
    {
      "file": {
        "id": "660d7a47eb17b00012e72894",
        "date_uploaded": "2024-04-03T15:48:23.990Z",
        "length": 65536,
        "md5": "925f0b1951c6fa8bd38baa635a71fc39",
        "filename": "1104263211_1_1.jpg?v=1656073419",
        "content_type": "image/jpeg",
        "url": "https://cdn.swell.store/b2sdemo_test/660d7a47eb17b00012e72894/925f0b1951c6fa8bd38baa635a71fc39/1104263211_1_1.jpg%3Fv%3D1656073419",
        "uploaded_url": "https://cdn.shopify.com/s/files/1/0012/2005/1002/products/1104263211_1_1.jpg?v=1656073419",
        "width": 1500,
        "height": 1500
      },
      "id": "660d7a48f1f9e600129fe014"
    }
  ],
  "id": "660d7a47ef998c00122230ab",
  "variants": {
    "count": 0,
    "page_count": 1,
    "page": 1,
    "results": []
  },
  "filename": "ferm-living-port-wood-basket"
}