{
  "slug": "ferm-living-mingle-table-round-wooden-legs",
  "name": "Mingle Table: Round + Wooden Legs",
  "description": "<h2>Description</h2>\n<!-- split -->\n<p class=\"lead\"> </p>\n<!-- split -->\n<h2>Specifications</h2>\n<!-- split -->\n<h4>Size</h4>\n<p>28.2\" h x 51.2\" dia (71.7x130cm)</p>\n<h4>Material</h4>\n<p>FSC-Mix certified oak veneer or <span data-mce-fragment=\"1\">Forbo linoleum, MDF core</span></p>",
  "sku": "FL-9880/100211-106",
  "active": true,
  "meta_title": "Mingle Table: Round + Wooden Legs | Buy Ferm Living online at A+R",
  "price": 0,
  "currency": "USD",
  "type": "physical",
  "delivery": "shipment",
  "date_created": "2024-04-03T15:45:24.696Z",
  "stock_status": null,
  "date_updated": "2024-04-03T15:45:24.791Z",
  "prices": [],
  "purchase_options": {
    "standard": {
      "active": true,
      "price": 0,
      "prices": []
    }
  },
  "id": "660d79942e54070012d28496",
  "variants": {
    "count": 0,
    "page_count": 1,
    "page": 1,
    "results": []
  },
  "filename": "ferm-living-mingle-table-round-wooden-legs"
}