{
  "slug": "gubi-violin-dining-chair-fully-upholstered",
  "name": "Violin Dining Chair: Fully Upholstered",
  "description": "<h2>Description</h2>\n<!-- split -->\n<p class=\"lead\">Full upholstery allows for a custom take on Danish-Italian duo GamFratesi’s unique Violin Chair. Two center parallel lines echo its namesake instruments’s strings, providing a decorative signature as well as support for the curved backrest. A generous seat resting on gently tapering, powder-coated steel legs completes the half-arm concept, designed to serve as a dining chair or an armchair without compromising on comfort.</p>\n<!-- split -->\n<h2>Specifications</h2>\n<!-- split -->\n<h4>Size</h4>\n<ul>\n<li>29.9\" h x 22.8\" w x 21.7\" d (76x58x55cm)</li>\n<li>Seat height: 17.9\" (45cm)</li>\n</ul>\n<h4>Material</h4>\n<p>Oiled oak or walnut, powder-coated steel</p>\n<h4>Details</h4>\n<ul>\n<li>Group A: Bonito, Hot Madison Reboot, Indianskop, Mica, Natté, Tempt</li>\n<li>Group B: Alberobello, Ascendent, Dandy, Dora Boucle, Basic, Canvas 2, Eero Special FR, Flair Special FR, Gaja Classic, Harp, Lorkey, Plain, Remix 3, Sunday, Forli</li>\n<li>Group C: Around Boucle, Belsuede Special FR, Boucle, Hallingdal 65, Lupo Special Diagonal Boucle, Steelcut Trio 3, Smooth Leather, Vidar 4</li>\n<li>Group D: Chevron Outdoor FR, Karakorum, Libera, Safire, Sunniva 3</li>\n<li>Group E: Svevo, Sheepskin</li>\n<li>Group F: Artemidor, Brescia, Chamois, Dunes, Triumph Crib5</li>\n<li>COM and COL are available on request</li>\n</ul>",
  "sku": "GUB-10057801",
  "active": true,
  "meta_title": "Violin Dining Chair: Fully Upholstered | Buy Gubi online at A+R",
  "price": 650,
  "currency": "USD",
  "type": "physical",
  "delivery": "shipment",
  "date_created": "2024-04-03T15:45:11.086Z",
  "stock_status": null,
  "date_updated": "2024-04-03T15:45:11.547Z",
  "prices": [],
  "purchase_options": {
    "standard": {
      "active": true,
      "price": 650,
      "prices": []
    }
  },
  "images": [
    {
      "file": {
        "id": "660d79875a773b0012c3991e",
        "date_uploaded": "2024-04-03T15:45:11.468Z",
        "length": 439836,
        "md5": "7e81b71f20f522da062e132cfa8a8da7",
        "filename": "Violin_Dining_Chair_FullyUpholstered_Dedar_Karakorum_004_ItemNr.10082154_F3Q.jpg?v=1622206508",
        "content_type": "image/jpeg",
        "url": "https://cdn.swell.store/b2sdemo_test/660d79875a773b0012c3991e/7e81b71f20f522da062e132cfa8a8da7/Violin_Dining_Chair_FullyUpholstered_Dedar_Karakorum_004_ItemNr.10082154_F3Q.jpg%3Fv%3D1622206508",
        "uploaded_url": "https://cdn.shopify.com/s/files/1/0012/2005/1002/products/Violin_Dining_Chair_FullyUpholstered_Dedar_Karakorum_004_ItemNr.10082154_F3Q.jpg?v=1622206508",
        "width": 3000,
        "height": 3000
      },
      "id": "660d7987f3ab960012ce9656"
    }
  ],
  "id": "660d7987f1f9e600129fde10",
  "variants": {
    "count": 0,
    "page_count": 1,
    "page": 1,
    "results": []
  },
  "filename": "gubi-violin-dining-chair-fully-upholstered"
}