{
  "slug": "karakter-coffee-lounge-table",
  "name": "Coffee Lounge Table",
  "description": "<h2>Description</h2>\n<!-- split -->\n<p class=\"lead\">Dutch artist and designer Aldo Bakker is on a roll with the lounge version of his Coffee Table made with a single sheet of spiraling steel. With expanded proportions and a lower stance, it suits informal seating areas but retains the sculptural appeal of the original. The self-supporting construction embodies a sense of motion, awash with intriguing highlights and shadows in a choice of matte Dark Sepia, Bay Leaf or Dark Terracotta. </p>\n<!-- split -->\n<h2>Specifications</h2>\n<!-- split -->\n<h4>Size</h4>\n<p>15.7\" h x 31.5\" w x 28.7\" d (40x80x73cm)</p>\n<h4>Material</h4>\n<p>Steel</p>",
  "sku": "KAR-201409",
  "active": true,
  "meta_title": "Coffee Lounge Table | Buy Karakter online at A+R",
  "price": 2498,
  "currency": "USD",
  "type": "physical",
  "delivery": "shipment",
  "date_created": "2024-04-03T15:50:37.767Z",
  "stock_status": null,
  "date_updated": "2024-04-03T15:50:39.131Z",
  "prices": [],
  "purchase_options": {
    "standard": {
      "active": true,
      "price": 2498,
      "prices": []
    }
  },
  "images": [
    {
      "file": {
        "id": "660d7acefa71d90012ddb535",
        "date_uploaded": "2024-04-03T15:50:38.965Z",
        "length": 285388,
        "md5": "e930a6b4967206aeccefaab16c435bb9",
        "filename": "Coffee_table_lounge_Green_Pack_01.jpg?v=1683723855",
        "content_type": "image/jpeg",
        "url": "https://cdn.swell.store/b2sdemo_test/660d7acefa71d90012ddb535/e930a6b4967206aeccefaab16c435bb9/Coffee_table_lounge_Green_Pack_01.jpg%3Fv%3D1683723855",
        "uploaded_url": "https://cdn.shopify.com/s/files/1/0012/2005/1002/files/Coffee_table_lounge_Green_Pack_01.jpg?v=1683723855",
        "width": 4000,
        "height": 4000
      },
      "id": "660d7acfbe2c5900123d29bc"
    }
  ],
  "id": "660d7acd695d9d0013f54c14",
  "variants": {
    "count": 0,
    "page_count": 1,
    "page": 1,
    "results": []
  },
  "filename": "karakter-coffee-lounge-table"
}