{
  "slug": "karakter-lungangolo-shelf",
  "name": "Lungangolo Shelf",
  "description": "<h2>Description</h2>\n<!-- split -->\n<p class=\"lead\">Lungangolo is said to stem from the late Milanese designer Achille Castiglioni's ongoing fascination with unused spaces. The elegantly multipurpose unit positions slender pillars at each corner, with a structure of square cross-sections and shelves that are placed in various heights. Gorgeously crafted in either black oiled smoked oak or natural oiled oak, the shelf also has a discreet hidden drawer and is available with either left- or right-hand orientation.</p>\n<!-- split -->\n<h2>Specifications</h2>\n<!-- split -->\n<h4>Size</h4>\n<p>88.6\" h x 14.2\" w x 14.2\"d (225x36x36cm)</p>\n<h4>Material</h4>\n<p>Oiled or veneered oak</p>",
  "sku": "KAR-201469",
  "active": true,
  "meta_title": "Lungangolo Shelf | Buy Karakter online at A+R",
  "price": 2648,
  "currency": "USD",
  "type": "physical",
  "delivery": "shipment",
  "date_created": "2024-04-03T15:50:27.679Z",
  "stock_status": null,
  "date_updated": "2024-04-03T15:50:29.043Z",
  "prices": [],
  "purchase_options": {
    "standard": {
      "active": true,
      "price": 2648,
      "prices": []
    }
  },
  "images": [
    {
      "file": {
        "id": "660d7ac47737200012ce15b9",
        "date_uploaded": "2024-04-03T15:50:28.857Z",
        "length": 226092,
        "md5": "908e00d275e03b1d78aa9394f7ce3394",
        "filename": "LungangoloSmokedOakPack03RHand.jpg?v=1698209911",
        "content_type": "image/jpeg",
        "url": "https://cdn.swell.store/b2sdemo_test/660d7ac47737200012ce15b9/908e00d275e03b1d78aa9394f7ce3394/LungangoloSmokedOakPack03RHand.jpg%3Fv%3D1698209911",
        "uploaded_url": "https://cdn.shopify.com/s/files/1/0012/2005/1002/products/LungangoloSmokedOakPack03RHand.jpg?v=1698209911",
        "width": 4000,
        "height": 4000
      },
      "id": "660d7ac5695d9d0013f54be3"
    }
  ],
  "id": "660d7ac3fd60ae001252d515",
  "variants": {
    "count": 0,
    "page_count": 1,
    "page": 1,
    "results": []
  },
  "filename": "karakter-lungangolo-shelf"
}