{
  "slug": "karakter-cache-dining-table",
  "name": "Cache Dining Table",
  "description": "<h2>Description</h2>\n<!-- split -->\n<p class=\"lead\">This wood-topped table with slim, straight steel legs and stripped of any details or ornament was first conceived by American designer Paul McCobb in the 1950s. The influential creator offered Cache as a part of his Planner modular furniture series that would help popularize the midcentury look. Though McCobb’s design is sleek and unadorned, the warmth of the oak-veneer surface makes the versatile table a genial choice for dining or work activities. </p>\n<!-- split -->\n<h2>Specifications</h2>\n<!-- split -->\n<h4>Size</h4>\n<ul>\n<li>Small: 28.3\" h x 70.9\" w x 35.4\" d (72x180x90cm)</li>\n<li>Large: 28.3\" h x 102\" w x 35.4\" d (72x260x90cm)</li>\n</ul>\n<h4>Material</h4>\n<p>Powder-coated steel, oak veneer</p>",
  "sku": "KAR-201738",
  "active": true,
  "meta_title": "Cache Dining Table | Buy Karakter online at A+R",
  "price": 1998,
  "currency": "USD",
  "type": "physical",
  "delivery": "shipment",
  "date_created": "2024-04-03T15:50:41.010Z",
  "stock_status": null,
  "date_updated": "2024-04-03T15:50:42.460Z",
  "prices": [],
  "purchase_options": {
    "standard": {
      "active": true,
      "price": 1998,
      "prices": []
    }
  },
  "images": [
    {
      "file": {
        "id": "660d7ad24d42c60012db47e9",
        "date_uploaded": "2024-04-03T15:50:42.339Z",
        "length": 224748,
        "md5": "1d0ed0a9def04abf89018e24933c9483",
        "filename": "CacheDiningTable180cmoakPack01copy.jpg?v=1683878506",
        "content_type": "image/jpeg",
        "url": "https://cdn.swell.store/b2sdemo_test/660d7ad24d42c60012db47e9/1d0ed0a9def04abf89018e24933c9483/CacheDiningTable180cmoakPack01copy.jpg%3Fv%3D1683878506",
        "uploaded_url": "https://cdn.shopify.com/s/files/1/0012/2005/1002/files/CacheDiningTable180cmoakPack01copy.jpg?v=1683878506",
        "width": 4000,
        "height": 4000
      },
      "id": "660d7ad26f64df0012a46e11"
    }
  ],
  "id": "660d7ad05a773b0012c39cd3",
  "variants": {
    "count": 0,
    "page_count": 1,
    "page": 1,
    "results": []
  },
  "filename": "karakter-cache-dining-table"
}