{
  "slug": "lambert-fils-sainte-atelier-06-suspension-lamp",
  "name": "Sainte Atelier 06 Suspension Lamp",
  "description": "<h2>Description</h2>\n<!-- split -->\n<p class=\"lead\">Suspension light 06, like the other models from the showpiece Sainte Atelier grouping, reimagines the series’ archetypal rectangle in an array of richly colored glass with a captivating sense of scale. The light features special sustainable LED technology powered via its flat hanging ribbon to create a majestic ambiance and its removable aluminum lightbox can be flipped around to cast light up or down. Designed in collaboration with Rachel Bussin, it’s handmade at Lambert &amp; Fils in Montreal. <br></p>\n<!-- split -->\n<h2>Specifications</h2>\n<!-- split -->\n<h4>Size</h4>\n<ul>\n<li>8\" h x 48\" w x 3.5\" d (20.3x122x8.8cm)</li>\n<li>Ribbon length: 120.1\" (305cm)</li>\n<li>Canopy: 1.6\" h x 7.1\" w x 5.1\" d (4x18x13cm)</li>\n</ul>\n<h4>Material</h4>\n<p>PMMA frosted diffuser, polished aluminum, glass, nylon, polyester</p>\n<h4>Technical</h4>\n<ul>\n<li>UL Listed</li>\n<li>Color temperature: 2700K-2200K, 3000K-2200K</li>\n<li>Dimmable<br>\n</li>\n<li>Integrated LED</li>\n</ul>\n<ul></ul>",
  "sku": "LAM-STE06BKWL",
  "active": true,
  "meta_title": "Sainte Atelier 06 Suspension Lamp | Buy Lambert & Fils online at A+R",
  "price": 4350,
  "currency": "USD",
  "type": "physical",
  "delivery": "shipment",
  "date_created": "2024-04-03T15:52:28.972Z",
  "stock_status": null,
  "date_updated": "2024-04-03T15:52:29.765Z",
  "prices": [],
  "purchase_options": {
    "standard": {
      "active": true,
      "price": 4350,
      "prices": []
    }
  },
  "images": [
    {
      "file": {
        "id": "660d7b3d0c3c45001217deac",
        "date_uploaded": "2024-04-03T15:52:29.596Z",
        "length": 59728,
        "md5": "d84155843f1aa2aaa3a4befe29d2e1b7",
        "filename": "STE06DVDV_02REV_LR_DariusLaprise_1_76c5ff2a-2f50-41b9-9d9d-f05ba743dbd5.jpg?v=1704802149",
        "content_type": "image/jpeg",
        "url": "https://cdn.swell.store/b2sdemo_test/660d7b3d0c3c45001217deac/d84155843f1aa2aaa3a4befe29d2e1b7/STE06DVDV_02REV_LR_DariusLaprise_1_76c5ff2a-2f50-41b9-9d9d-f05ba743dbd5.jpg%3Fv%3D1704802149",
        "uploaded_url": "https://cdn.shopify.com/s/files/1/0012/2005/1002/files/STE06DVDV_02REV_LR_DariusLaprise_1_76c5ff2a-2f50-41b9-9d9d-f05ba743dbd5.jpg?v=1704802149",
        "width": 2000,
        "height": 2000
      },
      "id": "660d7b3db54c6900121090f4"
    }
  ],
  "id": "660d7b3c49935a00128df0ee",
  "variants": {
    "count": 0,
    "page_count": 1,
    "page": 1,
    "results": []
  },
  "filename": "lambert-fils-sainte-atelier-06-suspension-lamp"
}