{
  "slug": "lambert-fils-laurent-14-suspension-lamp",
  "name": "Laurent 14 Suspension Lamp",
  "description": "<h2>Description</h2>\n<!-- split -->\n<p class=\"lead\">In a bilevel lineup, Laurent 14 arrays a trio of the seriesâ€™ suspension lamps to dramatic effect. With the stair-step 06 bracketed by a pair of the flat-plane 07 models, the combination fairly glows, with handblown opaline globes providing warmly diffused points of LED light. Lambert &amp; Filsâ€™ fixture comes in brass, nickel-plate or powder-coated colored aluminum and is handmade at the brand's Montreal atelier.  </p>\n<!-- split -->\n<h2>Specifications</h2>\n<!-- split -->\n<h4>Size</h4>\n<ul>\n<li>14.2\" h x 100.8\" w x 7.9\" d (36x256x20cm)</li>\n<li>Shade: 5.5\" dia (14cm)</li>\n<li>Canopy: 2\" h (5cm)</li>\n</ul>\n<h4>Material</h4>\n<p>Powder-coated aluminum or nickel-plated steel, polished brass, handblown opaline glass globe, polyester</p>\n<h4>Technical</h4>\n<ul>\n<li>UL Listed</li>\n<li>G9</li>\n<li>Color temperature: 2700K, 3000K</li>\n<li>Dimmable</li>\n<li>Bulb included</li>\n</ul>",
  "sku": "LAM-LRT14BKBKBKBK",
  "active": true,
  "meta_title": "Laurent 14 Suspension Lamp | Buy Lambert & Fils online at A+R",
  "price": 3863,
  "currency": "USD",
  "type": "physical",
  "delivery": "shipment",
  "date_created": "2024-04-03T15:53:45.561Z",
  "stock_status": null,
  "date_updated": "2024-04-03T15:53:46.347Z",
  "prices": [],
  "purchase_options": {
    "standard": {
      "active": true,
      "price": 3863,
      "prices": []
    }
  },
  "images": [
    {
      "file": {
        "id": "660d7b8ada787700124040c5",
        "date_uploaded": "2024-04-03T15:53:46.267Z",
        "length": 73580,
        "md5": "3b58273942a7abf88cb304f2281e8bfa",
        "filename": "LRT14BLBL_2-1300x1300_489f6f82-5e3c-47e9-b21b-08818716f324.jpg?v=1704693719",
        "content_type": "image/jpeg",
        "url": "https://cdn.swell.store/b2sdemo_test/660d7b8ada787700124040c5/3b58273942a7abf88cb304f2281e8bfa/LRT14BLBL_2-1300x1300_489f6f82-5e3c-47e9-b21b-08818716f324.jpg%3Fv%3D1704693719",
        "uploaded_url": "https://cdn.shopify.com/s/files/1/0012/2005/1002/files/LRT14BLBL_2-1300x1300_489f6f82-5e3c-47e9-b21b-08818716f324.jpg?v=1704693719",
        "width": 2000,
        "height": 2000
      },
      "id": "660d7b8a02c4020012594843"
    }
  ],
  "id": "660d7b897c1cc300128929b6",
  "variants": {
    "count": 0,
    "page_count": 1,
    "page": 1,
    "results": []
  },
  "filename": "lambert-fils-laurent-14-suspension-lamp"
}