{
  "slug": "lambert-fils-laurent-13-suspension-lamp",
  "name": "Laurent 13 Suspension Lamp",
  "description": "<h2>Description</h2>\n<!-- split -->\n<p class=\"lead\">Laurent 13 juxtaposes 3 of the collectionâ€™s individual suspension models in a striking linear assemblage. With handblown opaline glass milk globes bisected by metal planes, the V-shaped 02, stair-step 06 and asymmetrical 07 each provide warmly diffused points of LED light. Available in brass, nickel-plate or powder-coated colored aluminum, Lambert &amp; Filsâ€™ combination fixture is handmade at the brand's Montreal atelier. </p>\n<!-- split -->\n<h2>Specifications</h2>\n<!-- split -->\n<h4>Size</h4>\n<ul>\n<li>14.2\" h x 105.9\" w x 7.9\" d (36x269x20cm)</li>\n<li>Shade: 5.5\" dia (14cm)</li>\n<li>Canopy height: 2\" (5cm)</li>\n</ul>\n<h4>Material</h4>\n<p>Powder-coated aluminum or nickel-plated steel, polished brass, handblown opaline glass globe</p>\n<h4>Technical</h4>\n<ul>\n<li>UL Listed</li>\n<li>G9</li>\n<li>Color temperature: 2700K, 3000K</li>\n<li>Dimmable</li>\n<li>Bulb included</li>\n</ul>",
  "sku": "LAM-LRT13BKBKBKBK",
  "active": true,
  "meta_title": "Laurent 13 Suspension Lamp | Buy Lambert & Fils online at A+R",
  "price": 4780,
  "currency": "USD",
  "type": "physical",
  "delivery": "shipment",
  "date_created": "2024-04-03T15:53:48.199Z",
  "stock_status": null,
  "date_updated": "2024-04-03T15:53:50.172Z",
  "images": [
    {
      "file": {
        "id": "660d7b8cbe2c5900123d2e39",
        "date_uploaded": "2024-04-03T15:53:48.698Z",
        "length": 112996,
        "md5": "1709b4daa33158631c554991c59f75b8",
        "filename": "LRT13BLBL_BL-1300x1300_8b14bd71-a5bf-49ff-9e14-895a5dfbd1f9.jpg?v=1704692990",
        "content_type": "image/jpeg",
        "url": "https://cdn.swell.store/b2sdemo_test/660d7b8cbe2c5900123d2e39/1709b4daa33158631c554991c59f75b8/LRT13BLBL_BL-1300x1300_8b14bd71-a5bf-49ff-9e14-895a5dfbd1f9.jpg%3Fv%3D1704692990",
        "uploaded_url": "https://cdn.shopify.com/s/files/1/0012/2005/1002/files/LRT13BLBL_BL-1300x1300_8b14bd71-a5bf-49ff-9e14-895a5dfbd1f9.jpg?v=1704692990",
        "width": 2000,
        "height": 2000
      },
      "id": "660d7b8cfd60ae001252d872"
    }
  ],
  "prices": [],
  "purchase_options": {
    "standard": {
      "active": true,
      "price": 4780,
      "prices": []
    }
  },
  "id": "660d7b8cbdce9b00123d472c",
  "variants": {
    "count": 0,
    "page_count": 1,
    "page": 1,
    "results": []
  },
  "filename": "lambert-fils-laurent-13-suspension-lamp"
}