{
  "slug": "lambert-fils-beaubien-wall-lamp",
  "name": "Beaubien Wall Lamp",
  "description": "<h2>Description</h2>\n<!-- split -->\n<p class=\"lead\">In a striking wall model, Beaubien takes form as a panel of twisting black powder-coated rods that bend in, out with brass fitting accents.  Varied sizes of milk glass globes soften the warm LED illumination, add visual interest. As with all its lighting, Lambert &amp; Fils' entire Beaubien series is completely handmade at the brand's Montreal atelier.</p>\n<!-- split -->\n<h2>Specifications</h2>\n<!-- split -->\n<h4>Size</h4>\n<ul>\n<li>59.8\" h x 16.9\" w x 5.1\" d (152x43x13cm)</li>\n<li>Cord length: 120.1\" (305cm)</li>\n</ul>\n<h4>Material</h4>\n<p>Powder-coated steel or aluminum, brass, frosted milk glass globes</p>\n<h4>Technical</h4>\n<ul>\n<li>UL Listed</li>\n<li>G9</li>\n<li>Color temperature: 2700K, 3000K</li>\n<li>Dimmable</li>\n<li>Bulb included</li>\n</ul>\n<ul></ul>\n<ul></ul>",
  "sku": "LAM-BEA01WASWBKBRBKHD",
  "active": true,
  "meta_title": "Beaubien Wall Lamp | Buy Lambert & Fils online at A+R",
  "price": 1968,
  "currency": "USD",
  "type": "physical",
  "delivery": "shipment",
  "date_created": "2024-04-03T15:53:34.910Z",
  "stock_status": null,
  "date_updated": "2024-04-03T15:53:35.670Z",
  "prices": [],
  "purchase_options": {
    "standard": {
      "active": true,
      "price": 1968,
      "prices": []
    }
  },
  "images": [
    {
      "file": {
        "id": "660d7b7f24108c0012bf54cd",
        "date_uploaded": "2024-04-03T15:53:35.499Z",
        "length": 59832,
        "md5": "52436d1b540a353a87e40e66a09e3b4e",
        "filename": "BEA01WASWBLGR_1-1300x1300_7ad7137b-21b1-4f75-80d3-9a066ff9eb6a.jpg?v=1703848233",
        "content_type": "image/jpeg",
        "url": "https://cdn.swell.store/b2sdemo_test/660d7b7f24108c0012bf54cd/52436d1b540a353a87e40e66a09e3b4e/BEA01WASWBLGR_1-1300x1300_7ad7137b-21b1-4f75-80d3-9a066ff9eb6a.jpg%3Fv%3D1703848233",
        "uploaded_url": "https://cdn.shopify.com/s/files/1/0012/2005/1002/files/BEA01WASWBLGR_1-1300x1300_7ad7137b-21b1-4f75-80d3-9a066ff9eb6a.jpg?v=1703848233",
        "width": 2000,
        "height": 2000
      },
      "id": "660d7b7f93607e00127d74bb"
    }
  ],
  "id": "660d7b7e90abf000124fca40",
  "variants": {
    "count": 0,
    "page_count": 1,
    "page": 1,
    "results": []
  },
  "filename": "lambert-fils-beaubien-wall-lamp"
}