{
  "slug": "lee-broom-decanterlight-chandelier",
  "name": "Decanterlight Chandelier",
  "description": "<h2>Description</h2>\n<!-- split -->\n<p class=\"lead\">Often taking inspiration from veddy British manners, countryman Lee Broom creates a striking chandelier with cut-crystal shades that call to mind traditional spirits containers. In arrangements of 3 or 5 lights, the designer clusters the varied hand-fashioned Decanterlight styles in Square, Bell and Tulip shapes. Suspended at varied lengths, the designer creates a luxurious cynosure in sparkling lead crystal to illuminate a dining room or entry hall.</p>\n<!-- split -->\n<h2>Specifications</h2>\n<!-- split -->\n<h4>Size</h4>\n<ul>\n<li>Tulip: 7.9\" h x 7.9\" dia (20x20cm)</li>\n<li>Bell: 8.7\" h x 5.5\" dia (22x14cm)</li>\n<li>Square: 6.3\" h x 3.9\" dia (16x10cm)</li>\n<li>Canopy\n<ul>\n<li>3 Piece: 1.4\" h x 13.8\" dia (3.5x35cm)</li>\n<li>5 Piece: 1.4\" h x 17.7\" dia (3.5x45cm)</li>\n</ul>\n</li>\n<li>Cable length: 118.1\" (300cm)</li>\n</ul>\n<h4>Material</h4>\n<p>Lead crystal, brushed brass, steel</p>\n<h4>Technical</h4>\n<ul>\n<li>UL Listed</li>\n<li>E26, E27 LED</li>\n<li>Color temperature: 2700K</li>\n<li>Dimmable</li>\n<li>Bulb included</li>\n</ul>",
  "sku": "LB-NDC0170",
  "active": true,
  "meta_title": "Decanterlight Chandelier | Buy Lee Broom online at A+R",
  "price": 1515,
  "currency": "USD",
  "type": "physical",
  "delivery": "shipment",
  "date_created": "2024-04-03T15:44:09.393Z",
  "stock_status": null,
  "date_updated": "2024-04-03T15:44:10.883Z",
  "prices": [],
  "purchase_options": {
    "standard": {
      "active": true,
      "price": 1515,
      "prices": []
    }
  },
  "images": [
    {
      "file": {
        "id": "660d794af9c6dc0012bc4f76",
        "date_uploaded": "2024-04-03T15:44:10.782Z",
        "length": 330324,
        "md5": "cd725b5b91aea9d49466fdb113b4218d",
        "filename": "DecanterlightChandelierStraight-5Piece-BrushedBrassPendantsandSatinWhiteCeilingPlate_Studio02_1.jpg?v=1623150834",
        "content_type": "image/jpeg",
        "url": "https://cdn.swell.store/b2sdemo_test/660d794af9c6dc0012bc4f76/cd725b5b91aea9d49466fdb113b4218d/DecanterlightChandelierStraight-5Piece-BrushedBrassPendantsandSatinWhiteCeilingPlate_Studio02_1.jpg%3Fv%3D1623150834",
        "uploaded_url": "https://cdn.shopify.com/s/files/1/0012/2005/1002/products/DecanterlightChandelierStraight-5Piece-BrushedBrassPendantsandSatinWhiteCeilingPlate_Studio02_1.jpg?v=1623150834",
        "width": 3147,
        "height": 3147
      },
      "id": "660d794aafd4b40012180267"
    }
  ],
  "id": "660d7949fa71d90012ddb0b9",
  "variants": {
    "count": 0,
    "page_count": 1,
    "page": 1,
    "results": []
  },
  "filename": "lee-broom-decanterlight-chandelier"
}