{
  "slug": "lee-broom-tube-wall-light",
  "name": "Tube Wall Light",
  "description": "<h2>Description</h2>\n<!-- split -->\n<p class=\"lead\">With his wall fixture, Lee Broom continues his penchant for turning utilitarian inspiration into a sublime object. Skillfully milled from a single piece of Carrara marble and finished at each end with brass or chrome bands, Tube is illuminated by a strip of LED bulbs. Revealing the solid material's unexpected translucence, it's a handcrafted pun on the industrial fluorescent tube light—but in warmly glowing stone with a natural veining that makes each one unique. </p>\n<!-- split -->\n<h2>Specifications</h2>\n<!-- split -->\n<h4>Size</h4>\n<ul>\n<li>40.9\" h x 4.7\" w x 4.5\" d (104x12x11.5cm)</li>\n<li>Shade: 38.2\" h x 2.8\" dia (97x7cm)</li>\n<li>Clamp: 1.2\" h x 4.7\" dia (3x12cm)</li>\n</ul>\n<h4>Material</h4>\n<p>Carrara marble, steel</p>\n<h4>Technical</h4>\n<ul>\n<li>UL Listed</li>\n<li>LED</li>\n<li>Color temperature: 2700K</li>\n<li>Dimmable</li>\n<li>Bulb included</li>\n</ul>",
  "sku": "LB-TU0120",
  "active": true,
  "meta_title": "Tube Wall Light | Buy Lee Broom online at A+R",
  "price": 3690,
  "currency": "USD",
  "type": "physical",
  "delivery": "shipment",
  "date_created": "2024-04-03T15:44:02.296Z",
  "stock_status": null,
  "date_updated": "2024-04-03T15:44:03.302Z",
  "prices": [],
  "purchase_options": {
    "standard": {
      "active": true,
      "price": 3690,
      "prices": []
    }
  },
  "images": [
    {
      "file": {
        "id": "660d794302c402001259425e",
        "date_uploaded": "2024-04-03T15:44:03.204Z",
        "length": 125596,
        "md5": "3489028536a42c83e4f084f1c1b221e5",
        "filename": "TubeWallLightBrushedBrass_Studio_1.jpg?v=1622714142",
        "content_type": "image/jpeg",
        "url": "https://cdn.swell.store/b2sdemo_test/660d794302c402001259425e/3489028536a42c83e4f084f1c1b221e5/TubeWallLightBrushedBrass_Studio_1.jpg%3Fv%3D1622714142",
        "uploaded_url": "https://cdn.shopify.com/s/files/1/0012/2005/1002/products/TubeWallLightBrushedBrass_Studio_1.jpg?v=1622714142",
        "width": 4000,
        "height": 4000
      },
      "id": "660d7943ed32660012b0bf29"
    }
  ],
  "id": "660d79428bf06900114de519",
  "variants": {
    "count": 0,
    "page_count": 1,
    "page": 1,
    "results": []
  },
  "filename": "lee-broom-tube-wall-light"
}