{
  "slug": "massproductions-odette-bar-counter-table-square",
  "name": "Odette Bar + Counter Table: Square",
  "description": "<h2>Description</h2>\n<!-- split -->\n<p class=\"lead\"> </p>\n<!-- split -->\n<h2>Specifications</h2>\n<!-- split -->\n<h4>Size</h4>\n<ul>\n<li>Counter\n<ul>\n<li>Small: 35.4\" h x 27.5\" w x 27.5\" d (90x70x70cm)</li>\n<li>Base: 19.3\" dia (49cm)</li>\n<li>Large: 39.3\" h x 33.4\" w x 33.4\" d (100x85x85cm)</li>\n<li>Base: 21.3\" dia (54cm)</li>\n</ul>\n</li>\n<li>Bar\n<ul>\n<li>Small: 43.3\" h x 27.5\" w x 27.5\" d (110x70x70cm)</li>\n<li>Base: 16.9\" (43cm)</li>\n</ul>\n</li>\n</ul>\n<h4>Material</h4>\n<p>Metal</p>",
  "sku": "MASS-SC-123-02-00/SC-06-02-00",
  "active": true,
  "meta_title": "Odette Bar + Counter Table: Square | Buy Massproductions online at A+R",
  "price": null,
  "currency": "USD",
  "type": "physical",
  "delivery": "shipment",
  "date_created": "2024-04-03T15:45:20.320Z",
  "stock_status": null,
  "date_updated": "2024-04-03T15:45:20.435Z",
  "prices": [],
  "purchase_options": {
    "standard": {
      "active": true,
      "price": null,
      "prices": []
    }
  },
  "id": "660d79904974d6001242ad0d",
  "variants": {
    "count": 0,
    "page_count": 1,
    "page": 1,
    "results": []
  },
  "filename": "massproductions-odette-bar-counter-table-square"
}