{
  "slug": "nevotex-faded-velvet",
  "name": "Faded Velvet",
  "description": "<p>Composition: 51% acrylic, 40% polyester, 9% viscose, Durability: 60.000 Martindale</p>",
  "sku": "Nev-Fad-Vel",
  "active": true,
  "meta_title": "Faded Velvet | Buy Nevotex online at A+R",
  "price": null,
  "currency": "USD",
  "type": "physical",
  "delivery": "shipment",
  "date_created": "2024-04-03T15:47:01.265Z",
  "stock_status": null,
  "date_updated": "2024-04-03T15:47:01.796Z",
  "prices": [],
  "purchase_options": {
    "standard": {
      "active": true,
      "price": null,
      "prices": []
    }
  },
  "images": [
    {
      "file": {
        "id": "660d79f503e0280012dc9550",
        "date_uploaded": "2024-04-03T15:47:01.697Z",
        "length": 6948,
        "md5": "272792afb1d9bc419b71f512fc09d88f",
        "filename": "image_b286c8ce-a931-454d-bf51-9a9f21099c5f.jpg?v=1620897731",
        "content_type": "image/jpeg",
        "url": "https://cdn.swell.store/b2sdemo_test/660d79f503e0280012dc9550/272792afb1d9bc419b71f512fc09d88f/image_b286c8ce-a931-454d-bf51-9a9f21099c5f.jpg%3Fv%3D1620897731",
        "uploaded_url": "https://cdn.shopify.com/s/files/1/0012/2005/1002/products/image_b286c8ce-a931-454d-bf51-9a9f21099c5f.jpg?v=1620897731",
        "width": 192,
        "height": 192
      },
      "id": "660d79f5e6500f0012cd0a19"
    }
  ],
  "id": "660d79f5ef998c0012222fe8",
  "variants": {
    "count": 0,
    "page_count": 1,
    "page": 1,
    "results": []
  },
  "filename": "nevotex-faded-velvet"
}