{
  "slug": "normann-copenhagen-hasle-carafe",
  "name": "Hasle Carafe",
  "description": "<h2>Description</h2>\n<!-- split -->\n<p class=\"lead\"> </p>\n<!-- split -->\n<h2>Specifications</h2>\n<!-- split -->\n<h4>Size</h4>\n<p>9.8\" h x 4.3\" dia (25x11cm)</p>\n<h4>Material</h4>\n<p>Glass</p>",
  "sku": "NOR-120921",
  "active": true,
  "meta_title": "Hasle Carafe | Buy Normann Copenhagen online at A+R",
  "price": null,
  "currency": "USD",
  "type": "physical",
  "delivery": "shipment",
  "date_created": "2024-04-03T15:44:24.451Z",
  "stock_status": null,
  "date_updated": "2024-04-03T15:44:24.977Z",
  "prices": [],
  "purchase_options": {
    "standard": {
      "active": true,
      "price": null,
      "prices": []
    }
  },
  "images": [
    {
      "file": {
        "id": "660d795831ad990012a7e7ff",
        "date_uploaded": "2024-04-03T15:44:24.895Z",
        "length": 23884,
        "md5": "ceb996dbb5fe1310b4ce09ab2a51ea97",
        "filename": "HasleCarafe1.jpg?v=1622631740",
        "content_type": "image/jpeg",
        "url": "https://cdn.swell.store/b2sdemo_test/660d795831ad990012a7e7ff/ceb996dbb5fe1310b4ce09ab2a51ea97/HasleCarafe1.jpg%3Fv%3D1622631740",
        "uploaded_url": "https://cdn.shopify.com/s/files/1/0012/2005/1002/products/HasleCarafe1.jpg?v=1622631740",
        "width": 1700,
        "height": 1700
      },
      "id": "660d7958afd4b400121802ab"
    }
  ],
  "id": "660d7958b54c690012108b03",
  "variants": {
    "count": 0,
    "page_count": 1,
    "page": 1,
    "results": []
  },
  "filename": "normann-copenhagen-hasle-carafe"
}