{
  "slug": "sp01-florence-sp01",
  "name": "Florence(Sp01)",
  "description": "<p>Composition: 80%Wool, 20%Nylon/Polyamid, Durability: 80.000 Martindale </p>",
  "sku": "02D0010",
  "active": true,
  "meta_title": "Florence(Sp01) | Buy Sp01 Fabrics online at A+R",
  "price": null,
  "currency": "USD",
  "type": "physical",
  "delivery": "shipment",
  "date_created": "2024-04-03T15:50:59.434Z",
  "stock_status": null,
  "date_updated": "2024-04-03T15:51:00.241Z",
  "prices": [],
  "purchase_options": {
    "standard": {
      "active": true,
      "price": null,
      "prices": []
    }
  },
  "images": [
    {
      "file": {
        "id": "660d7ae4e6500f0012cd0d3d",
        "date_uploaded": "2024-04-03T15:51:00.136Z",
        "length": 3832,
        "md5": "a268b40bcebbab2920493a76a85d9ab5",
        "filename": "Flo-charcoal.jpg?v=1618998874",
        "content_type": "image/jpeg",
        "url": "https://cdn.swell.store/b2sdemo_test/660d7ae4e6500f0012cd0d3d/a268b40bcebbab2920493a76a85d9ab5/Flo-charcoal.jpg%3Fv%3D1618998874",
        "uploaded_url": "https://cdn.shopify.com/s/files/1/0012/2005/1002/products/Flo-charcoal.jpg?v=1618998874",
        "width": 192,
        "height": 192
      },
      "id": "660d7ae444e8b400124fe736"
    }
  ],
  "id": "660d7ae356978b0012991967",
  "variants": {
    "count": 0,
    "page_count": 1,
    "page": 1,
    "results": []
  },
  "filename": "sp01-florence-sp01"
}