{
  "slug": "a-n-d-pipeline-12-chandelier",
  "name": "Pipeline 12 Chandelier",
  "description": "<h2>Description</h2>\n<!-- split -->\n<p class=\"lead\">The ne plus ultra of A-N-D cofounder and designer Caine Heintzman's tiered chandelier range, Pipeline 12 offers a floor-to-ceiling expanse arrayed with 27 individual LED lights. With each of the triple-level concentric circles measuring over 4 feet, it makes for a mesmerizing display of illumination—and the grand fixture is available in a choice of color-temperature versions and fine aluminum finishes.</p>\n<!-- split -->\n<h2>Specifications</h2>\n<!-- split -->\n<h4>Size</h4>\n<ul>\n<li>Shade: 144.1\" h x 41.5\" dia (366x105.5cm)</li>\n<li>Canopy: 1.6\" h x 37.8\" dia (4x96cm)</li>\n<li>Maximum drop length: 402.8\" (1023cm)</li>\n</ul>\n<h4>Material</h4>\n<p>Metal, aluminum, acrylic</p>\n<h4>Technical</h4>\n<ul>\n<li>UL listed</li>\n<li>Color temperature: 1800K - 3000K</li>\n<li>Dimmable</li>\n<li>Intergrated LED</li>\n</ul>\n<h4>Details</h4>\n<p>Made in Canada</p>",
  "sku": "ANDL-PIP-CHA-12-P-BK-BK",
  "active": true,
  "meta_title": "Pipeline 12 Chandelier | Buy A-N-D online at A+R",
  "price": 18563,
  "currency": "USD",
  "type": "physical",
  "delivery": "shipment",
  "date_created": "2024-04-03T15:44:56.875Z",
  "stock_status": null,
  "date_updated": "2024-04-03T15:44:57.915Z",
  "prices": [],
  "purchase_options": {
    "standard": {
      "active": true,
      "price": 18563,
      "prices": []
    }
  },
  "images": [
    {
      "file": {
        "id": "660d7979b54c690012108b6f",
        "date_uploaded": "2024-04-03T15:44:57.706Z",
        "length": 215724,
        "md5": "54183c951be26aabc097d298ca950f88",
        "filename": "PIPELINECOMBINATION6-BLACK_1_8aaac3f0-1296-4d03-9932-489398eda56f.jpg?v=1686563783",
        "content_type": "image/jpeg",
        "url": "https://cdn.swell.store/b2sdemo_test/660d7979b54c690012108b6f/54183c951be26aabc097d298ca950f88/PIPELINECOMBINATION6-BLACK_1_8aaac3f0-1296-4d03-9932-489398eda56f.jpg%3Fv%3D1686563783",
        "uploaded_url": "https://cdn.shopify.com/s/files/1/0012/2005/1002/files/PIPELINECOMBINATION6-BLACK_1_8aaac3f0-1296-4d03-9932-489398eda56f.jpg?v=1686563783",
        "width": 3000,
        "height": 3000
      },
      "id": "660d7979b3cdeb00121b4279"
    }
  ],
  "id": "660d7978f47eef0012a1ba9f",
  "variants": {
    "count": 0,
    "page_count": 1,
    "page": 1,
    "results": []
  },
  "filename": "a-n-d-pipeline-12-chandelier"
}