{
  "slug": "by-interiors-frente-sofa-modules",
  "name": "Frente Sofa Modules",
  "description": "<h2>Description</h2>\n<!-- split -->\n<p class=\"lead\">A series of modular sofa elements expands Frente’s “landscape” of possible configurations, with its characteristic wood trim and expansive low proportions. A unifying wood base panel—in natural or light brown oak finish as well as painted white or black—characterizes designer Victor Carrasco’s lushly cushioned seating. With a timeless, solid look that’s amenable to a range of upholstery choices, the collection also includes complementary low tables for an effortless coherence (also at A+R).</p>\n<!-- split -->\n<h2>Specifications</h2>\n<!-- split -->\n<h4>Size</h4>\n<ul>\n<li>Right arm: 26.8\" h x 45.3\" w x 35.4\" d (68x115x90cm)</li>\n<li>Left arm: 26.8\" h x 41.3\" w x 31.5\" d (68x105x80cm)</li>\n<li>Seat height: 15\" (38cm)</li>\n<li>Arm height: 20.9\" (53cm)</li>\n</ul>\n<h4>Material</h4>\n<p>Wooden frame, polyurethane foam</p>\n<h4>Details</h4>\n<ul>\n<li>Category 2: Pado, Pesba, Report, Record, Yoda, Texture, Sand</li>\n<li>Category 3: Talapo, Report, Record, Yoda, Texture, Sand</li>\n<li>Category 4: Brionne, Frank</li>\n<li>Leather</li>\n<li>COM and COL are available on request</li>\n</ul>\nMade in Japan\n<ul></ul>",
  "sku": "BYI-FRT-SFA-MOD-R-35-NAT-OAK-CAT-2",
  "active": true,
  "meta_title": "Frente Sofa Modules | Buy By Interiors online at A+R",
  "price": 1705,
  "currency": "USD",
  "type": "physical",
  "delivery": "shipment",
  "date_created": "2024-04-03T15:46:10.847Z",
  "stock_status": null,
  "date_updated": "2024-04-03T15:46:11.768Z",
  "prices": [],
  "purchase_options": {
    "standard": {
      "active": true,
      "price": 1705,
      "prices": []
    }
  },
  "images": [
    {
      "file": {
        "id": "660d79c364b0ed0012c7fedf",
        "date_uploaded": "2024-04-03T15:46:11.632Z",
        "length": 143108,
        "md5": "50d0cb84f96b6fd8778d7572ac63bacc",
        "filename": "20141001074.jpg?v=1621944414",
        "content_type": "image/jpeg",
        "url": "https://cdn.swell.store/b2sdemo_test/660d79c364b0ed0012c7fedf/50d0cb84f96b6fd8778d7572ac63bacc/20141001074.jpg%3Fv%3D1621944414",
        "uploaded_url": "https://cdn.shopify.com/s/files/1/0012/2005/1002/products/20141001074.jpg?v=1621944414",
        "width": 3000,
        "height": 3000
      },
      "id": "660d79c3f9c6dc0012bc50de"
    }
  ],
  "id": "660d79c281aded0012d223f8",
  "variants": {
    "count": 0,
    "page_count": 1,
    "page": 1,
    "results": []
  },
  "filename": "by-interiors-frente-sofa-modules"
}