{
  "slug": "dedar-stocked-karakorum-001",
  "name": "Karakorum 001",
  "description": "Composition: <meta charset=\"utf-8\">42% Wool 33% Viscose 24% Cotton 1%PA",
  "sku": "Karakorum-001",
  "active": true,
  "meta_title": "Karakorum 001 | Buy Dedar online at A+R",
  "price": null,
  "currency": "USD",
  "type": "physical",
  "delivery": "shipment",
  "date_created": "2024-04-03T15:45:05.702Z",
  "stock_status": null,
  "date_updated": "2024-04-03T15:45:06.433Z",
  "prices": [],
  "purchase_options": {
    "standard": {
      "active": true,
      "price": null,
      "prices": []
    }
  },
  "images": [
    {
      "file": {
        "id": "660d79822fdde70012128e3e",
        "date_uploaded": "2024-04-03T15:45:06.342Z",
        "length": 9876,
        "md5": "684e371c11fd55e2881e52ade0e723de",
        "filename": "Dedar_Karakorum_1_a37c251a-1115-43a6-8ad0-0184ca8fedf3.jpg?v=1622205938",
        "content_type": "image/jpeg",
        "url": "https://cdn.swell.store/b2sdemo_test/660d79822fdde70012128e3e/684e371c11fd55e2881e52ade0e723de/Dedar_Karakorum_1_a37c251a-1115-43a6-8ad0-0184ca8fedf3.jpg%3Fv%3D1622205938",
        "uploaded_url": "https://cdn.shopify.com/s/files/1/0012/2005/1002/products/Dedar_Karakorum_1_a37c251a-1115-43a6-8ad0-0184ca8fedf3.jpg?v=1622205938",
        "width": 192,
        "height": 192
      },
      "id": "660d7982da78770012403b65"
    }
  ],
  "id": "660d7981aac09e00123ad503",
  "variants": {
    "count": 0,
    "page_count": 1,
    "page": 1,
    "results": []
  },
  "filename": "dedar-stocked-karakorum-001"
}