{
  "slug": "ferm-living-hale-oven-mitt",
  "name": "Hale Oven Mitt",
  "description": "<h2>Description</h2>\n<!-- split -->\n<p class=\"lead\"> </p>\n<!-- split -->\n<h2>Specifications</h2>\n<!-- split -->\n<h4>Size</h4>\n<p>11\" h x 5.3\" w x 1.1\" d (28x13.5x3cm)</p>\n<h4>Material</h4>\n<p>50% cotton, 50% linen</p>",
  "sku": "FL-1104263227",
  "active": true,
  "meta_title": "Hale Oven Mitt | Buy Ferm Living online at A+R",
  "price": 15,
  "currency": "USD",
  "type": "physical",
  "delivery": "shipment",
  "date_created": "2024-04-03T15:49:06.367Z",
  "stock_status": null,
  "date_updated": "2024-04-03T15:49:06.455Z",
  "prices": [],
  "purchase_options": {
    "standard": {
      "active": true,
      "price": 15,
      "prices": []
    }
  },
  "id": "660d7a72fa9b03001262e4d4",
  "variants": {
    "count": 0,
    "page_count": 1,
    "page": 1,
    "results": []
  },
  "filename": "ferm-living-hale-oven-mitt"
}