{
  "slug": "ferm-living-mushroom-hook",
  "name": "Mushroom Hook",
  "description": "<h2>Description</h2>\n<!-- split -->\n<p class=\"lead\"> </p>\n<!-- split -->\n<h2>Specifications</h2>\n<!-- split -->\n<h4>Size</h4>\n<p>1.5\" h x 1.5\" w x 1.4\" d (3.8x3.8x3.5cm)</p>\n<h4>Material</h4>\n<p>Stainless steel, solid brass, use as hook or knob</p>",
  "sku": "FL-110066501",
  "active": true,
  "meta_title": "Mushroom Hook | Buy Ferm Living online at A+R",
  "price": 18,
  "currency": "USD",
  "type": "physical",
  "delivery": "shipment",
  "date_created": "2024-04-03T15:48:38.313Z",
  "stock_status": null,
  "date_updated": "2024-04-03T15:48:38.403Z",
  "prices": [],
  "purchase_options": {
    "standard": {
      "active": true,
      "price": 18,
      "prices": []
    }
  },
  "id": "660d7a56ad75db001304802f",
  "variants": {
    "count": 0,
    "page_count": 1,
    "page": 1,
    "results": []
  },
  "filename": "ferm-living-mushroom-hook"
}