{
  "slug": "ferm-living-kelim-rug-square",
  "name": "Kelim Rug Square",
  "description": "<h2>Description</h2>\n<!-- split -->\n<p class=\"lead\">A chic update on a classic floor covering, Ferm Living offers its take on a kelim in a warm brown melange finished off with asymmetrical fringe detail. The rug is handmade using a manual loom technique that is one of the oldest in the world, distinguished by the slight individual variations in the distinctive weave. Displaying a strong visual appeal and unique tactile feel, the wool-cotton yarn is hand-dyed with the characteristic shade variations of the natural material.  </p>\n<!-- split -->\n<h2>Specifications</h2>\n<!-- split -->\n<h4>Size</h4>\n<p>94.5\" l x 94.5\" w (240x240cm)</p>\n<h4>Material</h4>\n<p>80% wool, 20% cotton</p>",
  "sku": "FL-1104263439",
  "active": true,
  "meta_title": "Kelim Rug Square | Buy Ferm Living online at A+R",
  "price": 358,
  "currency": "USD",
  "type": "physical",
  "delivery": "shipment",
  "date_created": "2024-04-03T15:48:51.057Z",
  "stock_status": null,
  "date_updated": "2024-04-03T15:48:51.861Z",
  "prices": [],
  "purchase_options": {
    "standard": {
      "active": true,
      "price": 358,
      "prices": []
    }
  },
  "images": [
    {
      "file": {
        "id": "660d7a63f428300012b10c2b",
        "date_uploaded": "2024-04-03T15:48:51.784Z",
        "length": 185684,
        "md5": "0942b165416a0fc46a5cea7d117e265a",
        "filename": "1104263439_1.jpg?v=1620633253",
        "content_type": "image/jpeg",
        "url": "https://cdn.swell.store/b2sdemo_test/660d7a63f428300012b10c2b/0942b165416a0fc46a5cea7d117e265a/1104263439_1.jpg%3Fv%3D1620633253",
        "uploaded_url": "https://cdn.shopify.com/s/files/1/0012/2005/1002/products/1104263439_1.jpg?v=1620633253",
        "width": 1920,
        "height": 1920
      },
      "id": "660d7a6371be100012cc5128"
    }
  ],
  "id": "660d7a63a8c8430012ccaf95",
  "variants": {
    "count": 0,
    "page_count": 1,
    "page": 1,
    "results": []
  },
  "filename": "ferm-living-kelim-rug-square"
}