{
  "slug": "fl-fabrics-dry-cotton-slub",
  "name": "Dry Cotton Slub",
  "description": "<p>Composition: 90% cotton, 10% nylon, Durability: 20.000 Martindale</p>",
  "sku": "Dry-Cot-slu",
  "active": true,
  "meta_title": "Dry Cotton Slub | Buy FL Fabrics online at A+R",
  "price": null,
  "currency": "USD",
  "type": "physical",
  "delivery": "shipment",
  "date_created": "2024-04-03T15:47:12.123Z",
  "stock_status": null,
  "date_updated": "2024-04-03T15:47:12.577Z",
  "prices": [],
  "purchase_options": {
    "standard": {
      "active": true,
      "price": null,
      "prices": []
    }
  },
  "images": [
    {
      "file": {
        "id": "660d7a001cd14b00127c3214",
        "date_uploaded": "2024-04-03T15:47:12.493Z",
        "length": 5628,
        "md5": "84aaaaaa9c35c17baf6d91e3b4648402",
        "filename": "NewProject_1_340536eb-81b2-4030-89be-0e1f042b35aa.jpg?v=1620889316",
        "content_type": "image/jpeg",
        "url": "https://cdn.swell.store/b2sdemo_test/660d7a001cd14b00127c3214/84aaaaaa9c35c17baf6d91e3b4648402/NewProject_1_340536eb-81b2-4030-89be-0e1f042b35aa.jpg%3Fv%3D1620889316",
        "uploaded_url": "https://cdn.shopify.com/s/files/1/0012/2005/1002/products/NewProject_1_340536eb-81b2-4030-89be-0e1f042b35aa.jpg?v=1620889316",
        "width": 192,
        "height": 192
      },
      "id": "660d7a00be2c5900123d2453"
    }
  ],
  "id": "660d7a0052715700129ace3d",
  "variants": {
    "count": 0,
    "page_count": 1,
    "page": 1,
    "results": []
  },
  "filename": "fl-fabrics-dry-cotton-slub"
}