{
  "slug": "gabriel-stocked-tempt-60152",
  "name": "Tempt 60152",
  "description": "<p>Composition: 100% Polyester, Durability: 90.000 Martindale, Lightfastness: 5-8, Sustainability: Oeko-Tex, 100% free of heavy metals</p>",
  "sku": "Tempt-60152",
  "active": true,
  "meta_title": "Tempt 60152 | Buy Gabriel online at A+R",
  "price": null,
  "currency": "USD",
  "type": "physical",
  "delivery": "shipment",
  "date_created": "2024-04-03T15:45:03.329Z",
  "stock_status": null,
  "date_updated": "2024-04-03T15:45:03.797Z",
  "prices": [],
  "purchase_options": {
    "standard": {
      "active": true,
      "price": null,
      "prices": []
    }
  },
  "images": [
    {
      "file": {
        "id": "660d797f90abf000124fc3ed",
        "date_uploaded": "2024-04-03T15:45:03.695Z",
        "length": 11740,
        "md5": "6536f097b101d5d12b58d553fc4fd757",
        "filename": "Gabriel_Tempt_60152_c16a799f-e9f7-40d0-85d0-a29174b966b5.jpg?v=1622206436",
        "content_type": "image/jpeg",
        "url": "https://cdn.swell.store/b2sdemo_test/660d797f90abf000124fc3ed/6536f097b101d5d12b58d553fc4fd757/Gabriel_Tempt_60152_c16a799f-e9f7-40d0-85d0-a29174b966b5.jpg%3Fv%3D1622206436",
        "uploaded_url": "https://cdn.shopify.com/s/files/1/0012/2005/1002/products/Gabriel_Tempt_60152_c16a799f-e9f7-40d0-85d0-a29174b966b5.jpg?v=1622206436",
        "width": 192,
        "height": 192
      },
      "id": "660d797fdefd8a001263cd05"
    }
  ],
  "id": "660d797fbe2c5900123d20f4",
  "variants": {
    "count": 0,
    "page_count": 1,
    "page": 1,
    "results": []
  },
  "filename": "gabriel-stocked-tempt-60152"
}