{
  "slug": "gubi-violin-dining-chair-seat-upholstered",
  "name": "Violin Dining Chair: Seat Upholstered",
  "description": "<h2>Description</h2>\n<!-- split -->\n<p class=\"lead\">An upholstered seat customizes design duo GamFratesi’s uniquely creative Violin Chair. Suggesting its namesake instruments’s strings, 2 center lines lend a signature note as well as support for the curved backrest. A generous seat tops gently tapering, powder-coated steel legs, for a half-armchair look that serves as well at the dining table as it does as comfortable seating on its own.</p>\n<!-- split -->\n<h2>Specifications</h2>\n<!-- split -->\n<h4>Size</h4>\n<ul>\n<li>29.5\" h x 22.8\" w x 21.7\" d (75x58x55cm)</li>\n<li>Seat height: 17.9\" (45.5cm)</li>\n</ul>\n<h4>Material</h4>\n<p>Oiled oak or walnut</p>\n<h4>Details</h4>\n<ul>\n<li>Group A: Bonito, Hot Madison Reboot, Indianskop, Mica, Natté, Tempt</li>\n<li>Group B: Alberobello, Ascendent, Dandy, Dora Boucle, Basic, Canvas 2, Eero Special FR, Flair Special FR, Gaja Classic, Harp, Lorkey, Plain, Remix 3, Sunday, Forli</li>\n<li>Group C: Around Boucle, Belsuede Special FR, Boucle, Hallingdal 65, Lupo Special Diagonal Boucle, Steelcut Trio 3, Smooth Leather, Vidar 4</li>\n<li>Group D: Chevron Outdoor FR, Karakorum, Libera, Safire, Sunniva 3</li>\n<li>Group E: Svevo, Sheepskin</li>\n<li>Group F: Artemidor, Brescia, Chamois, Dunes, Triumph Crib5</li>\n<li>COM and COL are available on request</li>\n</ul>",
  "sku": "GUB-10079159",
  "active": true,
  "meta_title": "Violin Dining Chair: Seat Upholstered | Buy Gubi online at A+R",
  "price": 650,
  "currency": "USD",
  "type": "physical",
  "delivery": "shipment",
  "date_created": "2024-04-03T15:45:11.857Z",
  "stock_status": null,
  "date_updated": "2024-04-03T15:45:12.247Z",
  "prices": [],
  "purchase_options": {
    "standard": {
      "active": true,
      "price": 650,
      "prices": []
    }
  },
  "images": [
    {
      "file": {
        "id": "660d7988d406000012ba3e9b",
        "date_uploaded": "2024-04-03T15:45:12.165Z",
        "length": 253228,
        "md5": "bba87ae03459439bc18c84e898ed93a4",
        "filename": "Violin_Dining_Chair_SeatUpholstered_Oak_Dedar_Karakorum_001_ItemNr.10082155_F3Q_1.jpg?v=1710488161",
        "content_type": "image/jpeg",
        "url": "https://cdn.swell.store/b2sdemo_test/660d7988d406000012ba3e9b/bba87ae03459439bc18c84e898ed93a4/Violin_Dining_Chair_SeatUpholstered_Oak_Dedar_Karakorum_001_ItemNr.10082155_F3Q_1.jpg%3Fv%3D1710488161",
        "uploaded_url": "https://cdn.shopify.com/s/files/1/0012/2005/1002/files/Violin_Dining_Chair_SeatUpholstered_Oak_Dedar_Karakorum_001_ItemNr.10082155_F3Q_1.jpg?v=1710488161",
        "width": 3500,
        "height": 3500
      },
      "id": "660d7988d739ac0012d7d78e"
    }
  ],
  "id": "660d79878bf06900114de5e1",
  "variants": {
    "count": 0,
    "page_count": 1,
    "page": 1,
    "results": []
  },
  "filename": "gubi-violin-dining-chair-seat-upholstered"
}