{
  "slug": "karakter-trio-shelf",
  "name": "Trio Shelf",
  "description": "<h2>Description</h2>\n<!-- split -->\n<p class=\"lead\">A distinctive 3-tier shelf brings both function and refinement to a forgotten corner in the hands of the late Milanese legend Achille Castiglioni. First unveiled in 1988 as a collaboration with fellow designer Giancarlo Pozzi, the triangular Trio has ultra-thin shelves with rimmed sides and a taller post at the apex for easily moving the unit. Crafted in solid oak and oak veneer, it comes in a choice of a clear or black lacquer finish. </p>\n<!-- split -->\n<h2>Specifications</h2>\n<!-- split -->\n<h4>Size</h4>\n<p>39.4\" h x 19.7\" w x 17.7\" d (100x50x45cm)</p>\n<h4>Material</h4>\n<p>Solid or veneered oak</p>\n<h4>Details<br>\n</h4>\n<p>Made in<span> </span>Portugal</p>",
  "sku": "KAR-201470",
  "active": true,
  "meta_title": "Trio Shelf | Buy Karakter online at A+R",
  "price": null,
  "currency": "USD",
  "type": "physical",
  "delivery": "shipment",
  "date_created": "2024-04-03T15:50:13.238Z",
  "stock_status": null,
  "date_updated": "2024-04-03T15:50:15.044Z",
  "prices": [],
  "purchase_options": {
    "standard": {
      "active": true,
      "price": null,
      "prices": []
    }
  },
  "images": [
    {
      "file": {
        "id": "660d7ab6e6500f0012cd0c54",
        "date_uploaded": "2024-04-03T15:50:14.960Z",
        "length": 313000,
        "md5": "d64e25b1035b7c1db5c2dd854f21a28e",
        "filename": "Trio_Black_Pack_02.jpg?v=1653542549",
        "content_type": "image/jpeg",
        "url": "https://cdn.swell.store/b2sdemo_test/660d7ab6e6500f0012cd0c54/d64e25b1035b7c1db5c2dd854f21a28e/Trio_Black_Pack_02.jpg%3Fv%3D1653542549",
        "uploaded_url": "https://cdn.shopify.com/s/files/1/0012/2005/1002/products/Trio_Black_Pack_02.jpg?v=1653542549",
        "width": 4000,
        "height": 4000
      },
      "id": "660d7ab7055bcb0012fb1517"
    }
  ],
  "id": "660d7ab5ad75db00130481c5",
  "variants": {
    "count": 0,
    "page_count": 1,
    "page": 1,
    "results": []
  },
  "filename": "karakter-trio-shelf"
}