{
  "slug": "lambert-fils-waldorf-suspension-lamp",
  "name": "Waldorf Suspension Lamp",
  "description": "<h2>Description</h2>\n<!-- split -->\n<p class=\"lead\">Waldorfâ€™s crisp, angular form adapts as a striking suspension light with functionally swiveling shades in either double or triple versions. Extending from slender brass and powder-coated rods, the individual lamps glow with diffused LED illumination via the milky glass globes. A timeless design, itâ€™s handcrafted at maker Lambert &amp; Filsâ€™ Montreal atelier.</p>\n<!-- split -->\n<h2>Specifications</h2>\n<!-- split -->\n<h4>Size</h4>\n<ul>\n<li>Triple:\n<ul>\n<li>\n<strong>24\"</strong>: 24\" h x 59.8\" dia (61x152cm)</li>\n<li>\n<strong>28\"</strong>: 28\" h x 59.8\" dia (71x152cm)</li>\n<li>\n<strong>32\"</strong>: 31.9\" h x 59.8\" dia (81x152cm)</li>\n<li>\n<strong>36\"</strong>: 35.8\" h x 59.8\" dia (91x152cm)</li>\n<li>\n<strong>42\"</strong>: 42.1\" h x 59.8\" dia (107x152cm)</li>\n<li>\n<strong>54\"</strong>: 53.9\" h x 59.8\" dia (137x152cm)</li>\n</ul>\n</li>\n<li>Double:\n<ul>\n<li>\n<strong>24\"</strong>: 24\" h x <span data-mce-fragment=\"1\">59.8</span>\" w x 9.1\" d (61x152x23cm)</li>\n<li>\n<strong>28\"</strong>: 28\" h x <span data-mce-fragment=\"1\">59.8</span>\" w x 9.1\" d (71x152x23cm)</li>\n<li>\n<strong>32\"</strong>: 31.9\" h x <span data-mce-fragment=\"1\">59.8</span>\" w x 9.1\" d (81x152x23cm)</li>\n<li>\n<strong>36\"</strong>: 35.8\" h x <span data-mce-fragment=\"1\">59.8</span>\" w x 9.1\" d (91x152x23cm)</li>\n<li>\n<strong>42\"</strong>: 42.1\" h x <span data-mce-fragment=\"1\">59.8</span>\" w x 9.1\" d (107x152x23cm)</li>\n<li>\n<strong>54\"</strong>: 53.9\" h x <span data-mce-fragment=\"1\">59.8</span>\" w x 9.1\" d (137x152x23cm)</li>\n</ul>\n</li>\n</ul>\n<h4>Material</h4>\n<p>Powder-coated aluminum, steel, milk glass globes, brass</p>\n<h4>Technical</h4>\n<ul>\n<li>UL Listed</li>\n<li>G9</li>\n<li>Color temperature: 2700K, 3000K</li>\n<li>Dimmable</li>\n<li>Bulb included</li>\n</ul>",
  "sku": "LAM-WAL07BKBRA",
  "active": true,
  "meta_title": "Waldorf Suspension Lamp | Buy Lambert & Fils online at A+R",
  "price": 1070,
  "currency": "USD",
  "type": "physical",
  "delivery": "shipment",
  "date_created": "2024-04-03T15:52:24.725Z",
  "stock_status": null,
  "date_updated": "2024-04-03T15:52:25.447Z",
  "prices": [],
  "purchase_options": {
    "standard": {
      "active": true,
      "price": 1070,
      "prices": []
    }
  },
  "images": [
    {
      "file": {
        "id": "660d7b39591f9100128f937e",
        "date_uploaded": "2024-04-03T15:52:25.338Z",
        "length": 70892,
        "md5": "4ef99c45053fc4722c6b245f1a0f72eb",
        "filename": "WAL07BLBR_02_1_8317dbb4-b10b-4ce9-aa65-0365d9436277.jpg?v=1705057999",
        "content_type": "image/jpeg",
        "url": "https://cdn.swell.store/b2sdemo_test/660d7b39591f9100128f937e/4ef99c45053fc4722c6b245f1a0f72eb/WAL07BLBR_02_1_8317dbb4-b10b-4ce9-aa65-0365d9436277.jpg%3Fv%3D1705057999",
        "uploaded_url": "https://cdn.shopify.com/s/files/1/0012/2005/1002/files/WAL07BLBR_02_1_8317dbb4-b10b-4ce9-aa65-0365d9436277.jpg?v=1705057999",
        "width": 2000,
        "height": 2000
      },
      "id": "660d7b391bdff00012d1a18b"
    }
  ],
  "id": "660d7b3849935a00128df0d6",
  "variants": {
    "count": 0,
    "page_count": 1,
    "page": 1,
    "results": []
  },
  "filename": "lambert-fils-waldorf-suspension-lamp"
}