{
  "slug": "lambert-fils-dot-atomium-pendant",
  "name": "Dot Atomium Pendant",
  "description": "<h2>Description</h2>\n<!-- split -->\n<p class=\"lead\">Playing on a molecular structure, Atomium pairs up the Dot series’ signature exposed bulbs in a pleasingly asymmetrical cascade of light. Lambert &amp; Fils’ pendant is aglow with milky glass globes that radiate random points of warmly diffused LED illumination. Equally striking in any of its range of sizes, the pendant is handcrafted at the brand’s Montreal atelier.  </p>\n<!-- split -->\n<h2>Specifications</h2>\n<!-- split -->\n<h4>Size</h4>\n<ul>\n<li>Extra Small: 24.4\" h x 38.2\" dia (62x97cm)</li>\n<li>Small: 30.3\" h x 38.2\" dia (77x<span data-mce-fragment=\"1\">9</span><span data-mce-fragment=\"1\">7</span>cm)</li>\n<li>Medium: 36.6\" h x 38.2\" dia (93x<span data-mce-fragment=\"1\">9</span><span data-mce-fragment=\"1\">7</span>cm)</li>\n<li>Large: 42.5\" h x 38.2\" dia (108x<span data-mce-fragment=\"1\">9</span><span data-mce-fragment=\"1\">7</span>cm)</li>\n<li>Extra Large: 54.3\" h x 38.2\" dia (138x<span data-mce-fragment=\"1\">9</span><span data-mce-fragment=\"1\">7</span>cm)</li>\n</ul>\n<h4>Material</h4>\n<p>Brass, milk glass globes</p>\n<h4>Technical</h4>\n<ul>\n<li>UL Listed</li>\n<li>G9</li>\n<li>Color temperature: 2700K, 3000K</li>\n<li>Dimmable</li>\n<li>Bulb included</li>\n</ul>\n<ul></ul>",
  "sku": "LAM-DOT01BRA",
  "active": true,
  "meta_title": "Dot Atomium Pendant | Buy Lambert & Fils online at A+R",
  "price": 1193,
  "currency": "USD",
  "type": "physical",
  "delivery": "shipment",
  "date_created": "2024-04-03T15:53:20.186Z",
  "stock_status": null,
  "date_updated": "2024-04-03T15:53:20.864Z",
  "prices": [],
  "purchase_options": {
    "standard": {
      "active": true,
      "price": 1193,
      "prices": []
    }
  },
  "images": [
    {
      "file": {
        "id": "660d7b706f64df0012a46fc6",
        "date_uploaded": "2024-04-03T15:53:20.752Z",
        "length": 79296,
        "md5": "d2577e63cf7487c628edd54a60d898f0",
        "filename": "DOT01BR_1_9cda9de6-d0ad-494d-82a3-1c87a7b98e62.jpg?v=1704259106",
        "content_type": "image/jpeg",
        "url": "https://cdn.swell.store/b2sdemo_test/660d7b706f64df0012a46fc6/d2577e63cf7487c628edd54a60d898f0/DOT01BR_1_9cda9de6-d0ad-494d-82a3-1c87a7b98e62.jpg%3Fv%3D1704259106",
        "uploaded_url": "https://cdn.shopify.com/s/files/1/0012/2005/1002/files/DOT01BR_1_9cda9de6-d0ad-494d-82a3-1c87a7b98e62.jpg?v=1704259106",
        "width": 2000,
        "height": 2000
      },
      "id": "660d7b70055bcb0012fb1762"
    }
  ],
  "id": "660d7b706797730012b056c3",
  "variants": {
    "count": 0,
    "page_count": 1,
    "page": 1,
    "results": []
  },
  "filename": "lambert-fils-dot-atomium-pendant"
}