{
  "slug": "massproductions-odette-low-table-round-large",
  "name": "Odette Low Table: Round + Large",
  "description": "<h2>Description</h2>\n<!-- split -->\n<p class=\"lead\"> </p>\n<!-- split -->\n<h2>Specifications</h2>\n<!-- split -->\n<h4>Size:</h4>\n<ul>\n<li>Extra large:\n<ul>\n<li>16.5\" h x 49.6\" dia (42x126cm)</li>\n<li>23.6\" h x 49.6\" dia (60x126cm)</li>\n<li>Base: 21.3\" dia (54cm)</li>\n</ul>\n</li>\n<li>Large:\n<ul>\n<li>16.5\" h x 39.4\" dia (42x100cm)</li>\n<li>23.6\" h x 39.4\" dia (60x100cm)</li>\n<li>Base: 21.3\" dia (54cm)</li>\n</ul>\n</li>\n</ul>\n<h4>Material</h4>\n<p>Powder-coated metal</p>",
  "sku": "MASS-SC-124-01-00/SC-04-501-00",
  "active": true,
  "meta_title": "Odette Low Table: Round + Large | Buy Massproductions online at A+R",
  "price": null,
  "currency": "USD",
  "type": "physical",
  "delivery": "shipment",
  "date_created": "2024-04-03T15:45:13.974Z",
  "stock_status": null,
  "date_updated": "2024-04-03T15:45:14.087Z",
  "prices": [],
  "purchase_options": {
    "standard": {
      "active": true,
      "price": null,
      "prices": []
    }
  },
  "id": "660d7989055bcb0012fb1122",
  "variants": {
    "count": 0,
    "page_count": 1,
    "page": 1,
    "results": []
  },
  "filename": "massproductions-odette-low-table-round-large"
}