{
  "slug": "massproductions-odette-round-coffee-table-small",
  "name": "Odette Round Coffee Table: Small",
  "description": "<h2>Description</h2>\n<!-- split -->\n<p class=\"lead\">Expanding the Odette indoor-outdoor range, Stockholm’s Massproductions offers a coffee table with a round top and the refined pedestal concept. Distinguished by its spare profile and extensive range of 10 metal colors, designer Chris Martin arrives at a pleasing balance of proportions. As hardy as it is handsome, Odette also pairs exceptionally with the brand’s Tio seating (also at A+R).</p>\n<!-- split -->\n<h2>Specifications</h2>\n<!-- split -->\n<h4>Size:</h4>\n<ul>\n<li>16.5\" h x 19.7\" dia (42x50cm)</li>\n<li>Base size\n<ul>\n<li>Small: 16.9\" dia (43cm)</li>\n<li>Medium: 19.3\" dia (49cm)</li>\n<li>Large: 21.3\" dia (54cm)</li>\n</ul>\n</li>\n</ul>\n<h4>Material</h4>\n<p>Powder-coated metal, oak, laminate</p>",
  "sku": "MASS-SC-108-02-00/SC-01-504-00",
  "active": true,
  "meta_title": "Odette Round Coffee Table: Small | Buy Massproductions online at A+R",
  "price": null,
  "currency": "USD",
  "type": "physical",
  "delivery": "shipment",
  "date_created": "2024-04-03T15:45:23.740Z",
  "stock_status": null,
  "date_updated": "2024-04-03T15:45:24.311Z",
  "prices": [],
  "purchase_options": {
    "standard": {
      "active": true,
      "price": null,
      "prices": []
    }
  },
  "images": [
    {
      "file": {
        "id": "660d7994b3cdeb00121b42b9",
        "date_uploaded": "2024-04-03T15:45:24.209Z",
        "length": 21000,
        "md5": "4b4f7f4de8a48bb340a230687853d6a3",
        "filename": "SC-1080100TIP01-Copy.jpg?v=1664948612",
        "content_type": "image/jpeg",
        "url": "https://cdn.swell.store/b2sdemo_test/660d7994b3cdeb00121b42b9/4b4f7f4de8a48bb340a230687853d6a3/SC-1080100TIP01-Copy.jpg%3Fv%3D1664948612",
        "uploaded_url": "https://cdn.shopify.com/s/files/1/0012/2005/1002/products/SC-1080100TIP01-Copy.jpg?v=1664948612",
        "width": 1000,
        "height": 1000
      },
      "id": "660d79946d7d770012a02d9a"
    }
  ],
  "id": "660d799349935a00128debfc",
  "variants": {
    "count": 0,
    "page_count": 1,
    "page": 1,
    "results": []
  },
  "filename": "massproductions-odette-round-coffee-table-small"
}