{
  "slug": "normann-copenhagen-studio-bar-counter-armchair",
  "name": "Studio Bar + Counter Armchair",
  "description": "<h2>Description</h2>\n<!-- split -->\n<p class=\"lead\">Normann Copenhagen adds a comfortable armchair barstool to Studio seating with its signature tubular look. Available in a choice of bar or counter heights, designer Simon Legald stool is stackable and the frame makes it easy to grab hold of and move around. Suggested by the industrial style of old French factory chairs, its black powder-coated steel construction comes with a choice of natural oak or earthy lacquer shades for the molded wood-veneer seat.</p>\n<!-- split -->\n<h2>Specifications</h2>\n<!-- split -->\n<h4>Size</h4>\n<ul>\n<li>Bar\n<ul>\n<li>44.5\" h x 23.6\" w x 22.4\" d (113x60x57cm)</li>\n<li>Seat height: 29.5\" (75cm)</li>\n<li>Arm height: 38.4\" (97.5cm)</li>\n</ul>\n</li>\n<li>Counter\n<ul>\n<li>40.6\" h x 23.6\" w x 22.4\" d (103x60x57cm)</li>\n<li>Seat height: 25.6\" (65cm)</li>\n<li>Arm height: 34.4\" (87.5cm)</li>\n</ul>\n</li>\n</ul>\n<h4>Material</h4>\n<p>Powder-coated steel, lacquered oak or ash veneer</p>",
  "sku": "NOR-601963",
  "active": true,
  "meta_title": "Studio Bar + Counter Armchair | Buy Normann Copenhagen Online at A+R",
  "price": 333,
  "currency": "USD",
  "type": "physical",
  "delivery": "shipment",
  "date_created": "2024-04-03T15:44:32.567Z",
  "stock_status": null,
  "date_updated": "2024-04-03T15:44:33.718Z",
  "prices": [],
  "purchase_options": {
    "standard": {
      "active": true,
      "price": 333,
      "prices": []
    }
  },
  "images": [
    {
      "file": {
        "id": "660d79614b5e460012294923",
        "date_uploaded": "2024-04-03T15:44:33.573Z",
        "length": 311048,
        "md5": "039cf26ac7fc4a76f97c7683f58ce606",
        "filename": "601960_Studio_Bar_Armchair_75cm_Black_Steel_Oak_01.jpg?v=1707719335",
        "content_type": "image/jpeg",
        "url": "https://cdn.swell.store/b2sdemo_test/660d79614b5e460012294923/039cf26ac7fc4a76f97c7683f58ce606/601960_Studio_Bar_Armchair_75cm_Black_Steel_Oak_01.jpg%3Fv%3D1707719335",
        "uploaded_url": "https://cdn.shopify.com/s/files/1/0012/2005/1002/files/601960_Studio_Bar_Armchair_75cm_Black_Steel_Oak_01.jpg?v=1707719335",
        "width": 3000,
        "height": 3000
      },
      "id": "660d7961d63f770012b8d753"
    }
  ],
  "id": "660d796081aded0012d2227e",
  "variants": {
    "count": 0,
    "page_count": 1,
    "page": 1,
    "results": []
  },
  "filename": "normann-copenhagen-studio-bar-counter-armchair"
}