{
  "slug": "a-n-d-pipeline-3-chandelier",
  "name": "Pipeline 3 Chandelier",
  "description": "<h2>Description</h2>\n<!-- split -->\n<p class=\"lead\">In a larger drum-like configuration, Pipeline 3 arrays a single circular tier of 12 linear LED elements. Bound by metal hoops, the chandelier from A-N-D cofounder and designer Caine Heintzman is available in either horizontal or vertical models and comes in a series of color temperatures and a range of appealing finishes.</p>\n<!-- split -->\n<h2>Specifications</h2>\n<!-- split -->\n<h4>Size</h4>\n<ul>\n<li>Shade: 16.5\" h x 40\" dia (42x101.5cm)</li>\n<li>Canopy: 1.6\" h x 37.8\" dia (4x96cm)</li>\n<li>Maximum drop length: 370.1\" (940cm)</li>\n</ul>\n<h4>Material</h4>\n<p>Metal, aluminum, acrylic</p>\n<h4>Technical</h4>\n<ul>\n<li>UL listed</li>\n<li>Color temperature: 1800K - 3000K</li>\n<li>Dimmable</li>\n<li>Intergrated LED</li>\n</ul>\n<h4>Details</h4>\n<p>Made in Canada</p>",
  "sku": "ANDL-PIP-CHA-3-P-BK-BK",
  "active": true,
  "meta_title": "Pipeline 3 Chandelier | Buy A-N-D online at A+R",
  "price": 5488,
  "currency": "USD",
  "type": "physical",
  "delivery": "shipment",
  "date_created": "2024-04-03T15:44:54.418Z",
  "stock_status": null,
  "date_updated": "2024-04-03T15:44:55.469Z",
  "prices": [],
  "purchase_options": {
    "standard": {
      "active": true,
      "price": 5488,
      "prices": []
    }
  },
  "images": [
    {
      "file": {
        "id": "660d7977ad75db0013047d60",
        "date_uploaded": "2024-04-03T15:44:55.361Z",
        "length": 276496,
        "md5": "ec43234fe9754e582aa7fdb2c2a4efbd",
        "filename": "PIPELINE40-D903QUARTER-Black2.jpg?v=1699095095",
        "content_type": "image/jpeg",
        "url": "https://cdn.swell.store/b2sdemo_test/660d7977ad75db0013047d60/ec43234fe9754e582aa7fdb2c2a4efbd/PIPELINE40-D903QUARTER-Black2.jpg%3Fv%3D1699095095",
        "uploaded_url": "https://cdn.shopify.com/s/files/1/0012/2005/1002/files/PIPELINE40-D903QUARTER-Black2.jpg?v=1699095095",
        "width": 3000,
        "height": 3000
      },
      "id": "660d7977a8c8430012ccad11"
    }
  ],
  "id": "660d79761c71db00124572ff",
  "variants": {
    "count": 0,
    "page_count": 1,
    "page": 1,
    "results": []
  },
  "filename": "a-n-d-pipeline-3-chandelier"
}