{
  "slug": "a-n-d-pipeline-4-chandelier",
  "name": "Pipeline 4 Chandelier",
  "description": "<h2>Description</h2>\n<!-- split -->\n<p class=\"lead\">With a narrow, elongated form, Pipeline 4 configures 6 linear LED elements clinched by metal hoops. A-N-D cofounder and designer Caine Heintzman offers both horizontal or vertical takes on his cylindrical fixture, which is available in a range of color temperatures as well as multiple finish options for the aluminum framework.</p>\n<!-- split -->\n<h2>Specifications</h2>\n<!-- split -->\n<h4>Size</h4>\n<ul>\n<li>Shade: 49.2\" h x 18.3\" dia (125x46.5cm)</li>\n<li>Canopy: 1.6\" h x 15.4\" dia (4x39cm)</li>\n<li>Maximum drop length: 402.8\" (1023cm)</li>\n</ul>\n<h4>Material</h4>\n<p>Metal, aluminum, acrylic</p>\n<h4>Technical</h4>\n<ul>\n<li>UL listed</li>\n<li>Color temperature: 1800K - 3000K</li>\n<li>Dimmable</li>\n<li>Intergrated LED</li>\n</ul>\n<h4>Details</h4>\n<p>Made in Canada</p>",
  "sku": "ANDL-PIP-CHA-4-P-BK-BK",
  "active": true,
  "meta_title": "Pipeline 4 Chandelier | Buy A-N-D online at A+R",
  "price": 4175,
  "currency": "USD",
  "type": "physical",
  "delivery": "shipment",
  "date_created": "2024-04-03T15:44:52.672Z",
  "stock_status": null,
  "date_updated": "2024-04-03T15:44:53.897Z",
  "prices": [],
  "purchase_options": {
    "standard": {
      "active": true,
      "price": 4175,
      "prices": []
    }
  },
  "images": [
    {
      "file": {
        "id": "660d7975fa71d90012ddb160",
        "date_uploaded": "2024-04-03T15:44:53.806Z",
        "length": 112488,
        "md5": "5d25cdd882b630ff31c37a2b4cce786a",
        "filename": "PIPELINE-125---D30-VER---WHITE_8507f2aa-db07-4440-8e2a-0c9632153949.jpg?v=1686659950",
        "content_type": "image/jpeg",
        "url": "https://cdn.swell.store/b2sdemo_test/660d7975fa71d90012ddb160/5d25cdd882b630ff31c37a2b4cce786a/PIPELINE-125---D30-VER---WHITE_8507f2aa-db07-4440-8e2a-0c9632153949.jpg%3Fv%3D1686659950",
        "uploaded_url": "https://cdn.shopify.com/s/files/1/0012/2005/1002/files/PIPELINE-125---D30-VER---WHITE_8507f2aa-db07-4440-8e2a-0c9632153949.jpg?v=1686659950",
        "width": 3000,
        "height": 3000
      },
      "id": "660d7975695d9d0013f5475e"
    }
  ],
  "id": "660d7974c0f4930012e5f973",
  "variants": {
    "count": 0,
    "page_count": 1,
    "page": 1,
    "results": []
  },
  "filename": "a-n-d-pipeline-4-chandelier"
}