{
  "slug": "a-n-d-pipeline-6-chandelier",
  "name": "Pipeline 6 Chandelier",
  "description": "<h2>Description</h2>\n<!-- split -->\n<p class=\"lead\">Lavish in scale and its glowing effect, Pipeline 6 arrays 12 of the series’ signature linear LED elements in an elongated cylinder clinched with metal hoops. A-N-D cofounder and designer Caine Heintzman offers alternatives for either horizontal or vertical orientation in a choice of finishes as well as a range of available color temperatures.</p>\n<!-- split -->\n<h2>Specifications</h2>\n<!-- split -->\n<h4>Size</h4>\n<ul>\n<li>Shade: 49.2\" h x 40\" dia (125x101.5cm)</li>\n<li>Canopy: 1.6\" h x 37.8\" dia (4x96cm)</li>\n<li>Maximum drop length: 402.8\" (1023cm)</li>\n</ul>\n<h4>Material</h4>\n<p>Metal, aluminum, acrylic</p>\n<h4>Technical</h4>\n<ul>\n<li>UL listed</li>\n<li>Color temperature: 1800K - 3000K</li>\n<li>Dimmable</li>\n<li>Intergrated LED</li>\n</ul>\n<h4>Details</h4>\n<p>Made in Canada</p>",
  "sku": "ANDL-PIP-CHA-6-P-BK-BK",
  "active": true,
  "meta_title": "Pipeline 6 Chandelier | Buy A-N-D online at A+R",
  "price": 8238,
  "currency": "USD",
  "type": "physical",
  "delivery": "shipment",
  "date_created": "2024-04-03T15:44:49.547Z",
  "stock_status": null,
  "date_updated": "2024-04-03T15:44:50.388Z",
  "prices": [],
  "purchase_options": {
    "standard": {
      "active": true,
      "price": 8238,
      "prices": []
    }
  },
  "images": [
    {
      "file": {
        "id": "660d79726f64df0012a46a24",
        "date_uploaded": "2024-04-03T15:44:50.267Z",
        "length": 231992,
        "md5": "a679e0a5b22b210158b606cfe015562c",
        "filename": "PIPELINE125-D90VERTICAL-BLACKcopy.jpg?v=1700633015",
        "content_type": "image/jpeg",
        "url": "https://cdn.swell.store/b2sdemo_test/660d79726f64df0012a46a24/a679e0a5b22b210158b606cfe015562c/PIPELINE125-D90VERTICAL-BLACKcopy.jpg%3Fv%3D1700633015",
        "uploaded_url": "https://cdn.shopify.com/s/files/1/0012/2005/1002/files/PIPELINE125-D90VERTICAL-BLACKcopy.jpg?v=1700633015",
        "width": 2627,
        "height": 2627
      },
      "id": "660d797224108c0012bf4f10"
    }
  ],
  "id": "660d79714d42c60012db4491",
  "variants": {
    "count": 0,
    "page_count": 1,
    "page": 1,
    "results": []
  },
  "filename": "a-n-d-pipeline-6-chandelier"
}