{
  "slug": "by-interiors-sled-lounge-chair",
  "name": "Sled Lounge Chair",
  "description": "<h2>Description</h2>\n<!-- split -->\n<p class=\"lead\">Tokyo brand By Interiors offers a clean-lined lounge chair that spans the increasingly open border between home life and the workspace, from dining room to desk-side. Characterized by the sled-style base from which it takes its name, designer Tomoya Tabuchi's seating adds built-in casters for ease and maneuverability. The comfortably cushioned chair is available with upholstery in premium fabric, fine leather or eco-leather to complement its sleek contours.</p>\n<!-- split -->\n<h2>Specifications</h2>\n<!-- split -->\n<h4>Size</h4>\n<ul>\n<li>28.7\" h x 28.7\" w x 26.4\" d (73x73x67cm)</li>\n<li>Seat height: 16.5\" (42cm)</li>\n</ul>\n<h4>Material</h4>\n<p>Wooden frame, polyurethane foam</p>\n<h4>Details</h4>\n<ul>\n<li>Category 2: Pado, Pesba, Report, Record, Yoda, Texture, Sand</li>\n<li>Category 3: Talapo, Report, Record, Yoda, Texture, Sand</li>\n<li>Category 4: Brionne, Frank</li>\n<li>Leather</li>\n<li>COM and COL are available on request</li>\n</ul>\nMade in Japan\n<ul></ul>",
  "sku": "BYI-SLD-LOU-1-CAT-2",
  "active": true,
  "meta_title": "Sled Lounge Chair | Buy By Interiors online at A+R",
  "price": 1270,
  "currency": "USD",
  "type": "physical",
  "delivery": "shipment",
  "date_created": "2024-04-03T15:47:27.325Z",
  "stock_status": null,
  "date_updated": "2024-04-03T15:47:28.112Z",
  "prices": [],
  "purchase_options": {
    "standard": {
      "active": true,
      "price": 1270,
      "prices": []
    }
  },
  "images": [
    {
      "file": {
        "id": "660d7a101bdff00012d199fa",
        "date_uploaded": "2024-04-03T15:47:28.033Z",
        "length": 192588,
        "md5": "cc00c615aa7e8c82f0015629d3f4448c",
        "filename": "TlwI1dpQ_1.jpg?v=1644221848",
        "content_type": "image/jpeg",
        "url": "https://cdn.swell.store/b2sdemo_test/660d7a101bdff00012d199fa/cc00c615aa7e8c82f0015629d3f4448c/TlwI1dpQ_1.jpg%3Fv%3D1644221848",
        "uploaded_url": "https://cdn.shopify.com/s/files/1/0012/2005/1002/products/TlwI1dpQ_1.jpg?v=1644221848",
        "width": 2500,
        "height": 2500
      },
      "id": "660d7a10dea85b0012cc0d9a"
    }
  ],
  "id": "660d7a0f055bcb0012fb1306",
  "variants": {
    "count": 0,
    "page_count": 1,
    "page": 1,
    "results": []
  },
  "filename": "by-interiors-sled-lounge-chair"
}