{
  "slug": "ferm-living-wall-box",
  "name": "Wall Box",
  "description": "<h2>Description</h2>\n<!-- split -->\n<p class=\"lead\">For use outdoors or inside, Wall Box brings a design-worthy way to add a green touch in the home. With 2 sizes and assorted rich neutrals, Ferm Living’s varied square containers can also be combined in groupings for an engaging plant wall. The box is made of powder-coated metal that will stand up to the elements and it comes with wall-mounting hardware.</p>\n<!-- split -->\n<h2>Specifications</h2>\n<!-- split -->\n<h4>Size</h4>\n<ul>\n<li>Square: 5.7\" h x 5.7\" w x 6.1\" d (14.6x14.6x15.6cm)</li>\n<li>Rectangle: 5.9\" h x 12\" w x 6.1\" d (15x30.5x15.6cm)</li>\n</ul>\n<h4>Material</h4>\n<p>Powder-coated galvanized iron</p>",
  "sku": "FL-3344",
  "active": true,
  "meta_title": "Wall Box | Buy Ferm Living online at A+R",
  "price": 45,
  "currency": "USD",
  "type": "physical",
  "delivery": "shipment",
  "date_created": "2024-04-03T15:52:45.734Z",
  "stock_status": null,
  "date_updated": "2024-04-03T15:52:46.155Z",
  "prices": [],
  "purchase_options": {
    "standard": {
      "active": true,
      "price": 45,
      "prices": []
    }
  },
  "images": [
    {
      "file": {
        "id": "660d7b4e0c3c45001217ded6",
        "date_uploaded": "2024-04-03T15:52:46.063Z",
        "length": 284160,
        "md5": "64e106e3882ec5d41db2e43b4233957b",
        "filename": "Black_9d352fdb-9844-4dfc-a937-dd2128685563.jpg?v=1685431505",
        "content_type": "image/jpeg",
        "url": "https://cdn.swell.store/b2sdemo_test/660d7b4e0c3c45001217ded6/64e106e3882ec5d41db2e43b4233957b/Black_9d352fdb-9844-4dfc-a937-dd2128685563.jpg%3Fv%3D1685431505",
        "uploaded_url": "https://cdn.shopify.com/s/files/1/0012/2005/1002/files/Black_9d352fdb-9844-4dfc-a937-dd2128685563.jpg?v=1685431505",
        "width": 3000,
        "height": 3000
      },
      "id": "660d7b4efa9b03001262e832"
    }
  ],
  "id": "660d7b4d6d7d770012a0328d",
  "variants": {
    "count": 0,
    "page_count": 1,
    "page": 1,
    "results": []
  },
  "filename": "ferm-living-wall-box"
}