{
  "slug": "ferm-living-animal-hand-carved-hook",
  "name": "Animal Hand Carved Hook",
  "description": "<h2>Description</h2>\n<!-- split -->\n<p class=\"lead\"> </p>\n<!-- split -->\n<h2>Specification</h2>\n<!-- split -->\n<h4>Size</h4>\n<p>3.7\" h x 3.7\" w x 2\" d (9.5x9.5x5cm)</p>\n<h4>Material</h4>\n<p>100% aspen wood, including screw, rawlplug</p>",
  "sku": "FL-1101402805",
  "active": true,
  "meta_title": "Animal Hand Carved Hook | Buy Ferm Living online at A+R",
  "price": 13,
  "currency": "USD",
  "type": "physical",
  "delivery": "shipment",
  "date_created": "2024-04-03T15:50:00.374Z",
  "stock_status": null,
  "date_updated": "2024-04-03T15:50:01.029Z",
  "prices": [],
  "purchase_options": {
    "standard": {
      "active": true,
      "price": 13,
      "prices": []
    }
  },
  "images": [
    {
      "file": {
        "id": "660d7aa8d739ac0012d7daa0",
        "date_uploaded": "2024-04-03T15:50:00.948Z",
        "length": 44508,
        "md5": "d0118ce01583aaf7db0b471b451ee147",
        "filename": "1101402805_3.jpg?v=1619438197",
        "content_type": "image/jpeg",
        "url": "https://cdn.swell.store/b2sdemo_test/660d7aa8d739ac0012d7daa0/d0118ce01583aaf7db0b471b451ee147/1101402805_3.jpg%3Fv%3D1619438197",
        "uploaded_url": "https://cdn.shopify.com/s/files/1/0012/2005/1002/products/1101402805_3.jpg?v=1619438197",
        "width": 1920,
        "height": 1920
      },
      "id": "660d7aa9d406000012ba466d"
    }
  ],
  "id": "660d7aa8a755dd001254246a",
  "variants": {
    "count": 0,
    "page_count": 1,
    "page": 1,
    "results": []
  },
  "filename": "ferm-living-animal-hand-carved-hook"
}