{
  "slug": "ferm-living-plant-box-pot",
  "name": "Plant Box Pot",
  "description": "<h2>Description</h2>\n<!-- split -->\n<p class=\"lead\">To go with Ferm Living’s large indoor-outdoor Plant Box, this handy storage pot adds even more functionality. Choose from 2 sizes of the square container to separate potted greenery from gardening tools and other essentials or use it to organize papers and books, hospitality accouterments or even toys and games. Crafted in sturdy rust-resistant galvanized iron, it’s powder-coated in a choice of neutral hues.  </p>\n<!-- split -->\n<h2>Specifications</h2>\n<!-- split -->\n<h4>Size</h4>\n<ul>\n<li>Small: 8.9\" h x 9.4\" w x 7.6\" d (22.5x24x19.4cm)</li>\n<li>Large: 10.9\" h x 7.7\" w x 13\" d (27.7x19.5x33cm)</li>\n</ul>\n<h4>Material</h4>\n<p>Powder-coated galvanized iron</p>",
  "sku": "FL-1104263185",
  "active": true,
  "meta_title": "Plant Box Pot | Buy Ferm Living online at A+R",
  "price": 35,
  "currency": "USD",
  "type": "physical",
  "delivery": "shipment",
  "date_created": "2024-04-03T15:53:04.421Z",
  "stock_status": null,
  "date_updated": "2024-04-03T15:53:04.728Z",
  "prices": [],
  "purchase_options": {
    "standard": {
      "active": true,
      "price": 35,
      "prices": []
    }
  },
  "images": [
    {
      "file": {
        "id": "660d7b60f0952100120f5faa",
        "date_uploaded": "2024-04-03T15:53:04.636Z",
        "length": 80816,
        "md5": "17fd6739140cc00afed32029b4346903",
        "filename": "LargeOlive_1c2fc237-abd4-40c7-8654-2191c565f03a.jpg?v=1698219483",
        "content_type": "image/jpeg",
        "url": "https://cdn.swell.store/b2sdemo_test/660d7b60f0952100120f5faa/17fd6739140cc00afed32029b4346903/LargeOlive_1c2fc237-abd4-40c7-8654-2191c565f03a.jpg%3Fv%3D1698219483",
        "uploaded_url": "https://cdn.shopify.com/s/files/1/0012/2005/1002/files/LargeOlive_1c2fc237-abd4-40c7-8654-2191c565f03a.jpg?v=1698219483",
        "width": 2000,
        "height": 2000
      },
      "id": "660d7b600c0a98001209429f"
    }
  ],
  "id": "660d7b608bf06900114deaeb",
  "variants": {
    "count": 0,
    "page_count": 1,
    "page": 1,
    "results": []
  },
  "filename": "ferm-living-plant-box-pot"
}