{
  "slug": "ferm-living-hem-rug",
  "name": "Hem Rug",
  "description": "<h2>Description</h2>\n<!-- split -->\n<p class=\"lead\">For use both indoors and outside, Hem is a sustainably produced area rug in a soft yet durable finish with a tactile, woolen feel. Ferm Living crafts the series from repurposed PET yarn with a flat-weave texture and finished off with asymmetrically placed fringed trim that underscores its artisanal feel. In a versatile sand hue, it comes in a range of rectangular and square sizes that equal recycled material from 100 to more than 500 plastic bottles.</p>\n<!-- split -->\n<h2>Specifications</h2>\n<!-- split -->\n<h4>Size</h4>\n<ul>\n<li>55.1\" l x 31.5\" w (140x80cm)</li>\n<li>78.7\" l x 55.1\" w (200x140cm)</li>\n<li>63\" l x 98.4\" w (160x250cm)</li>\n</ul>\n<h4>Material</h4>\n<p>Hand-woven, PET yarn</p>",
  "sku": "FL-1104263901",
  "active": true,
  "meta_title": "Hem Rug | Buy Ferm Living online at A+R",
  "price": 278,
  "currency": "USD",
  "type": "physical",
  "delivery": "shipment",
  "date_created": "2024-04-03T15:49:01.686Z",
  "stock_status": null,
  "date_updated": "2024-04-03T15:49:03.076Z",
  "prices": [],
  "purchase_options": {
    "standard": {
      "active": true,
      "price": 278,
      "prices": []
    }
  },
  "images": [
    {
      "file": {
        "id": "660d7a6ef0952100120f5c8d",
        "date_uploaded": "2024-04-03T15:49:02.985Z",
        "length": 433476,
        "md5": "b577bcdc59aa0029d71d0de40c94010f",
        "filename": "HemRug-Large-Sand.jpg?v=1685437942",
        "content_type": "image/jpeg",
        "url": "https://cdn.swell.store/b2sdemo_test/660d7a6ef0952100120f5c8d/b577bcdc59aa0029d71d0de40c94010f/HemRug-Large-Sand.jpg%3Fv%3D1685437942",
        "uploaded_url": "https://cdn.shopify.com/s/files/1/0012/2005/1002/files/HemRug-Large-Sand.jpg?v=1685437942",
        "width": 4000,
        "height": 4000
      },
      "id": "660d7a6f6f64df0012a46ceb"
    }
  ],
  "id": "660d7a6dd63f770012b8da13",
  "variants": {
    "count": 0,
    "page_count": 1,
    "page": 1,
    "results": []
  },
  "filename": "ferm-living-hem-rug"
}