{
  "slug": "ferm-living-sculptural-object",
  "name": "Sculptural Object",
  "description": "<h2>Description</h2>\n<!-- split -->\n<p class=\"lead\"> </p>\n<!-- split -->\n<h2>Specifications</h2>\n<!-- split -->\n<h4>Size</h4>\n<p>1.9\" h x 2.9\" w x 2.9\" d (5x7.5x7.5cm)</p>\n<h4>Material</h4>\n<p>Stainless steel, solid brass</p>",
  "sku": "FL-110105501",
  "active": true,
  "meta_title": "Sculptural Object | Buy Ferm Living online at A+R",
  "price": 73,
  "currency": "USD",
  "type": "physical",
  "delivery": "shipment",
  "date_created": "2024-04-03T15:48:15.171Z",
  "stock_status": null,
  "date_updated": "2024-04-03T15:48:15.265Z",
  "prices": [],
  "purchase_options": {
    "standard": {
      "active": true,
      "price": 73,
      "prices": []
    }
  },
  "id": "660d7a3fbdce9b00123d4277",
  "variants": {
    "count": 0,
    "page_count": 1,
    "page": 1,
    "results": []
  },
  "filename": "ferm-living-sculptural-object"
}