{
  "slug": "ferm-living-tuck-sented-candle",
  "name": "Tuck Sented Candle",
  "description": "<h2>Description</h2>\n<!-- split -->\n<p class=\"lead\"> </p>\n<!-- split -->\n<h2>Specification</h2>\n<!-- split -->\n<h4>Size</h4>\n<p>3.5\" h x 3.5\" dia (9x9cm)</p>\n<h4>Material</h4>\n<p>Stoneware pot, high-gloss coloured glaze, soy wax candle</p>",
  "sku": "FL-110069693",
  "active": true,
  "meta_title": "Tuck Sented Candle | Buy Ferm Living online at A+R",
  "price": 23,
  "currency": "USD",
  "type": "physical",
  "delivery": "shipment",
  "date_created": "2024-04-03T15:48:02.587Z",
  "stock_status": null,
  "date_updated": "2024-04-03T15:48:02.684Z",
  "prices": [],
  "purchase_options": {
    "standard": {
      "active": true,
      "price": 23,
      "prices": []
    }
  },
  "id": "660d7a322fdde70012129021",
  "variants": {
    "count": 0,
    "page_count": 1,
    "page": 1,
    "results": []
  },
  "filename": "ferm-living-tuck-sented-candle"
}