{
  "slug": "ferm-living-alza-ice-bucket",
  "name": "Alza Ice Bucket",
  "description": "<h2>Description</h2>\n<!-- split -->\n<p class=\"lead\">Ferm Living’s creamy white marble ice bucket topped with a matte-brass lid makes a delightfully decadent accessory for entertaining. Alza’s crisp modern shape is cleaved from a block of solid stone and is ideal for keeping a bar cart or drinks table stocked with ice—and a serving spoon can hang smartly from the lid’s understated hook.</p>\n<!-- split -->\n<h2>Specification</h2>\n<!-- split -->\n<h4>Size</h4>\n<p>6.7\" h x 5.7\" dia (17x14.5cm)</p>\n<h4>Material</h4>\n<p>Marble, solid brass</p>\n<h4>Details</h4>\n<p>Made in India</p>",
  "sku": "FL-1104263212",
  "active": true,
  "meta_title": "Alza Ice Bucket | Buy Ferm Living online at A+R",
  "price": 153,
  "currency": "USD",
  "type": "physical",
  "delivery": "shipment",
  "date_created": "2024-04-03T15:50:02.193Z",
  "stock_status": null,
  "date_updated": "2024-04-03T15:50:02.774Z",
  "prices": [],
  "purchase_options": {
    "standard": {
      "active": true,
      "price": 153,
      "prices": []
    }
  },
  "images": [
    {
      "file": {
        "id": "660d7aaafa71d90012ddb4c3",
        "date_uploaded": "2024-04-03T15:50:02.696Z",
        "length": 30304,
        "md5": "6eb4add21c6c9b291c1d69ccae697bc5",
        "filename": "1104263212_1_1_390ae826-4e18-4f94-a543-6034d36e404d.jpg?v=1684130030",
        "content_type": "image/jpeg",
        "url": "https://cdn.swell.store/b2sdemo_test/660d7aaafa71d90012ddb4c3/6eb4add21c6c9b291c1d69ccae697bc5/1104263212_1_1_390ae826-4e18-4f94-a543-6034d36e404d.jpg%3Fv%3D1684130030",
        "uploaded_url": "https://cdn.shopify.com/s/files/1/0012/2005/1002/files/1104263212_1_1_390ae826-4e18-4f94-a543-6034d36e404d.jpg?v=1684130030",
        "width": 1500,
        "height": 1500
      },
      "id": "660d7aaa7c1cc30012892451"
    }
  ],
  "id": "660d7aaad63f770012b8db8c",
  "variants": {
    "count": 0,
    "page_count": 1,
    "page": 1,
    "results": []
  },
  "filename": "ferm-living-alza-ice-bucket"
}