{
  "slug": "ferm-living-hale-apron",
  "name": "Hale Apron",
  "description": "<h2>Description</h2>\n<!-- split -->\n<p class=\"lead\"> </p>\n<!-- split -->\n<h2>Specifications</h2>\n<!-- split -->\n<h4>Size</h4>\n<p>33.8\" h x 28\" w (86x72cm)</p>\n<h4>Material</h4>\n<p>50% cotton, 50% linen</p>",
  "sku": "FL-1104263221",
  "active": true,
  "meta_title": "Hale Apron | Buy Ferm Living online at A+R",
  "price": 28,
  "currency": "USD",
  "type": "physical",
  "delivery": "shipment",
  "date_created": "2024-04-03T15:49:06.879Z",
  "stock_status": null,
  "date_updated": "2024-04-03T15:49:06.961Z",
  "prices": [],
  "purchase_options": {
    "standard": {
      "active": true,
      "price": 28,
      "prices": []
    }
  },
  "id": "660d7a72c0f4930012e5fc7d",
  "variants": {
    "count": 0,
    "page_count": 1,
    "page": 1,
    "results": []
  },
  "filename": "ferm-living-hale-apron"
}