{
  "slug": "ferm-living-vista-bedspread",
  "name": "Vista Bedspread",
  "description": "<h2>Description</h2>\n<!-- split -->\n<p class=\"lead\"> </p>\n<!-- split -->\n<h2>Specification</h2>\n<!-- split -->\n<h4>Size</h4>\n<p>98\" h x 94\" w (250x240cm)</p>\n<h4>Material</h4>\n<p>100% cotton</p>",
  "sku": "FL-1101952687",
  "active": true,
  "meta_title": "Vista Bedspread | Buy Ferm Living online at A+R",
  "price": 135,
  "currency": "USD",
  "type": "physical",
  "delivery": "shipment",
  "date_created": "2024-04-03T15:47:56.883Z",
  "stock_status": null,
  "date_updated": "2024-04-03T15:47:57.854Z",
  "prices": [],
  "purchase_options": {
    "standard": {
      "active": true,
      "price": 135,
      "prices": []
    }
  },
  "images": [
    {
      "file": {
        "id": "660d7a2dd6fac000129ef901",
        "date_uploaded": "2024-04-03T15:47:57.762Z",
        "length": 292848,
        "md5": "ec1b1da1098686a949f6909cd8b9c79b",
        "filename": "1101952687_1copy.jpg?v=1706692726",
        "content_type": "image/jpeg",
        "url": "https://cdn.swell.store/b2sdemo_test/660d7a2dd6fac000129ef901/ec1b1da1098686a949f6909cd8b9c79b/1101952687_1copy.jpg%3Fv%3D1706692726",
        "uploaded_url": "https://cdn.shopify.com/s/files/1/0012/2005/1002/files/1101952687_1copy.jpg?v=1706692726",
        "width": 1850,
        "height": 1850
      },
      "id": "660d7a2dd8e0560012e299b6"
    }
  ],
  "id": "660d7a2cdea85b0012cc0dd8",
  "variants": {
    "count": 0,
    "page_count": 1,
    "page": 1,
    "results": []
  },
  "filename": "ferm-living-vista-bedspread"
}