{
  "slug": "ferm-living-sekki-bowl",
  "name": "Sekki Bowl",
  "description": "<h2>Description</h2>\n<!-- split -->\n<p class=\"lead\"> </p>\n<!-- split -->\n<h2>Specifications</h2>\n<!-- split -->\n<h4>Size</h4>\n<ul>\n<li>Small: 2.2\" h x 4.7\" dia (5.5x12cm)</li>\n<li>Medium: 2.6\" h x 7.1\" dia (6.5x18cm)</li>\n<li>Large: 2.9\" h x 9.3\" dia (7.5x23.5cm)</li>\n</ul>\n<h4>Material</h4>\n<p>Stoneware, cream coloured glaze</p>",
  "sku": "FL-100587209",
  "active": true,
  "meta_title": "Sekki Bowl | Buy Ferm Living online at A+R",
  "price": 35,
  "currency": "USD",
  "type": "physical",
  "delivery": "shipment",
  "date_created": "2024-04-03T15:48:14.749Z",
  "stock_status": null,
  "date_updated": "2024-04-03T15:48:14.832Z",
  "prices": [],
  "purchase_options": {
    "standard": {
      "active": true,
      "price": 35,
      "prices": []
    }
  },
  "id": "660d7a3e56978b00129916fc",
  "variants": {
    "count": 0,
    "page_count": 1,
    "page": 1,
    "results": []
  },
  "filename": "ferm-living-sekki-bowl"
}