{
  "slug": "ferm-living-curvature-hook",
  "name": "Curvature Hook",
  "description": "<h2>Description</h2>\n<!-- split -->\n<p class=\"lead\"> </p>\n<!-- split -->\n<h2>Specifications</h2>\n<!-- split -->\n<h4>Size</h4>\n<ul>\n<li>Single: 7.7\" h x 1.2\" w x 2.3\" d (19.7x3x5.8cm)</li>\n<li>Double: 8.4\" h x 4.9\" w x 2.3\" d (21.3x12.6x5.8cm)</li>\n</ul>\n<h4>Material</h4>\n<p>Solid brass, matte lacquer, screws, rawplugs included</p>",
  "sku": "FL-1104263290",
  "active": true,
  "meta_title": "Curvature Hook | Buy Ferm Living online at A+R",
  "price": 33,
  "currency": "USD",
  "type": "physical",
  "delivery": "shipment",
  "date_created": "2024-04-03T15:49:38.901Z",
  "stock_status": null,
  "date_updated": "2024-04-03T15:49:39.534Z",
  "prices": [],
  "purchase_options": {
    "standard": {
      "active": true,
      "price": 33,
      "prices": []
    }
  },
  "images": [
    {
      "file": {
        "id": "660d7a93da78770012403df1",
        "date_uploaded": "2024-04-03T15:49:39.434Z",
        "length": 28388,
        "md5": "c8501676e85d7c33234424701a0955cc",
        "filename": "1104263289.jpg?v=1620042556",
        "content_type": "image/jpeg",
        "url": "https://cdn.swell.store/b2sdemo_test/660d7a93da78770012403df1/c8501676e85d7c33234424701a0955cc/1104263289.jpg%3Fv%3D1620042556",
        "uploaded_url": "https://cdn.shopify.com/s/files/1/0012/2005/1002/products/1104263289.jpg?v=1620042556",
        "width": 1920,
        "height": 1920
      },
      "id": "660d7a930c0a980012094037"
    }
  ],
  "id": "660d7a921cd14b00127c348d",
  "variants": {
    "count": 0,
    "page_count": 1,
    "page": 1,
    "results": []
  },
  "filename": "ferm-living-curvature-hook"
}