{
  "slug": "ferm-living-flow-napkin-rings-set-of-4",
  "name": "Flow Napkin Rings: Set of 4",
  "description": "<h2>Description</h2>\n<!-- split -->\n<p class=\"lead\"> </p>\n<!-- split -->\n<h2>Specifications</h2>\n<!-- split -->\n<h4>Size</h4>\n<p>0.39\" h x 2.7\" w x 2.5\" d (1x7x6.5cm)</p>\n<h4>Material</h4>\n<p>Solid casted brass, black patina</p>",
  "sku": "FL-100389501",
  "active": true,
  "meta_title": "Flow Napkin Rings: Set of 4 | Buy Ferm Living online at A+R",
  "price": 28,
  "currency": "USD",
  "type": "physical",
  "delivery": "shipment",
  "date_created": "2024-04-03T15:49:21.222Z",
  "stock_status": null,
  "date_updated": "2024-04-03T15:49:21.489Z",
  "prices": [],
  "purchase_options": {
    "standard": {
      "active": true,
      "price": 28,
      "prices": []
    }
  },
  "id": "660d7a812e54070012d286c5",
  "variants": {
    "count": 0,
    "page_count": 1,
    "page": 1,
    "results": []
  },
  "filename": "ferm-living-flow-napkin-rings-set-of-4"
}