{
  "slug": "ferm-living-peka-bench",
  "name": "Peka Bench",
  "description": "<h2>Description</h2>\n<!-- split -->\n<p class=\"lead\">Crafted from sustainable, FSC-certified pine with a non-toxic and weatherproof surface treatment, Peka is an ideal wood bench for outdoor use. And not neglecting design, Ferm Living offers welcoming seating proportions and adds a narrow shelf behind the backrest for a cup of tea or tumbler of cold lemonade. The Accoya treatment makes the piece resistent to frost, water and rot as the wood naturally turns a patinated grey over time.</p>\n<!-- split -->\n<h2>Specifications</h2>\n<!-- split -->\n<h4>Size</h4>\n<ul>\n<li>29.7\" h x 59.1\" w x 23.2\" d (75.5x150x59cm)</li>\n<li>Seat height: 17.3\" (44cm)</li>\n</ul>\n<h4>Material</h4>\n<p>Pinewood</p>",
  "sku": "FL-1104263781",
  "active": true,
  "meta_title": "Peka Bench | Buy Ferm Living online at A+R",
  "price": 895,
  "currency": "USD",
  "type": "physical",
  "delivery": "shipment",
  "date_created": "2024-04-03T15:48:30.976Z",
  "stock_status": null,
  "date_updated": "2024-04-03T15:48:34.244Z",
  "prices": [],
  "purchase_options": {
    "standard": {
      "active": true,
      "price": 895,
      "prices": []
    }
  },
  "images": [
    {
      "file": {
        "id": "660d7a50d6fac000129ef967",
        "date_uploaded": "2024-04-03T15:48:32.231Z",
        "length": 315032,
        "md5": "019b38cc6ddbed9a892f94727088b0c7",
        "filename": "PekaBench_2.jpg?v=1684920068",
        "content_type": "image/jpeg",
        "url": "https://cdn.swell.store/b2sdemo_test/660d7a50d6fac000129ef967/019b38cc6ddbed9a892f94727088b0c7/PekaBench_2.jpg%3Fv%3D1684920068",
        "uploaded_url": "https://cdn.shopify.com/s/files/1/0012/2005/1002/files/PekaBench_2.jpg?v=1684920068",
        "width": 4000,
        "height": 4000
      },
      "id": "660d7a526d7d770012a02fc9"
    }
  ],
  "id": "660d7a4e8bf06900114de7af",
  "variants": {
    "count": 0,
    "page_count": 1,
    "page": 1,
    "results": []
  },
  "filename": "ferm-living-peka-bench"
}