{
  "slug": "karakter-crossplex-low-table",
  "name": "CrossPlex Low Table",
  "description": "<h2>Description</h2>\n<!-- split -->\n<p class=\"lead\">With a cruciform acrylic base that supports a square glass top, the inherent transparency of Bodil Kjær's midcentury table sits lightly in a room. The design comes from her Elements of Architecture series developed from 1955 to 1963 while she first lived in the U.S. near Boston. One of the pioneering women in design, Bodil eventually returned to her native Denmark, where her epochal piece has now been reintroduced by Copenhagen brand Karakter.</p>\n<!-- split -->\n<h2>Specifications</h2>\n<!-- split -->\n<h4>Size</h4>\n<p>13.8\" h x 33.9\" w x 33.9\" d (35x86x86cm)</p>\n<h4>Material</h4>\n<p>Glass, acrylic</p>",
  "sku": "KAR-201254",
  "active": true,
  "meta_title": "CrossPlex Low Table | Buy Karakter online at A+R",
  "price": 1175,
  "currency": "USD",
  "type": "physical",
  "delivery": "shipment",
  "date_created": "2024-04-03T15:50:31.631Z",
  "stock_status": null,
  "date_updated": "2024-04-03T15:50:32.452Z",
  "prices": [],
  "purchase_options": {
    "standard": {
      "active": true,
      "price": 1175,
      "prices": []
    }
  },
  "images": [
    {
      "file": {
        "id": "660d7ac844e8b400124fe6dd",
        "date_uploaded": "2024-04-03T15:50:32.352Z",
        "length": 110804,
        "md5": "71ce5c386ed5c803a1a8d93df79f0928",
        "filename": "Plexi60Pack01.jpg?v=1683720775",
        "content_type": "image/jpeg",
        "url": "https://cdn.swell.store/b2sdemo_test/660d7ac844e8b400124fe6dd/71ce5c386ed5c803a1a8d93df79f0928/Plexi60Pack01.jpg%3Fv%3D1683720775",
        "uploaded_url": "https://cdn.shopify.com/s/files/1/0012/2005/1002/files/Plexi60Pack01.jpg?v=1683720775",
        "width": 2500,
        "height": 2500
      },
      "id": "660d7ac84d42c60012db47c5"
    }
  ],
  "id": "660d7ac771be100012cc571f",
  "variants": {
    "count": 0,
    "page_count": 1,
    "page": 1,
    "results": []
  },
  "filename": "karakter-crossplex-low-table"
}