{
  "slug": "kvadrat-parkland",
  "name": "Parkland",
  "description": "<p>Composition: 100% Trevira CS, Durability: 100.000 Martindale, Pilling: 4-5, Lightfastness: 7</p>",
  "sku": "Parkland-0111",
  "active": true,
  "meta_title": "Parkland | Buy Kvadrat online at A+R",
  "price": null,
  "currency": "USD",
  "type": "physical",
  "delivery": "shipment",
  "date_created": "2024-04-03T15:52:15.319Z",
  "stock_status": null,
  "date_updated": "2024-04-03T15:52:16.137Z",
  "prices": [],
  "purchase_options": {
    "standard": {
      "active": true,
      "price": null,
      "prices": []
    }
  },
  "images": [
    {
      "file": {
        "id": "660d7b2f56978b0012991a72",
        "date_uploaded": "2024-04-03T15:52:16.012Z",
        "length": 70308,
        "md5": "b4b6fcce98ecb721872aa7785bba5f96",
        "filename": "F_1317_C0111_W24_HIGH_CMYK.png?v=1617867877",
        "content_type": "image/png",
        "url": "https://cdn.swell.store/b2sdemo_test/660d7b2f56978b0012991a72/b4b6fcce98ecb721872aa7785bba5f96/F_1317_C0111_W24_HIGH_CMYK.png%3Fv%3D1617867877",
        "uploaded_url": "https://cdn.shopify.com/s/files/1/0012/2005/1002/products/F_1317_C0111_W24_HIGH_CMYK.png?v=1617867877",
        "width": 192,
        "height": 192
      },
      "id": "660d7b3044e8b400124fe80e"
    }
  ],
  "id": "660d7b2ff47eef0012a1c0aa",
  "variants": {
    "count": 0,
    "page_count": 1,
    "page": 1,
    "results": []
  },
  "filename": "kvadrat-parkland"
}