{
  "slug": "lambert-fils-laurent-18-suspension-lamp",
  "name": "Laurent 18 Suspension Lamp",
  "description": "<h2>Description</h2>\n<!-- split -->\n<p class=\"lead\">Lambert &amp; Fils makes a grand gesture with Laurent 18, which juxtaposes 5 individual hanging lights in an awe-inducing 14-foot lineup. The span includes the flat-plane models 03 and 07, the stair-step 05 and 06 and the V-shaped 02, each interspersed with a series   of handblown opaline globes glowing with soft lED illumination. With the geometric metal elements in brass, nickel-plate or powder-coated colored aluminum, the extended fixture is handmade in the brandâ€™s Montreal atelier. </p>\n<!-- split -->\n<h2>Specifications</h2>\n<!-- split -->\n<h4>Size</h4>\n<ul>\n<li>28\" h x 167.7\" w x 7.9\" d (71x426x20cm)</li>\n<li>Shade: 5.5\" dia (14cm)</li>\n<li>Canopy: 2\" h (5cm)</li>\n</ul>\n<h4>Material</h4>\n<p>Powder-coated aluminum, nickel plated steel or polished brass, handblown opaline glass globe, polyester</p>\n<h4>Technical</h4>\n<ul>\n<li>UL Listed</li>\n<li>G9</li>\n<li>Color temperature: 2700K, 3000K</li>\n<li>Dimmable</li>\n<li>Bulb included</li>\n</ul>",
  "sku": "LAM-LRT18BKBKBKBK",
  "active": true,
  "meta_title": "Laurent 18 Suspension Lamp | Buy Lambert & Fils online at A+R",
  "price": 6963,
  "currency": "USD",
  "type": "physical",
  "delivery": "shipment",
  "date_created": "2024-04-03T15:53:38.778Z",
  "stock_status": null,
  "date_updated": "2024-04-03T15:53:39.758Z",
  "prices": [],
  "purchase_options": {
    "standard": {
      "active": true,
      "price": 6963,
      "prices": []
    }
  },
  "images": [
    {
      "file": {
        "id": "660d7b8364b0ed0012c80491",
        "date_uploaded": "2024-04-03T15:53:39.630Z",
        "length": 216356,
        "md5": "607100bb6ca32971277204ed1d66ae60",
        "filename": "LRT18BLBLBL_2_1.jpg?v=1704695400",
        "content_type": "image/jpeg",
        "url": "https://cdn.swell.store/b2sdemo_test/660d7b8364b0ed0012c80491/607100bb6ca32971277204ed1d66ae60/LRT18BLBLBL_2_1.jpg%3Fv%3D1704695400",
        "uploaded_url": "https://cdn.shopify.com/s/files/1/0012/2005/1002/files/LRT18BLBLBL_2_1.jpg?v=1704695400",
        "width": 3500,
        "height": 3500
      },
      "id": "660d7b83fa9b03001262e8c6"
    }
  ],
  "id": "660d7b829ca7260012fc4287",
  "variants": {
    "count": 0,
    "page_count": 1,
    "page": 1,
    "results": []
  },
  "filename": "lambert-fils-laurent-18-suspension-lamp"
}