{
  "slug": "lambert-fils-mile-03-suspension-lamp",
  "name": "Mile 03 Suspension Lamp",
  "description": "<h2>Description</h2>\n<!-- split -->\n<p class=\"lead\">Mile 03, like the other models in the series, pares its structure down to a simple 90-degree pivot that generates both indirect light above and downward direct illumination. Canadian designer Guillaume Sasseville evolved the concept from a computer-generated grid, part of which he erased, leaving the rest to become the lamp's design. Seemingly weightless and suspended by its thin wires, its sleek powder-coated or polished aluminum body is powered by linear LED technology and the light is completely handmade at Lambert &amp; Fils Montreal atelier.</p>\n<!-- split -->\n<h2>Specifications</h2>\n<!-- split -->\n<h4>Size</h4>\n<ul>\n<li>2.2\" h x 45.3\" w x 17.1\" d (5.5x115x43.5cm)</li>\n<li>Cord length: 96.1\" (244cm)</li>\n</ul>\n<h4>Material</h4>\n<p><span>Powder-coated or polished aluminum, polished steel, polyester, acrylic</span></p>\n<h4>Technical</h4>\n<ul>\n<li>UL Listed</li>\n<li>Color temperature: 2700K, 3000K</li>\n<li>Dimmable<br>\n</li>\n<li>Integrated LED</li>\n</ul>",
  "sku": "LAM-MIL03LVALBKD27",
  "active": true,
  "meta_title": "Mile 03 Suspension Lamp | Buy Lambert & Fils online at A+R",
  "price": 1620,
  "currency": "USD",
  "type": "physical",
  "delivery": "shipment",
  "date_created": "2024-04-03T15:54:04.252Z",
  "stock_status": null,
  "date_updated": "2024-04-03T15:54:04.482Z",
  "prices": [],
  "purchase_options": {
    "standard": {
      "active": true,
      "price": 1620,
      "prices": []
    }
  },
  "images": [
    {
      "file": {
        "id": "660d7b9c6797730012b05740",
        "date_uploaded": "2024-04-03T15:54:04.385Z",
        "length": 70396,
        "md5": "cad27ed04d116a35d224fb9902034a40",
        "filename": "MIL03BU_01-1300x1300_18ea4ea2-459f-4b63-870b-3d798fe02d98.jpg?v=1704697933",
        "content_type": "image/jpeg",
        "url": "https://cdn.swell.store/b2sdemo_test/660d7b9c6797730012b05740/cad27ed04d116a35d224fb9902034a40/MIL03BU_01-1300x1300_18ea4ea2-459f-4b63-870b-3d798fe02d98.jpg%3Fv%3D1704697933",
        "uploaded_url": "https://cdn.shopify.com/s/files/1/0012/2005/1002/files/MIL03BU_01-1300x1300_18ea4ea2-459f-4b63-870b-3d798fe02d98.jpg?v=1704697933",
        "width": 2000,
        "height": 2000
      },
      "id": "660d7b9c52715700129ad32e"
    }
  ],
  "id": "660d7b9cfed0770012a5b35a",
  "variants": {
    "count": 0,
    "page_count": 1,
    "page": 1,
    "results": []
  },
  "filename": "lambert-fils-mile-03-suspension-lamp"
}