{
  "slug": "lambert-fils-beaubien-ceiling-lamp",
  "name": "Beaubien Ceiling Lamp",
  "description": "<h2>Description</h2>\n<!-- split -->\n<p class=\"lead\">With a rose-colored presence, Beaubien's bending structure takes on an ethereal quality in this version from Lambert &amp; Fils' showpiece Atelier line. Bringing to mind a waterfall or weeping willow, the suspension light's delicate hue lends a dreamlike ambiance. Hand-fashioned in powder-coated aluminum with brass accents, its starry milk-glass tubes glow with warm LED illumination.</p>\n<!-- split -->\n<h2>Specifications</h2>\n<!-- split -->\n<h4>Size</h4>\n<ul>\n<li>59.8\" w x 16.39\" d (152x43cm)</li>\n<li>Cord length: 120.1\" (305cm)</li>\n</ul>\n<h4>Material</h4>\n<p>Powder-coated aluminum, brass, frosted milk glass tube</p>\n<h4>Technical</h4>\n<ul>\n<li>UL listed</li>\n<li>G9</li>\n<li>Color temperature: 2700K, 3000K</li>\n<li>Bulb included</li>\n</ul>",
  "sku": "LAM-BEA01CEBKBRBKBK",
  "active": true,
  "meta_title": "Beaubien Ceiling Lamp | Buy Lambert & Fils online at A+R",
  "price": 1968,
  "currency": "USD",
  "type": "physical",
  "delivery": "shipment",
  "date_created": "2024-04-03T15:53:36.078Z",
  "stock_status": null,
  "date_updated": "2024-04-03T15:53:36.742Z",
  "prices": [],
  "purchase_options": {
    "standard": {
      "active": true,
      "price": 1968,
      "prices": []
    }
  },
  "images": [
    {
      "file": {
        "id": "660d7b80d63f770012b8ddd7",
        "date_uploaded": "2024-04-03T15:53:36.645Z",
        "length": 73964,
        "md5": "3945255820a0e05f547d7a49ce23fe21",
        "filename": "BEA01CEBLBR_2_bb2d60c4-8955-4cc7-88e3-76c6653c213f.jpg?v=1703841276",
        "content_type": "image/jpeg",
        "url": "https://cdn.swell.store/b2sdemo_test/660d7b80d63f770012b8ddd7/3945255820a0e05f547d7a49ce23fe21/BEA01CEBLBR_2_bb2d60c4-8955-4cc7-88e3-76c6653c213f.jpg%3Fv%3D1703841276",
        "uploaded_url": "https://cdn.shopify.com/s/files/1/0012/2005/1002/files/BEA01CEBLBR_2_bb2d60c4-8955-4cc7-88e3-76c6653c213f.jpg?v=1703841276",
        "width": 2000,
        "height": 2000
      },
      "id": "660d7b8044e8b400124fe910"
    }
  ],
  "id": "660d7b80be2c5900123d2dec",
  "variants": {
    "count": 0,
    "page_count": 1,
    "page": 1,
    "results": []
  },
  "filename": "lambert-fils-beaubien-ceiling-lamp"
}