{
  "slug": "sp01-milan-sp01",
  "name": "Milan(Sp01)",
  "description": "<p>Composition: 95%Virgin Wool, 5%Nylon/Polyamid, Durability: 50.000 Martindale</p>",
  "sku": "01D0024",
  "active": true,
  "meta_title": "Milan(Sp01) | Buy Sp01 Fabrics online at A+R",
  "price": null,
  "currency": "USD",
  "type": "physical",
  "delivery": "shipment",
  "date_created": "2024-04-03T15:50:55.950Z",
  "stock_status": null,
  "date_updated": "2024-04-03T15:50:56.304Z",
  "prices": [],
  "purchase_options": {
    "standard": {
      "active": true,
      "price": null,
      "prices": []
    }
  },
  "images": [
    {
      "file": {
        "id": "660d7ae0a8c8430012ccb13b",
        "date_uploaded": "2024-04-03T15:50:56.223Z",
        "length": 6428,
        "md5": "5982bb779ad3de31f23fa25acaa62e72",
        "filename": "Milan-black.jpg?v=1619001113",
        "content_type": "image/jpeg",
        "url": "https://cdn.swell.store/b2sdemo_test/660d7ae0a8c8430012ccb13b/5982bb779ad3de31f23fa25acaa62e72/Milan-black.jpg%3Fv%3D1619001113",
        "uploaded_url": "https://cdn.shopify.com/s/files/1/0012/2005/1002/products/Milan-black.jpg?v=1619001113",
        "width": 192,
        "height": 192
      },
      "id": "660d7ae096aae300122f026b"
    }
  ],
  "id": "660d7adf56978b001299193c",
  "variants": {
    "count": 0,
    "page_count": 1,
    "page": 1,
    "results": []
  },
  "filename": "sp01-milan-sp01"
}