{
  "slug": "by-interiors-sled-bench",
  "name": "Sled Bench",
  "description": "<h2>Description</h2>\n<!-- split -->\n<p class=\"lead\">The clear geometrics of By Interiors’ Sled series extend with a bench structured from recyclable aluminum panels. Designer Tomoya Tabuchi divides the cushioned seat into 2 angled lengths for a comfortable repose and added visual interest. Available in rectangular or square versions and a wide range of upholstery materials, the strikingly spare piece suits entryways and corridors and can also be clustered in open spaces.</p>\n<!-- split -->\n<h2>Specifications</h2>\n<!-- split -->\n<h4>Size</h4>\n<ul>\n<li>Square: 15.7\" h x 23.6\" w x 23.6\" d (40x60x60cm)</li>\n<li>Rectangular: 15.7\" h x 70.9\" w x 23.6\" d (40x180x60cm)</li>\n</ul>\n<h4>Material</h4>\n<p>Wooden frame, polyurethane foam, solid aluminum anodized</p>\n<h4>Details</h4>\n<ul>\n<li>Category 2: Pado, Pesba, Report, Record, Yoda, Texture, Sand</li>\n<li>Category 3: Talapo, Report, Record, Yoda, Texture, Sand</li>\n<li>Category 4: Brionne, Frank</li>\n<li>Leather</li>\n<li>COM and COL are available on request</li>\n</ul>\nMade in Japan\n<ul></ul>",
  "sku": "BYI-SLD-BNCH-REC-CAT-2",
  "active": true,
  "meta_title": "Sled Bench | Buy By Interiors online at A+R",
  "price": 1870,
  "currency": "USD",
  "type": "physical",
  "delivery": "shipment",
  "date_created": "2024-04-03T15:46:08.737Z",
  "stock_status": null,
  "date_updated": "2024-04-03T15:46:09.131Z",
  "prices": [],
  "purchase_options": {
    "standard": {
      "active": true,
      "price": 1870,
      "prices": []
    }
  },
  "images": [
    {
      "file": {
        "id": "660d79c0ef998c0012222f5c",
        "date_uploaded": "2024-04-03T15:46:08.965Z",
        "length": 120572,
        "md5": "83b8c39b84d850e34adab0153160eada",
        "filename": "NewProject_640a6566-922a-4b8e-bbd0-f6ce6e443897.jpg?v=1644218581",
        "content_type": "image/jpeg",
        "url": "https://cdn.swell.store/b2sdemo_test/660d79c0ef998c0012222f5c/83b8c39b84d850e34adab0153160eada/NewProject_640a6566-922a-4b8e-bbd0-f6ce6e443897.jpg%3Fv%3D1644218581",
        "uploaded_url": "https://cdn.shopify.com/s/files/1/0012/2005/1002/products/NewProject_640a6566-922a-4b8e-bbd0-f6ce6e443897.jpg?v=1644218581",
        "width": 2500,
        "height": 2500
      },
      "id": "660d79c1695d9d0013f54842"
    }
  ],
  "id": "660d79c004970100120ef01e",
  "variants": {
    "count": 0,
    "page_count": 1,
    "page": 1,
    "results": []
  },
  "filename": "by-interiors-sled-bench"
}