{
  "slug": "by-interiors-sweepy-chair-upholstered",
  "name": "Sweepy Chair: Upholstered",
  "description": "<h2>Description</h2>\n<!-- split -->\n<p class=\"lead\">This version of Milan-based designer Kensaku Oshiro’s wood chair pairs the comfortable curved backrest with a upholstered cushioned seat. Rendered in solid ash as either a side chair or armchair, the seating comes in a natural finish or primary painted hues. Clad in a choice of fine fabric or leather options, Sweepy offers a completely customized result.</p>\n<!-- split -->\n<h2>Specifications</h2>\n<!-- split -->\n<h4>Size</h4>\n<ul>\n<li>Without arm: 29.7\" h x 17.5\" w x 19.7\" d (75.5x44.5x50cm)</li>\n<li>With arm: 29.7\" h x 21.1\" w x 19.7\" d (75.5x53.5x50cm)</li>\n<li>Arm height: 24.6\" (62.5cm)</li>\n<li>Seat height: 17.3\" (44cm)</li>\n</ul>\n<h4>Material</h4>\n<p>Solid ash, polyurethane foam, polyester padding</p>\n<h4>Details</h4>\n<ul>\n<li>Category 2: Pado, Pesba, Report, Record, Yoda, Texture, Sand</li>\n<li>Category 3: Talapo, Report, Record, Yoda, Texture, Sand</li>\n<li>Category 4: Brionne, Frank</li>\n<li>Leather</li>\n<li>COM and COL are available on request</li>\n</ul>\nMade in Japan\n<ul></ul>",
  "sku": "BYI-SWPY-CHR-NAT-ASH-CAT-2",
  "active": true,
  "meta_title": "Sweepy Chair: Upholstered | Buy By Interiors online at A+R",
  "price": 630,
  "currency": "USD",
  "type": "physical",
  "delivery": "shipment",
  "date_created": "2024-04-03T15:46:38.105Z",
  "stock_status": null,
  "date_updated": "2024-04-03T15:46:40.497Z",
  "prices": [],
  "purchase_options": {
    "standard": {
      "active": true,
      "price": 630,
      "prices": []
    }
  },
  "images": [
    {
      "file": {
        "id": "660d79df94abc90012e1af8b",
        "date_uploaded": "2024-04-03T15:46:39.152Z",
        "length": 291248,
        "md5": "e2e8f02f677c8b9500081f204baaba2b",
        "filename": "e7198786-d708-436f-891d-d1a92d97b8e5.jpg?v=1621577537",
        "content_type": "image/jpeg",
        "url": "https://cdn.swell.store/b2sdemo_test/660d79df94abc90012e1af8b/e2e8f02f677c8b9500081f204baaba2b/e7198786-d708-436f-891d-d1a92d97b8e5.jpg%3Fv%3D1621577537",
        "uploaded_url": "https://cdn.shopify.com/s/files/1/0012/2005/1002/products/e7198786-d708-436f-891d-d1a92d97b8e5.jpg?v=1621577537",
        "width": 4000,
        "height": 4000
      },
      "id": "660d79e0ed32660012b0c148"
    }
  ],
  "id": "660d79de1c71db0012457440",
  "variants": {
    "count": 0,
    "page_count": 1,
    "page": 1,
    "results": []
  },
  "filename": "by-interiors-sweepy-chair-upholstered"
}