{
  "slug": "by-interiors-fabrics-avron",
  "name": "Avron",
  "description": "<p>Composition: 100% Polyester</p>",
  "sku": "BY-INT-AVR-2909",
  "active": true,
  "meta_title": "Avron | Buy By Interiors Fabrics online at A+R",
  "price": null,
  "currency": "USD",
  "type": "physical",
  "delivery": "shipment",
  "date_created": "2024-04-03T15:47:08.653Z",
  "stock_status": null,
  "date_updated": "2024-04-03T15:47:09.044Z",
  "prices": [],
  "purchase_options": {
    "standard": {
      "active": true,
      "price": null,
      "prices": []
    }
  },
  "images": [
    {
      "file": {
        "id": "660d79fcf9c6dc0012bc5188",
        "date_uploaded": "2024-04-03T15:47:08.959Z",
        "length": 8748,
        "md5": "e8c099f28e814d45a2029138e0daefbe",
        "filename": "image_4.jpg?v=1620897790",
        "content_type": "image/jpeg",
        "url": "https://cdn.swell.store/b2sdemo_test/660d79fcf9c6dc0012bc5188/e8c099f28e814d45a2029138e0daefbe/image_4.jpg%3Fv%3D1620897790",
        "uploaded_url": "https://cdn.shopify.com/s/files/1/0012/2005/1002/products/image_4.jpg?v=1620897790",
        "width": 192,
        "height": 192
      },
      "id": "660d79fd0c3c45001217da80"
    }
  ],
  "id": "660d79fc591f9100128f8f86",
  "variants": {
    "count": 0,
    "page_count": 1,
    "page": 1,
    "results": []
  },
  "filename": "by-interiors-fabrics-avron"
}