{
  "slug": "by-interiors-minima-chair",
  "name": "Minima Chair",
  "description": "<h2>Description</h2>\n<!-- split -->\n<p class=\"lead\">Sleek and stackable, Minima transcends the usual seating of that genre with a fully developed shape in a smooth continuum of 2 lengths of thin steel pipe. Combining fluently curved and straight lines, Spanish design studio MUT assures seating with a unique presence that also melds with a variety of spaces and architectural styles. A powder-coated frame in white, black or ink blue and seat choices in oak or walnut provide varied options for the chair, which can be stored when not needed, stacked up to 5 high.</p>\n<!-- split -->\n<h2>Specifications</h2>\n<!-- split -->\n<h4>Size</h4>\n<ul>\n<li>28.9\" h x 21.3\" w x 18.9\" d (73.5x54x48cm)</li>\n<li>Seat height: 17.5\" (44.5cm)</li>\n</ul>\n<h4>Material</h4>\n<p>Powder-coated steel, oak or walnut</p>",
  "sku": "BYI-MIN-CHR-WHI-OAK",
  "active": true,
  "meta_title": "Minima Chair | Buy By Interiors online at A+R",
  "price": 385,
  "currency": "USD",
  "type": "physical",
  "delivery": "shipment",
  "date_created": "2024-04-03T15:46:31.821Z",
  "stock_status": null,
  "date_updated": "2024-04-03T15:46:32.503Z",
  "prices": [],
  "purchase_options": {
    "standard": {
      "active": true,
      "price": 385,
      "prices": []
    }
  },
  "images": [
    {
      "file": {
        "id": "660d79d8d6fac000129ef852",
        "date_uploaded": "2024-04-03T15:46:32.411Z",
        "length": 112240,
        "md5": "4b0ef045884db518d0802b24d504e54d",
        "filename": "EdD_0BBw_1_1_207e5fd0-04be-427a-a309-372b52a94394.jpg?v=1644210874",
        "content_type": "image/jpeg",
        "url": "https://cdn.swell.store/b2sdemo_test/660d79d8d6fac000129ef852/4b0ef045884db518d0802b24d504e54d/EdD_0BBw_1_1_207e5fd0-04be-427a-a309-372b52a94394.jpg%3Fv%3D1644210874",
        "uploaded_url": "https://cdn.shopify.com/s/files/1/0012/2005/1002/products/EdD_0BBw_1_1_207e5fd0-04be-427a-a309-372b52a94394.jpg?v=1644210874",
        "width": 2000,
        "height": 2000
      },
      "id": "660d79d8d739ac0012d7d855"
    }
  ],
  "id": "660d79d7f47eef0012a1bbd5",
  "variants": {
    "count": 0,
    "page_count": 1,
    "page": 1,
    "results": []
  },
  "filename": "by-interiors-minima-chair"
}