{
  "slug": "established-sons-grid-desk",
  "name": "Grid Desk",
  "description": "<h2>Description</h2>\n<!-- split -->\n<p class=\"lead\">An expansive workable-style desk adds further flexibility to Established &amp; Sons' work-live Grid collection with its room-with-a-room concept. From the hive mind of the designer brothers Bouroullec, it has a robust T-style steel base with a powder-coated finish and either a larch veneer or high-pressure laminate surface. The desk can be disassembled and is delivered flat-packed and multiple units can be linked together to create one long workstation.</p>\n<!-- split -->\n<h2>Specification</h2>\n<!-- split -->\n<h4>Size</h4>\n<p>29.1\" h x 74.8\" w x 39.4\" d (74x190x100cm)</p>\n<h4>Material</h4>\n<p>Powder-coated mild steel, plywood</p>",
  "sku": "EST-7285",
  "active": true,
  "meta_title": "Grid Desk | Buy Established & Sons online at A+R",
  "price": 1675,
  "currency": "USD",
  "type": "physical",
  "delivery": "shipment",
  "date_created": "2024-04-03T15:51:22.531Z",
  "stock_status": null,
  "date_updated": "2024-04-03T15:51:23.747Z",
  "prices": [],
  "purchase_options": {
    "standard": {
      "active": true,
      "price": 1675,
      "prices": []
    }
  },
  "images": [
    {
      "file": {
        "id": "660d7afb4b5e460012294d71",
        "date_uploaded": "2024-04-03T15:51:23.669Z",
        "length": 431096,
        "md5": "07d0ba5d63c2c84b12ee93260a779dbd",
        "filename": "GRIDH740-L1900-D1000desk7286Ronan-and-Erwan-Bouroullec_2019EstablishedandSonsWhite-Background-Render-0172dpicopy.jpg?v=1687156096",
        "content_type": "image/jpeg",
        "url": "https://cdn.swell.store/b2sdemo_test/660d7afb4b5e460012294d71/07d0ba5d63c2c84b12ee93260a779dbd/GRIDH740-L1900-D1000desk7286Ronan-and-Erwan-Bouroullec_2019EstablishedandSonsWhite-Background-Render-0172dpicopy.jpg%3Fv%3D1687156096",
        "uploaded_url": "https://cdn.shopify.com/s/files/1/0012/2005/1002/files/GRIDH740-L1900-D1000desk7286Ronan-and-Erwan-Bouroullec_2019EstablishedandSonsWhite-Background-Render-0172dpicopy.jpg?v=1687156096",
        "width": 3000,
        "height": 3000
      },
      "id": "660d7afb7c1cc30012892622"
    }
  ],
  "id": "660d7afa94abc90012e1b29f",
  "variants": {
    "count": 0,
    "page_count": 1,
    "page": 1,
    "results": []
  },
  "filename": "established-sons-grid-desk"
}