{
  "slug": "ferm-living-still-carafe",
  "name": "Still Carafe",
  "description": "<h2>Description</h2>\n<!-- split -->\n<p class=\"lead\"> </p>\n<!-- split -->\n<h2>Specification</h2>\n<!-- split -->\n<h4>Size</h4>\n<p>11.4\" h x 3.7\" dia (29x9.5cm)</p>\n<h4>Material</h4>\n<p>Mouth-blown heat resistant glass</p>",
  "sku": "FL-110230211",
  "active": true,
  "meta_title": "Still Carafe | Buy Ferm Living online at A+R",
  "price": 28,
  "currency": "USD",
  "type": "physical",
  "delivery": "shipment",
  "date_created": "2024-04-03T15:48:09.270Z",
  "stock_status": null,
  "date_updated": "2024-04-03T15:48:10.231Z",
  "prices": [],
  "purchase_options": {
    "standard": {
      "active": true,
      "price": 28,
      "prices": []
    }
  },
  "id": "660d7a392a1fa5001173e9dd",
  "variants": {
    "count": 0,
    "page_count": 1,
    "page": 1,
    "results": []
  },
  "filename": "ferm-living-still-carafe"
}