{
  "slug": "ferm-living-herman-lounge-chair-upholstered",
  "name": "Herman Lounge Chair: Upholstered",
  "description": "<h2>Description</h2>\n<!-- split -->\n<p class=\"lead\">With an upholstered seat, Ferm living’s signature lounge chair becomes even more comfortable while adding customized appeal. Herman’s characteristic design features low-slung, generous proportions and a graceful curving backrest that wraps around the body with sheltering ease. Beautifully crafted from oak veneer set on a powder-coated metal base, the softness of the fabric or leather upholstery adds a subtle contrast to the clear lines of the chair’s silhouette.</p>\n<!-- split -->\n<h2>Specifications</h2>\n<!-- split -->\n<h4>Size</h4>\n<ul>\n<li>26.8\" h x 26.8\" w x 23.6\" d (68x68x60cm)</li>\n<li>Seat height: 14.6\" (37cm)</li>\n</ul>\n<h4>Material</h4>\n<p>Powder-coated metal, oak veneer</p>\n<h4>Details</h4>\n<ul>\n<li>\n<span data-mce-fragment=\"1\">Group</span><span> </span>1: Soft Boucle</li>\n<li>\n<span data-mce-fragment=\"1\">Group</span><span> </span>2: Grain</li>\n<li>\n<span data-mce-fragment=\"1\">Group</span><span> </span>3: Boucle</li>\n<li>\n<span data-mce-fragment=\"1\">Group</span><span> </span>4: Ultra Leather, Tonus 4</li>\n<li>\n<span data-mce-fragment=\"1\">Group</span><span> </span>5: Hallingdal 65, Envy</li>\n<li>COM and COL are available on request</li>\n</ul>\n<p>Made in Latvia</p>",
  "sku": "FL-20084",
  "active": true,
  "meta_title": "Herman Lounge Chair: Upholstered | Buy Ferm Living online at A+R",
  "price": 435,
  "currency": "USD",
  "type": "physical",
  "delivery": "shipment",
  "date_created": "2024-04-03T15:46:24.926Z",
  "stock_status": null,
  "date_updated": "2024-04-03T15:46:26.437Z",
  "prices": [],
  "purchase_options": {
    "standard": {
      "active": true,
      "price": 435,
      "prices": []
    }
  },
  "images": [
    {
      "file": {
        "id": "660d79d2a8c8430012ccadff",
        "date_uploaded": "2024-04-03T15:46:26.351Z",
        "length": 270868,
        "md5": "7d79e6b7cc103d3837312aa4ea53ae99",
        "filename": "HermanLoungeUpolstered-blackleather.jpg?v=1650886050",
        "content_type": "image/jpeg",
        "url": "https://cdn.swell.store/b2sdemo_test/660d79d2a8c8430012ccadff/7d79e6b7cc103d3837312aa4ea53ae99/HermanLoungeUpolstered-blackleather.jpg%3Fv%3D1650886050",
        "uploaded_url": "https://cdn.shopify.com/s/files/1/0012/2005/1002/products/HermanLoungeUpolstered-blackleather.jpg?v=1650886050",
        "width": 4000,
        "height": 4000
      },
      "id": "660d79d2bdce9b00123d415a"
    }
  ],
  "id": "660d79d049935a00128decb4",
  "variants": {
    "count": 0,
    "page_count": 1,
    "page": 1,
    "results": []
  },
  "filename": "ferm-living-herman-lounge-chair-upholstered"
}