{
  "slug": "ferm-living-speckle-wall-pocket",
  "name": "Speckle Wall Pocket",
  "description": "<h2>Description</h2>\n<!-- split -->\n<p class=\"lead\"> </p>\n<!-- split -->\n<h2>Specifications</h2>\n<!-- split -->\n<h4>Size</h4>\n<p>7.9\" h x 2.8\" w x 5.3\" d (20x7x13.5cm)</p>\n<h4>Material</h4>\n<p>Grainy stoneware</p>",
  "sku": "FL-100549202",
  "active": true,
  "meta_title": "Speckle Wall Pocket | Buy Ferm Living online at A+R",
  "price": 0,
  "currency": "USD",
  "type": "physical",
  "delivery": "shipment",
  "date_created": "2024-04-03T15:48:11.855Z",
  "stock_status": null,
  "date_updated": "2024-04-03T15:48:12.345Z",
  "prices": [],
  "purchase_options": {
    "standard": {
      "active": true,
      "price": 0,
      "prices": []
    }
  },
  "images": [
    {
      "file": {
        "id": "660d7a3c03e0280012dc9625",
        "date_uploaded": "2024-04-03T15:48:12.252Z",
        "length": 44288,
        "md5": "9aa0efd29f62bf35d5ac3ba9772c27bc",
        "filename": "100549202_1.jpg?v=1656325514",
        "content_type": "image/jpeg",
        "url": "https://cdn.swell.store/b2sdemo_test/660d7a3c03e0280012dc9625/9aa0efd29f62bf35d5ac3ba9772c27bc/100549202_1.jpg%3Fv%3D1656325514",
        "uploaded_url": "https://cdn.shopify.com/s/files/1/0012/2005/1002/products/100549202_1.jpg?v=1656325514",
        "width": 1500,
        "height": 1500
      },
      "id": "660d7a3ced32660012b0c25b"
    }
  ],
  "id": "660d7a3bfed0770012a5afbf",
  "variants": {
    "count": 0,
    "page_count": 1,
    "page": 1,
    "results": []
  },
  "filename": "ferm-living-speckle-wall-pocket"
}