{
  "slug": "ferm-living-grib-tray",
  "name": "Grib Tray",
  "description": "<h2>Description</h2>\n<!-- split -->\n<p class=\"lead\"> </p>\n<!-- split -->\n<h2>Specifications</h2>\n<!-- split -->\n<h4>Size</h4>\n<p>11.3\" h x 11\" dia (28.7x28cm)</p>\n<h4>Material</h4>\n<p>Powder-coated iron</p>",
  "sku": "FL-1104263308",
  "active": true,
  "meta_title": "Grib Tray | Buy Ferm Living online at A+R",
  "price": 45,
  "currency": "USD",
  "type": "physical",
  "delivery": "shipment",
  "date_created": "2024-04-03T15:49:07.289Z",
  "stock_status": null,
  "date_updated": "2024-04-03T15:49:07.773Z",
  "prices": [],
  "purchase_options": {
    "standard": {
      "active": true,
      "price": 45,
      "prices": []
    }
  },
  "images": [
    {
      "file": {
        "id": "660d7a7394abc90012e1b100",
        "date_uploaded": "2024-04-03T15:49:07.688Z",
        "length": 24360,
        "md5": "9c8c033944f02c7a3eea64c88eb1f34b",
        "filename": "1104263309.jpg?v=1655890162",
        "content_type": "image/jpeg",
        "url": "https://cdn.swell.store/b2sdemo_test/660d7a7394abc90012e1b100/9c8c033944f02c7a3eea64c88eb1f34b/1104263309.jpg%3Fv%3D1655890162",
        "uploaded_url": "https://cdn.shopify.com/s/files/1/0012/2005/1002/products/1104263309.jpg?v=1655890162",
        "width": 1500,
        "height": 1500
      },
      "id": "660d7a73f1f9e600129fe09a"
    }
  ],
  "id": "660d7a73ed32660012b0c330",
  "variants": {
    "count": 0,
    "page_count": 1,
    "page": 1,
    "results": []
  },
  "filename": "ferm-living-grib-tray"
}