{
  "slug": "ferm-living-port-fireplace-tools",
  "name": "Port Fireplace Tools",
  "description": "<h2>Description</h2>\n<!-- split -->\n<p class=\"lead\"> </p>\n<!-- split -->\n<h2>Specifications</h2>\n<!-- split -->\n<h4>Size</h4>\n<p>21.7\" h x 15.4\" w x 9.4\" d (55x39x24cm)</p>\n<h4>Material</h4>\n<p>Powder-coated stainless steel</p>",
  "sku": "FL-100567101",
  "active": true,
  "meta_title": "Port Fireplace Tools | Buy Ferm Living online at A+R",
  "price": 120,
  "currency": "USD",
  "type": "physical",
  "delivery": "shipment",
  "date_created": "2024-04-03T15:48:24.544Z",
  "stock_status": null,
  "date_updated": "2024-04-03T15:48:25.145Z",
  "prices": [],
  "purchase_options": {
    "standard": {
      "active": true,
      "price": 120,
      "prices": []
    }
  },
  "images": [
    {
      "file": {
        "id": "660d7a4990abf000124fc6b1",
        "date_uploaded": "2024-04-03T15:48:25.055Z",
        "length": 75672,
        "md5": "a2b5b71f3d1f0ce60ec2bb898e0452ab",
        "filename": "100567101_1.jpg?v=1656072293",
        "content_type": "image/jpeg",
        "url": "https://cdn.swell.store/b2sdemo_test/660d7a4990abf000124fc6b1/a2b5b71f3d1f0ce60ec2bb898e0452ab/100567101_1.jpg%3Fv%3D1656072293",
        "uploaded_url": "https://cdn.shopify.com/s/files/1/0012/2005/1002/products/100567101_1.jpg?v=1656072293",
        "width": 1500,
        "height": 1500
      },
      "id": "660d7a49aeb36c0012e048bf"
    }
  ],
  "id": "660d7a48f1f9e600129fe01d",
  "variants": {
    "count": 0,
    "page_count": 1,
    "page": 1,
    "results": []
  },
  "filename": "ferm-living-port-fireplace-tools"
}