{
  "slug": "ferm-living-view-tufted-rug",
  "name": "View Tufted Rug",
  "description": "<h2>Description</h2>\n<!-- split -->\n<p class=\"lead\">Inspired by an aerial vista of Earth, View’s hand-tufted expanse is made of luxuriant 100% New Zealand wool. Varied pile heights convey the abstraction of soft desert dunes and graphic mountain ridges, crafted with traditional rug-hooking techniques. Offered in calming beige tones or rich, earthy red-brown hues, Ferm Living’s supremely soft rug has fringed trim that underscores its artisan feel.</p>\n<!-- split -->\n<h2>Specifications</h2>\n<!-- split -->\n<h4>Size</h4>\n<p>70.9\" l x 55.1\" w (180x140cm)</p>\n<h4>Material</h4>\n<p>Wool, cotton</p>\n<h4>Details</h4>\n<p>Made in India</p>",
  "sku": "FL-110084203",
  "active": true,
  "meta_title": "View Tufted Rug | Buy Ferm Living online at A+R",
  "price": 385,
  "currency": "USD",
  "type": "physical",
  "delivery": "shipment",
  "date_created": "2024-04-03T15:47:58.219Z",
  "stock_status": null,
  "date_updated": "2024-04-03T15:47:58.698Z",
  "prices": [],
  "purchase_options": {
    "standard": {
      "active": true,
      "price": 385,
      "prices": []
    }
  },
  "images": [
    {
      "file": {
        "id": "660d7a2ebe2c5900123d250b",
        "date_uploaded": "2024-04-03T15:47:58.609Z",
        "length": 369408,
        "md5": "6083ea9ded64e2956b77dfa097672d5a",
        "filename": "1100832777_1_979e92db-0327-45dc-af50-b49139460df2.jpg?v=1685422494",
        "content_type": "image/jpeg",
        "url": "https://cdn.swell.store/b2sdemo_test/660d7a2ebe2c5900123d250b/6083ea9ded64e2956b77dfa097672d5a/1100832777_1_979e92db-0327-45dc-af50-b49139460df2.jpg%3Fv%3D1685422494",
        "uploaded_url": "https://cdn.shopify.com/s/files/1/0012/2005/1002/files/1100832777_1_979e92db-0327-45dc-af50-b49139460df2.jpg?v=1685422494",
        "width": 1653,
        "height": 1653
      },
      "id": "660d7a2eaeb36c0012e04866"
    }
  ],
  "id": "660d7a2e90abf000124fc665",
  "variants": {
    "count": 0,
    "page_count": 1,
    "page": 1,
    "results": []
  },
  "filename": "ferm-living-view-tufted-rug"
}