{
  "slug": "ferm-living-pile-bathroom-mat",
  "name": "Pile Bathroom Mat",
  "description": "<h2>Description</h2>\n<!-- split -->\n<p class=\"lead\"> </p>\n<!-- split -->\n<h2>Specifications</h2>\n<!-- split -->\n<h4>Size</h4>\n<p>31.5\" h x 19.7\" w x 0.8\" d (80x50x2cm)</p>\n<h4>Material</h4>\n<p>80% recycled PET yarn, 20% cotton</p>",
  "sku": "FL-100601315",
  "active": true,
  "meta_title": "Pile Bathroom Mat | Buy Ferm Living online at A+R",
  "price": 35,
  "currency": "USD",
  "type": "physical",
  "delivery": "shipment",
  "date_created": "2024-04-03T15:48:28.207Z",
  "stock_status": null,
  "date_updated": "2024-04-03T15:48:30.436Z",
  "prices": [],
  "purchase_options": {
    "standard": {
      "active": true,
      "price": 35,
      "prices": []
    }
  },
  "images": [
    {
      "file": {
        "id": "660d7a4e8bf06900114de7ab",
        "date_uploaded": "2024-04-03T15:48:30.340Z",
        "length": 215820,
        "md5": "4bbfa2855f9db1926eb880a557760404",
        "filename": "100601315_1.jpg?v=1656057924",
        "content_type": "image/jpeg",
        "url": "https://cdn.swell.store/b2sdemo_test/660d7a4e8bf06900114de7ab/4bbfa2855f9db1926eb880a557760404/100601315_1.jpg%3Fv%3D1656057924",
        "uploaded_url": "https://cdn.shopify.com/s/files/1/0012/2005/1002/products/100601315_1.jpg?v=1656057924",
        "width": 1500,
        "height": 1500
      },
      "id": "660d7a4eef998c00122230b7"
    }
  ],
  "id": "660d7a4c93607e00127d7099",
  "variants": {
    "count": 0,
    "page_count": 1,
    "page": 1,
    "results": []
  },
  "filename": "ferm-living-pile-bathroom-mat"
}