{
  "slug": "ferm-living-dot-tufted-cushion",
  "name": "Dot Tufted Cushion",
  "description": "<h2>Description</h2>\n<!-- split -->\n<p class=\"lead\"> </p>\n<!-- split -->\n<h2>Specifications</h2>\n<!-- split -->\n<h4>Size</h4>\n<p>19.6\" h x 19.6\" w (50x50cm)</p>\n<h4>Material</h4>\n<p>100% organic cotton, tufted dots in recycled PET (polyethylene terephthalate) yarn, feather, down filling</p>",
  "sku": "FL-1102652849",
  "active": true,
  "meta_title": "Dot Tufted Cushion | Buy Ferm Living online at A+R",
  "price": 45,
  "currency": "USD",
  "type": "physical",
  "delivery": "shipment",
  "date_created": "2024-04-03T15:49:31.793Z",
  "stock_status": null,
  "date_updated": "2024-04-03T15:49:31.880Z",
  "prices": [],
  "purchase_options": {
    "standard": {
      "active": true,
      "price": 45,
      "prices": []
    }
  },
  "id": "660d7a8b81aded0012d226c4",
  "variants": {
    "count": 0,
    "page_count": 1,
    "page": 1,
    "results": []
  },
  "filename": "ferm-living-dot-tufted-cushion"
}