{
  "slug": "ferm-living-kelim-fringe-cushion",
  "name": "Kelim Fringe Cushion",
  "description": "<h2>Description</h2>\n<!-- split -->\n<p class=\"lead\"> </p>\n<!-- split -->\n<h2>Specifications</h2>\n<!-- split -->\n<h4>Size</h4>\n<ul>\n<li>Large: 31.5\" h x 31.5\" w (80x80cm)</li>\n<li>Small: 19.7\" h x 19.7\" w (50x50cm)</li>\n</ul>\n<h4>Material</h4>\n<p>80% wool, 20% cotton</p>",
  "sku": "FL-1104263445",
  "active": true,
  "meta_title": "Kelim Fringe Cushion | Buy Ferm Living online at A+R",
  "price": 53,
  "currency": "USD",
  "type": "physical",
  "delivery": "shipment",
  "date_created": "2024-04-03T15:48:53.633Z",
  "stock_status": null,
  "date_updated": "2024-04-03T15:48:53.755Z",
  "prices": [],
  "purchase_options": {
    "standard": {
      "active": true,
      "price": 53,
      "prices": []
    }
  },
  "id": "660d7a65ad75db0013048060",
  "variants": {
    "count": 0,
    "page_count": 1,
    "page": 1,
    "results": []
  },
  "filename": "ferm-living-kelim-fringe-cushion"
}