{
  "slug": "karakter-bon-stool",
  "name": "Bon Stool",
  "description": "<h2>Description</h2>\n<!-- split -->\n<p class=\"lead\">Dutch artist and designer Aldo Bakker’s sculptural wood stool contrasts a pair of contradictory shapes—a graceful vertical container topped by a flat horizontal saucer. Beautifully crafted in solid ash or mahogany, Bon has a timeless silhouette and a graceful sense of harmony. From Danish design company Karakter, the versatile seating is available in red or brownish-green stained ash or the brown mahogany, all with a matte clear-lacquer finish.</p>\n<!-- split -->\n<h2>Specifications</h2>\n<!-- split -->\n<h4>Size</h4>\n<p>14.2\" h x 18.9\" dia (36x48cm)</p>\n<h4>Material</h4>\n<p><span>Solid ash</span></p>",
  "sku": "KAR-201725",
  "active": true,
  "meta_title": "Bon Stool | Buy Karakter online at A+R",
  "price": 1588,
  "currency": "USD",
  "type": "physical",
  "delivery": "shipment",
  "date_created": "2024-04-03T15:50:49.116Z",
  "stock_status": null,
  "date_updated": "2024-04-03T15:50:51.029Z",
  "prices": [],
  "purchase_options": {
    "standard": {
      "active": true,
      "price": 1588,
      "prices": []
    }
  },
  "images": [
    {
      "file": {
        "id": "660d7ada4974d6001242b6a4",
        "date_uploaded": "2024-04-03T15:50:50.922Z",
        "length": 601956,
        "md5": "89e415d110ff7e84da345b707052dcdd",
        "filename": "BonMaghogni.jpg?v=1683893648",
        "content_type": "image/jpeg",
        "url": "https://cdn.swell.store/b2sdemo_test/660d7ada4974d6001242b6a4/89e415d110ff7e84da345b707052dcdd/BonMaghogni.jpg%3Fv%3D1683893648",
        "uploaded_url": "https://cdn.shopify.com/s/files/1/0012/2005/1002/products/BonMaghogni.jpg?v=1683893648",
        "width": 4000,
        "height": 4000
      },
      "id": "660d7adbd8e0560012e29beb"
    }
  ],
  "id": "660d7ad9fed0770012a5b166",
  "variants": {
    "count": 0,
    "page_count": 1,
    "page": 1,
    "results": []
  },
  "filename": "karakter-bon-stool"
}