{
  "slug": "lambert-fils-laurent-06-suspension-lamp",
  "name": "Laurent 06 Suspension Lamp",
  "description": "<h2>Description</h2>\n<!-- split -->\n<p class=\"lead\">Dual staggered opaline globes in a horizontal stepped arrangement denote the Lambert 06 variation of  Lambert &amp; Fils' suspension lamp. The handblown milk glass forms emit warm diffused LED light while the metal structure comes in a range of select finishesâ€”polished brass, nickel-plate or varied shades of powder-coated aluminum. In a choice of angled- or parallel-mount models, this eye-catching design is handmade at the brand's Montreal atelier. </p>\n<!-- split -->\n<h2>Specifications</h2>\n<!-- split -->\n<h4>Size</h4>\n<ul>\n<li>14.2\" h x 24\" w x 7.9\" d (36x61x20cm)</li>\n<li>Shade: 5.5\" dia (14cm)</li>\n<li>Canopy: 2\" h (5cm)</li>\n<li>Cord length: 83.9\" (213cm)</li>\n</ul>\n<h4>Material</h4>\n<p>Powder-coated aluminum or nickel-plated steel, polished brass, handblown opaline glass globe, polyester</p>\n<h4>Technical</h4>\n<ul>\n<li>UL Listed</li>\n<li>G9</li>\n<li>Color temperature: 2700K, 3000K</li>\n<li>Bulb included</li>\n</ul>",
  "sku": "LAM-LRT06BKBKBKAW",
  "active": true,
  "meta_title": "Laurent 06 Suspension Lamp | Buy Lambert & Fils online at A+R",
  "price": 1015,
  "currency": "USD",
  "type": "physical",
  "delivery": "shipment",
  "date_created": "2024-04-03T15:53:55.071Z",
  "stock_status": null,
  "date_updated": "2024-04-03T15:53:55.799Z",
  "prices": [],
  "purchase_options": {
    "standard": {
      "active": true,
      "price": 1015,
      "prices": []
    }
  },
  "images": [
    {
      "file": {
        "id": "660d7b93f47eef0012a1c212",
        "date_uploaded": "2024-04-03T15:53:55.707Z",
        "length": 50764,
        "md5": "5160857344fd4f7a0075ac2a573d2383",
        "filename": "LRT06BLBL_f8349e34-9921-4081-8549-f670e35bdd1e.jpg?v=1704688706",
        "content_type": "image/jpeg",
        "url": "https://cdn.swell.store/b2sdemo_test/660d7b93f47eef0012a1c212/5160857344fd4f7a0075ac2a573d2383/LRT06BLBL_f8349e34-9921-4081-8549-f670e35bdd1e.jpg%3Fv%3D1704688706",
        "uploaded_url": "https://cdn.shopify.com/s/files/1/0012/2005/1002/files/LRT06BLBL_f8349e34-9921-4081-8549-f670e35bdd1e.jpg?v=1704688706",
        "width": 2000,
        "height": 2000
      },
      "id": "660d7b93055bcb0012fb17b7"
    }
  ],
  "id": "660d7b9331ad990012a7eef8",
  "variants": {
    "count": 0,
    "page_count": 1,
    "page": 1,
    "results": []
  },
  "filename": "lambert-fils-laurent-06-suspension-lamp"
}