{
  "slug": "lambert-fils-clark-suspension-lamp",
  "name": "Clark Suspension Lamp",
  "description": "<h2>Description</h2>\n<!-- split -->\n<p class=\"lead\">Clark angles its way into a room with an striking asymmetrical tent effect. Beneath the folded metal shade in polished brass or powder-coated aluminum, natural marble caps the ends of a milky polycarbonate diffuser.  Handmade at Lambert &amp; Fils’ Montreal atelier, the playful but elegant fixture casts an even wash of LED light on its surroundings. </p>\n<!-- split -->\n<h2>Specifications</h2>\n<!-- split -->\n<h4>Size</h4>\n<ul>\n<li>Small: 7.8\" h x 24\" w x 16\" d (19.8x61x40.6cm)</li>\n<li>Medium: 7.8\" h x 46.3\" w x 16\" d (19.8x117.5x40.6cm)</li>\n<li>Large: 7.8\" h x 68.5\" w x 16\" d (19.8x174x40.6cm)</li>\n<li>Cord length: 96.1\" (244cm)</li>\n</ul>\n<h4>Material</h4>\n<p>Polished brass or powder-coated aluminum, marble, milk polycarbonate, polyester</p>\n<h4>Technical</h4>\n<ul>\n<li>UL Listed</li>\n<li>Color temperature: 2700K, 2700K-2200K, 3000K, 3000K-2200K</li>\n<li>Integrated LED</li>\n</ul>\n<ul></ul>",
  "sku": "LAM-CLA02BBRBKBKWL",
  "active": true,
  "meta_title": "Clark Suspension Lamp | Buy Lambert & Fils online at A+R",
  "price": 1265,
  "currency": "USD",
  "type": "physical",
  "delivery": "shipment",
  "date_created": "2024-04-03T15:53:37.098Z",
  "stock_status": null,
  "date_updated": "2024-04-03T15:53:38.207Z",
  "prices": [],
  "purchase_options": {
    "standard": {
      "active": true,
      "price": 1265,
      "prices": []
    }
  },
  "images": [
    {
      "file": {
        "id": "660d7b82695d9d0013f54e59",
        "date_uploaded": "2024-04-03T15:53:38.096Z",
        "length": 140524,
        "md5": "069966709a6076a53261925ef829d3cf",
        "filename": "CLA02BRA_01_creditARSENIKHAMZIN_1.jpg?v=1664183413",
        "content_type": "image/jpeg",
        "url": "https://cdn.swell.store/b2sdemo_test/660d7b82695d9d0013f54e59/069966709a6076a53261925ef829d3cf/CLA02BRA_01_creditARSENIKHAMZIN_1.jpg%3Fv%3D1664183413",
        "uploaded_url": "https://cdn.shopify.com/s/files/1/0012/2005/1002/products/CLA02BRA_01_creditARSENIKHAMZIN_1.jpg?v=1664183413",
        "width": 3500,
        "height": 3500
      },
      "id": "660d7b82d8e0560012e29e2e"
    }
  ],
  "id": "660d7b816797730012b056ff",
  "variants": {
    "count": 0,
    "page_count": 1,
    "page": 1,
    "results": []
  },
  "filename": "lambert-fils-clark-suspension-lamp"
}