{
  "slug": "lambert-fils-beaubien-suspension-08-lamp-with-domes",
  "name": "Beaubien Suspension 08 Lamp with Domes",
  "description": "<h2>Description</h2>\n<!-- split -->\n<p class=\"lead\">Beaubien 08 is the smallest in a series that pairs the collection's signature twisting black rods with domelike metal shades in a choice of brass or graphite. The linear structure's gleaming brass connectors play up the multiple milky glass globes that are positioned up, down and sideways, glowing with warm LED illumination. A dramatic addition for a limited space, Lambert &amp; Fils' suspension lamp is completely handmade at the brand's Montreal atelier.</p>\n<!-- split -->\n<h2>Specifications</h2>\n<!-- split -->\n<h4>Size</h4>\n<p>29.1\" h x 59.8\" w x 22.8\" d (74x152x58cm)</p>\n<h4>Material</h4>\n<p>Powder-coated steel or aluminum, brass, frosted milk glass globes</p>\n<h4>Technical</h4>\n<ul>\n<li>UL Listed</li>\n<li>G9</li>\n<li>Color temperature: 2700K, 3000K</li>\n<li>Bulb included</li>\n</ul>",
  "sku": "LAM-BEA08BKBR",
  "active": true,
  "meta_title": "Beaubien Suspension 08 Lamp with Domes | Buy Lambert & Fils online at A+R",
  "price": 3238,
  "currency": "USD",
  "type": "physical",
  "delivery": "shipment",
  "date_created": "2024-04-03T15:52:33.742Z",
  "stock_status": null,
  "date_updated": "2024-04-03T15:52:34.358Z",
  "prices": [],
  "purchase_options": {
    "standard": {
      "active": true,
      "price": 3238,
      "prices": []
    }
  },
  "images": [
    {
      "file": {
        "id": "660d7b424974d6001242b80b",
        "date_uploaded": "2024-04-03T15:52:34.268Z",
        "length": 63984,
        "md5": "449c27611ad5bc197d2f7276c1e45927",
        "filename": "BEA08BKBR_1-1300x1300_1_1_1_d8eb00fc-c0db-4f74-a5d3-64975d2da227.jpg?v=1703845105",
        "content_type": "image/jpeg",
        "url": "https://cdn.swell.store/b2sdemo_test/660d7b424974d6001242b80b/449c27611ad5bc197d2f7276c1e45927/BEA08BKBR_1-1300x1300_1_1_1_d8eb00fc-c0db-4f74-a5d3-64975d2da227.jpg%3Fv%3D1703845105",
        "uploaded_url": "https://cdn.shopify.com/s/files/1/0012/2005/1002/files/BEA08BKBR_1-1300x1300_1_1_1_d8eb00fc-c0db-4f74-a5d3-64975d2da227.jpg?v=1703845105",
        "width": 2000,
        "height": 2000
      },
      "id": "660d7b426148c40012ae8a98"
    }
  ],
  "id": "660d7b4171be100012cc586f",
  "variants": {
    "count": 0,
    "page_count": 1,
    "page": 1,
    "results": []
  },
  "filename": "lambert-fils-beaubien-suspension-08-lamp-with-domes"
}