{
  "slug": "a-n-d-pipeline-9-chandelier",
  "name": "Pipeline 9 Chandelier",
  "description": "<h2>Description</h2>\n<!-- split -->\n<p class=\"lead\">In an elongated configuration, Pipeline 9 is a dazzling double-tier chandelier with 12 longer-length LED elements encircling the inner circumference of 9 shorter ones. Majestically scaled at more than 5 feet tall, A-N-D's luminaire is made for soaring spaces, spreading a glow of warm illumination in a choice of color-temperature models and several very appealing metal finishes.</p>\n<!-- split -->\n<h2>Specifications</h2>\n<!-- split -->\n<h4>Size</h4>\n<ul>\n<li>Shade: 63.8\" h x 40\" dia (162x101.5cm)</li>\n<li>Canopy: 1.6\" h x 37.8\" dia (4x96cm)</li>\n<li>Maximum drop length: 370.1\" (940cm)</li>\n</ul>\n<h4>Material</h4>\n<p>Metal, aluminum, acrylic</p>\n<h4>Technical</h4>\n<ul>\n<li>UL listed</li>\n<li>Color temperature: 1800K - 3000K</li>\n<li>Dimmable</li>\n<li>Intergrated LED</li>\n</ul>\n<h4>Details</h4>\n<p>Made in Canada</p>",
  "sku": "ANDL-PIP-CHA-9-P-BK-BK",
  "active": true,
  "meta_title": "Pipeline 9 Chandelier | Buy A-N-D online at A+R",
  "price": 12438,
  "currency": "USD",
  "type": "physical",
  "delivery": "shipment",
  "date_created": "2024-04-03T15:44:43.989Z",
  "stock_status": null,
  "date_updated": "2024-04-03T15:44:44.994Z",
  "prices": [],
  "purchase_options": {
    "standard": {
      "active": true,
      "price": 12438,
      "prices": []
    }
  },
  "images": [
    {
      "file": {
        "id": "660d796c24108c0012bf4eec",
        "date_uploaded": "2024-04-03T15:44:44.867Z",
        "length": 296412,
        "md5": "140c09d2931a97bc49824ff42bf46c42",
        "filename": "PIPELINECOMBINATION3-Brass.jpg?v=1623047223",
        "content_type": "image/jpeg",
        "url": "https://cdn.swell.store/b2sdemo_test/660d796c24108c0012bf4eec/140c09d2931a97bc49824ff42bf46c42/PIPELINECOMBINATION3-Brass.jpg%3Fv%3D1623047223",
        "uploaded_url": "https://cdn.shopify.com/s/files/1/0012/2005/1002/products/PIPELINECOMBINATION3-Brass.jpg?v=1623047223",
        "width": 3000,
        "height": 3000
      },
      "id": "660d796c2fdde70012128e04"
    }
  ],
  "id": "660d796b2e54070012d2843f",
  "variants": {
    "count": 0,
    "page_count": 1,
    "page": 1,
    "results": []
  },
  "filename": "a-n-d-pipeline-9-chandelier"
}