{
  "slug": "by-interiors-xt-table-outdoor",
  "name": "XT Table: Outdoor",
  "description": "<h2>Description</h2>\n<!-- split -->\n<p class=\"lead\">Designer Tomoya Tabuchi's minimalist XT moves outdoors in this version of the round table with its signature ultra-thin profile. A boomerang-shaped base in powder-coated steel ensures stability and sturdiness, with an equally robust anodized aluminum tabletop. By Interiors offers the table base in black or white to pair with the top in the same finishes or the silvery metal.</p>\n<!-- split -->\n<h2>Specifications</h2>\n<!-- split -->\n<h4>Size</h4>\n<ul>\n<li>17.7\" h x 17.7\" dia (45x45cm)</li>\n<li>28\" h x 23.6\" dia (71x60cm)</li>\n<li>41.3\" h x 23.6\" dia (105x60cm)</li>\n<li>28\" h x 35.4\" dia (71x90cm)</li>\n</ul>\n<h4>Material</h4>\n<p>Solid aluminum anodized, powder-coated steel</p>\n<h4>Details</h4>\n<p>Made in Japan</p>",
  "sku": "BYI-XT-TBL-OUT-23X28-WHI",
  "active": true,
  "meta_title": "XT Table: Outdoor | Buy By Interiors online at A+R",
  "price": 725,
  "currency": "USD",
  "type": "physical",
  "delivery": "shipment",
  "date_created": "2024-04-03T15:47:32.669Z",
  "stock_status": null,
  "date_updated": "2024-04-03T15:47:33.211Z",
  "prices": [],
  "purchase_options": {
    "standard": {
      "active": true,
      "price": 725,
      "prices": []
    }
  },
  "images": [
    {
      "file": {
        "id": "660d7a1581aded0012d224ed",
        "date_uploaded": "2024-04-03T15:47:33.125Z",
        "length": 50904,
        "md5": "02b9c09e9021faf168fc2e9558594554",
        "filename": "XT_H1050_H710_BLK1.jpg?v=1644297515",
        "content_type": "image/jpeg",
        "url": "https://cdn.swell.store/b2sdemo_test/660d7a1581aded0012d224ed/02b9c09e9021faf168fc2e9558594554/XT_H1050_H710_BLK1.jpg%3Fv%3D1644297515",
        "uploaded_url": "https://cdn.shopify.com/s/files/1/0012/2005/1002/products/XT_H1050_H710_BLK1.jpg?v=1644297515",
        "width": 2000,
        "height": 2000
      },
      "id": "660d7a15f9c6dc0012bc51db"
    }
  ],
  "id": "660d7a146f64df0012a46bf4",
  "variants": {
    "count": 0,
    "page_count": 1,
    "page": 1,
    "results": []
  },
  "filename": "by-interiors-xt-table-outdoor"
}