{
  "slug": "by-interiors-leather-int",
  "name": "Leather (INT)",
  "description": "<p>Composition: 100% leather</p>",
  "sku": "Leather-White",
  "active": true,
  "meta_title": "Leather (INT) | Buy By Interiors online at A+R",
  "price": null,
  "currency": "USD",
  "type": "physical",
  "delivery": "shipment",
  "date_created": "2024-04-03T15:46:12.927Z",
  "stock_status": null,
  "date_updated": "2024-04-03T15:46:13.470Z",
  "prices": [],
  "purchase_options": {
    "standard": {
      "active": true,
      "price": null,
      "prices": []
    }
  },
  "images": [
    {
      "file": {
        "id": "660d79c5dea85b0012cc0c60",
        "date_uploaded": "2024-04-03T15:46:13.269Z",
        "length": 6628,
        "md5": "bece618811460323cc6cc1383038325e",
        "filename": "Black_44c76cc3-1de9-4028-8d12-82e3a9bf5efd.jpg?v=1620976681",
        "content_type": "image/jpeg",
        "url": "https://cdn.swell.store/b2sdemo_test/660d79c5dea85b0012cc0c60/bece618811460323cc6cc1383038325e/Black_44c76cc3-1de9-4028-8d12-82e3a9bf5efd.jpg%3Fv%3D1620976681",
        "uploaded_url": "https://cdn.shopify.com/s/files/1/0012/2005/1002/products/Black_44c76cc3-1de9-4028-8d12-82e3a9bf5efd.jpg?v=1620976681",
        "width": 192,
        "height": 192
      },
      "id": "660d79c5d406000012ba4022"
    }
  ],
  "id": "660d79c42a1fa5001173e8ea",
  "variants": {
    "count": 0,
    "page_count": 1,
    "page": 1,
    "results": []
  },
  "filename": "by-interiors-leather-int"
}