{
  "slug": "elmo-elmo-nordic",
  "name": "Elmo Nordic",
  "description": "<p>Lightfastness: 6, Thickness: 1.3 - 1.5 mm</p>",
  "sku": "ELM-NOR-105",
  "active": true,
  "meta_title": "Elmo Nordic | Buy Elmo online at A+R",
  "price": null,
  "currency": "USD",
  "type": "physical",
  "delivery": "shipment",
  "date_created": "2024-04-03T15:45:26.225Z",
  "stock_status": null,
  "date_updated": "2024-04-03T15:45:29.072Z",
  "prices": [],
  "purchase_options": {
    "standard": {
      "active": true,
      "price": null,
      "prices": []
    }
  },
  "images": [
    {
      "file": {
        "id": "660d79984974d6001242af70",
        "date_uploaded": "2024-04-03T15:45:28.790Z",
        "length": 1188,
        "md5": "e514164e500b47375fc768e8ed3b25d1",
        "filename": "ElmonordicIV_00105-150x150_1.jpg?v=1621929654",
        "content_type": "image/jpeg",
        "url": "https://cdn.swell.store/b2sdemo_test/660d79984974d6001242af70/e514164e500b47375fc768e8ed3b25d1/ElmonordicIV_00105-150x150_1.jpg%3Fv%3D1621929654",
        "uploaded_url": "https://cdn.shopify.com/s/files/1/0012/2005/1002/products/ElmonordicIV_00105-150x150_1.jpg?v=1621929654",
        "width": 192,
        "height": 192
      },
      "id": "660d799904970100120eefbd"
    }
  ],
  "id": "660d799602c4020012594320",
  "variants": {
    "count": 0,
    "page_count": 1,
    "page": 1,
    "results": []
  },
  "filename": "elmo-elmo-nordic"
}