{
  "slug": "ferm-living-the-park-cushion",
  "name": "The Park cushion",
  "description": "<h2>Description</h2>\n<!-- split -->\n<p class=\"lead\"> </p>\n<!-- split -->\n<h2>Specification</h2>\n<!-- split -->\n<h4>Size</h4>\n<p>15.7\" h x 23.6\" w (40x60cm)</p>\n<h4>Material</h4>\n<p>100% GOTS-certified organic cotton cover, embroidery, feather, down filling</p>",
  "sku": "FL-1104263363",
  "active": true,
  "meta_title": "The Park cushion | Buy Ferm Living online at A+R",
  "price": 45,
  "currency": "USD",
  "type": "physical",
  "delivery": "shipment",
  "date_created": "2024-04-03T15:48:06.443Z",
  "stock_status": null,
  "date_updated": "2024-04-03T15:48:06.562Z",
  "prices": [],
  "purchase_options": {
    "standard": {
      "active": true,
      "price": 45,
      "prices": []
    }
  },
  "id": "660d7a36c7e955001277e603",
  "variants": {
    "count": 0,
    "page_count": 1,
    "page": 1,
    "results": []
  },
  "filename": "ferm-living-the-park-cushion"
}