{
  "slug": "ferm-living-mingle-table-rectangular-steel-legs",
  "name": "Mingle Table: Rectangular + Steel Legs",
  "description": "<h2>Description</h2>\n<!-- split -->\n<p class=\"lead\">Ferm Living's signature dining table with its V-shaped trestle base adds a rectangular version in a range of sizes to anchor dining rooms small and large. In black powder-coated or chrome-finish, the slender steel structure has an airy, expansive dimension. With the tabletop in either sustainably selected oak veneers in natural dark and black-stained variations or a selection of linoleum hues, Mingle offers a completely customized look.</p>\n<!-- split -->\n<h2>Specifications</h2>\n<!-- split -->\n<h4>Size</h4>\n<ul>\n<li>Small: 28\" h x 53.1\" w x 25.6\" d (71x135x65cm)</li>\n<li>Medium: 28\" h x 63\" w x 35.4\" d (71x160x90cm)</li>\n<li>Large: 28\" h x 82.7\" w x 35.4\" d (71x210x90cm)</li>\n</ul>\n<h4>Material</h4>\n<p>Oak veneer, chrome</p>",
  "sku": "FL-9822/9834",
  "active": true,
  "meta_title": "Mingle Table: Rectangular + Steel Legs | Buy Ferm Living online at A+R",
  "price": 852,
  "currency": "USD",
  "type": "physical",
  "delivery": "shipment",
  "date_created": "2024-04-03T15:45:58.682Z",
  "stock_status": null,
  "date_updated": "2024-04-03T15:45:59.006Z",
  "prices": [],
  "purchase_options": {
    "standard": {
      "active": true,
      "price": 852,
      "prices": []
    }
  },
  "images": [
    {
      "file": {
        "id": "660d79b6d8e0560012e2986f",
        "date_uploaded": "2024-04-03T15:45:58.910Z",
        "length": 64188,
        "md5": "7a26ca8f9504b79bf0311c8fb17e73a6",
        "filename": "MingledeskSmall-68-9816_A_e9d6137a-e533-4364-a8b6-bfbc18816d21.jpg?v=1633332104",
        "content_type": "image/jpeg",
        "url": "https://cdn.swell.store/b2sdemo_test/660d79b6d8e0560012e2986f/7a26ca8f9504b79bf0311c8fb17e73a6/MingledeskSmall-68-9816_A_e9d6137a-e533-4364-a8b6-bfbc18816d21.jpg%3Fv%3D1633332104",
        "uploaded_url": "https://cdn.shopify.com/s/files/1/0012/2005/1002/products/MingledeskSmall-68-9816_A_e9d6137a-e533-4364-a8b6-bfbc18816d21.jpg?v=1633332104",
        "width": 2000,
        "height": 2000
      },
      "id": "660d79b7f0952100120f5abf"
    }
  ],
  "id": "660d79b6f47eef0012a1bb60",
  "variants": {
    "count": 0,
    "page_count": 1,
    "page": 1,
    "results": []
  },
  "filename": "ferm-living-mingle-table-rectangular-steel-legs"
}