{
  "slug": "ferm-living-arum-wall-lamp",
  "name": "Arum Wall Lamp",
  "description": "<h2>Description</h2>\n<!-- split -->\n<p class=\"lead\">Ferm Living extends its Arum collection to include a wall lamp with the characteristic leaf-like shade suspended from a curved metal arch. Powder-coated to match the iron structure, the aluminum lampshade features a matte, off-white interior to provide soft, even illumination and it can be adjusted to ensure the best light direction. A welcome space-saver at bedside or near a comfortable reading chair, the lamp is delivered with a wall bracket for easy mounting.</p>\n<!-- split -->\n<h2>Specifications</h2>\n<!-- split -->\n<h4>Size</h4>\n<ul>\n<li>Short: 18.5\" h x 10.2\" w x 17.3\" d (47x26x44cm)</li>\n<li>Tall: 50\" h x 10.2\" w x 17.3\" d (127x26x44cm)</li>\n<li>Cable length: 102.4\" (260cm)</li>\n</ul>\n<h4>Material</h4>\n<p>Powder-coated iron, aluminum</p>\n<h4>Technical</h4>\n<ul>\n<li>UL listed</li>\n<li>E12, E14 LED</li>\n<li>Bulb not included</li>\n</ul>",
  "sku": "FL-1104266329",
  "active": true,
  "meta_title": "Arum Wall Lamp | Buy Ferm Living online at A+R",
  "price": 203,
  "currency": "USD",
  "type": "physical",
  "delivery": "shipment",
  "date_created": "2024-04-03T15:46:28.079Z",
  "stock_status": null,
  "date_updated": "2024-04-03T15:46:29.131Z",
  "prices": [],
  "purchase_options": {
    "standard": {
      "active": true,
      "price": 203,
      "prices": []
    }
  },
  "images": [
    {
      "file": {
        "id": "660d79d596aae300122efebe",
        "date_uploaded": "2024-04-03T15:46:29.051Z",
        "length": 88084,
        "md5": "b2fd9351e93e7f186ce3ffaadf82e433",
        "filename": "fermLIVING_AW22_ArumSwivelWallLampTall_Cashmere_1104266356_1104266360_pack_2.jpg?v=1706170995",
        "content_type": "image/jpeg",
        "url": "https://cdn.swell.store/b2sdemo_test/660d79d596aae300122efebe/b2fd9351e93e7f186ce3ffaadf82e433/fermLIVING_AW22_ArumSwivelWallLampTall_Cashmere_1104266356_1104266360_pack_2.jpg%3Fv%3D1706170995",
        "uploaded_url": "https://cdn.shopify.com/s/files/1/0012/2005/1002/files/fermLIVING_AW22_ArumSwivelWallLampTall_Cashmere_1104266356_1104266360_pack_2.jpg?v=1706170995",
        "width": 3500,
        "height": 3500
      },
      "id": "660d79d5d406000012ba4096"
    }
  ],
  "id": "660d79d4ad75db0013047e8e",
  "variants": {
    "count": 0,
    "page_count": 1,
    "page": 1,
    "results": []
  },
  "filename": "ferm-living-arum-wall-lamp"
}