{
  "slug": "ferm-living-still-glasses-set-of-2",
  "name": "Still Glasses: Set Of 2",
  "description": "<h2>Description</h2>\n<!-- split -->\n<p class=\"lead\"> </p>\n<!-- split -->\n<h2>Specification</h2>\n<!-- split -->\n<h4>Size</h4>\n<p>3.7\" h x 3\" dia (9.5x7.7cm)</p>\n<h4>Material</h4>\n<p>Mouth-blown heat resistant glass</p>",
  "sku": "FL-110231211",
  "active": true,
  "meta_title": "Still Glasses: Set Of 2 | Buy Ferm Living online at A+R",
  "price": 18,
  "currency": "USD",
  "type": "physical",
  "delivery": "shipment",
  "date_created": "2024-04-03T15:48:08.852Z",
  "stock_status": null,
  "date_updated": "2024-04-03T15:48:08.930Z",
  "prices": [],
  "purchase_options": {
    "standard": {
      "active": true,
      "price": 18,
      "prices": []
    }
  },
  "id": "660d7a3852715700129aceeb",
  "variants": {
    "count": 0,
    "page_count": 1,
    "page": 1,
    "results": []
  },
  "filename": "ferm-living-still-glasses-set-of-2"
}