{
  "slug": "ferm-living-pouf-oval",
  "name": "Pouf Oval",
  "description": "<h2>Description</h2>\n<!-- split -->\n<p class=\"lead\">Pouf Oval doubles up on style with 2 softly rounded forms that emphasize its modern look and geometric expression. Ferm Living’s versatile piece is available with a choice of premium upholstery colorways, in either a Hot Madison cotton-linen or a Tonus by Kvadrat wool selection to perfectly suit the sanctuary called home.</p>\n<!-- split -->\n<h2>Specifications</h2>\n<!-- split -->\n<h4>Size</h4>\n<p>17.7\" h x 34.3\" w x 18.7\" d (45x87x47.5cm)</p>\n<h4>Material</h4>\n<p>Velvet, acrylic, polyester, viscose</p>",
  "sku": "FL-1104264763",
  "active": true,
  "meta_title": "Pouf Oval | Buy Ferm Living online at A+R",
  "price": 538,
  "currency": "USD",
  "type": "physical",
  "delivery": "shipment",
  "date_created": "2024-04-03T15:48:18.214Z",
  "stock_status": null,
  "date_updated": "2024-04-03T15:48:23.085Z",
  "prices": [],
  "purchase_options": {
    "standard": {
      "active": true,
      "price": 538,
      "prices": []
    }
  },
  "images": [
    {
      "file": {
        "id": "660d7a4296aae300122f001c",
        "date_uploaded": "2024-04-03T15:48:18.718Z",
        "length": 386324,
        "md5": "b7b5a67f02039fcfe5b6bd41fa876a65",
        "filename": "fermLIVING_SS19_PoufOval_FadedVelvet_Forest_100227669_1.jpg?v=1698929849",
        "content_type": "image/jpeg",
        "url": "https://cdn.swell.store/b2sdemo_test/660d7a4296aae300122f001c/b7b5a67f02039fcfe5b6bd41fa876a65/fermLIVING_SS19_PoufOval_FadedVelvet_Forest_100227669_1.jpg%3Fv%3D1698929849",
        "uploaded_url": "https://cdn.shopify.com/s/files/1/0012/2005/1002/files/fermLIVING_SS19_PoufOval_FadedVelvet_Forest_100227669_1.jpg?v=1698929849",
        "width": 3000,
        "height": 3000
      },
      "id": "660d7a47d6fac000129ef94e"
    }
  ],
  "id": "660d7a42afd4b400121805ab",
  "variants": {
    "count": 0,
    "page_count": 1,
    "page": 1,
    "results": []
  },
  "filename": "ferm-living-pouf-oval"
}