{
  "slug": "karakter-cache-console-table",
  "name": "Cache Console Table",
  "description": "<h2>Description</h2>\n<!-- split -->\n<p class=\"lead\">The foundation of his Cache series, midcentury design icon Paul McCobb's stripped-down worktable pairs an expansive wood surface with  slim, straight steel legs, free from any superfluous details. Cache adds only 2 small drawers for bits and bobs that can be mounted individually or grouped on either side. With a lacquered tabletop in oak veneer and powder-coated framework, the sleek and unadorned desk also offers an optional organizer with the same look (also at A+R).</p>\n<!-- split -->\n<h2>Specifications</h2>\n<!-- split -->\n<h4>Size</h4>\n<p>28.3\" h x 59.8\" w x 22\" d (72x152x56cm)</p>\n<h4>Material</h4>\n<p>Powder-coated steel, oak veneer</p>",
  "sku": "KAR-CACHE-201184",
  "active": true,
  "meta_title": "Cache Console Table | Buy Karakter online at A+R",
  "price": 1298,
  "currency": "USD",
  "type": "physical",
  "delivery": "shipment",
  "date_created": "2024-04-03T15:50:45.825Z",
  "stock_status": null,
  "date_updated": "2024-04-03T15:50:47.246Z",
  "prices": [],
  "purchase_options": {
    "standard": {
      "active": true,
      "price": 1298,
      "prices": []
    }
  },
  "images": [
    {
      "file": {
        "id": "660d7ad7b54c690012108fae",
        "date_uploaded": "2024-04-03T15:50:47.152Z",
        "length": 274480,
        "md5": "8fa11136be83eff2de9b5e53a4c2033e",
        "filename": "CacheConsolePack01_4653ef3d-8ca6-4ed0-8d59-25d6f1b258f8.jpg?v=1678793943",
        "content_type": "image/jpeg",
        "url": "https://cdn.swell.store/b2sdemo_test/660d7ad7b54c690012108fae/8fa11136be83eff2de9b5e53a4c2033e/CacheConsolePack01_4653ef3d-8ca6-4ed0-8d59-25d6f1b258f8.jpg%3Fv%3D1678793943",
        "uploaded_url": "https://cdn.shopify.com/s/files/1/0012/2005/1002/products/CacheConsolePack01_4653ef3d-8ca6-4ed0-8d59-25d6f1b258f8.jpg?v=1678793943",
        "width": 4000,
        "height": 4000
      },
      "id": "660d7ad7fa9b03001262e660"
    }
  ],
  "id": "660d7ad593607e00127d72bf",
  "variants": {
    "count": 0,
    "page_count": 1,
    "page": 1,
    "results": []
  },
  "filename": "karakter-cache-console-table"
}