{
  "slug": "karakter-coffee-table",
  "name": "Coffee Table",
  "description": "<h2>Description</h2>\n<!-- split -->\n<p class=\"lead\">It’s a wrap for Dutch artist and designer Aldo Bakker. His occasional table consists of a single sheet of steel rolled in one smooth motion into a self-supporting construction. Merging a verdant green color, an industrial material and swirling form, Coffee Table offers sculptural pop to any settting as well as a perch for a beverage or a book.</p>\n<!-- split -->\n<h2>Specifications</h2>\n<!-- split -->\n<h4>Size</h4>\n<p>15.7\" h x 12.6\" w (40x32cm)</p>\n<h4>Material</h4>\n<p>Steel</p>",
  "sku": "KAR-200496",
  "active": true,
  "meta_title": "Coffee Table | Buy Karakter online at A+R",
  "price": 1348,
  "currency": "USD",
  "type": "physical",
  "delivery": "shipment",
  "date_created": "2024-04-03T15:50:36.412Z",
  "stock_status": null,
  "date_updated": "2024-04-03T15:50:37.384Z",
  "prices": [],
  "purchase_options": {
    "standard": {
      "active": true,
      "price": 1348,
      "prices": []
    }
  },
  "images": [
    {
      "file": {
        "id": "660d7acd7554440012ea08ae",
        "date_uploaded": "2024-04-03T15:50:37.285Z",
        "length": 135956,
        "md5": "76010c4f868da51e3b8935f4cea5ec18",
        "filename": "Coffee_Table_Green_Pack_01.jpg?v=1683725965",
        "content_type": "image/jpeg",
        "url": "https://cdn.swell.store/b2sdemo_test/660d7acd7554440012ea08ae/76010c4f868da51e3b8935f4cea5ec18/Coffee_Table_Green_Pack_01.jpg%3Fv%3D1683725965",
        "uploaded_url": "https://cdn.shopify.com/s/files/1/0012/2005/1002/files/Coffee_Table_Green_Pack_01.jpg?v=1683725965",
        "width": 3000,
        "height": 3000
      },
      "id": "660d7acdfa71d90012ddb52c"
    }
  ],
  "id": "660d7accdae0b300122e3f6d",
  "variants": {
    "count": 0,
    "page_count": 1,
    "page": 1,
    "results": []
  },
  "filename": "karakter-coffee-table"
}