{
  "slug": "lambert-fils-laurent-17-suspension-lamp",
  "name": "Laurent 17 Suspension Lamp",
  "description": "<h2>Description</h2>\n<!-- split -->\n<p class=\"lead\">Spanning an astonishing 14 feet, Laurent 17 provides an expansive crescendo to the collection of glowing milk glass globes set in thin architectural metal forms. Juxtaposing the stair-step models 05 and 06, the V-shaped 02 and flat-plane 03 and 07, the fixture glows with an array of LED lights diffused by handblown opaline globes. Lambert &amp; Filsâ€™ capstone effort is available in brass, nickel-plate or powder-coated colored aluminum and is handmade in Montreal.   </p>\n<!-- split -->\n<h2>Specifications</h2>\n<!-- split -->\n<h4>Size</h4>\n<ul>\n<li>28\" h x 168.1\" w x 7.9\" d (71x427x20cm)</li>\n<li>Shade: 5.5\" dia (14cm)</li>\n<li>Canopy: 2\" h (5cm)</li>\n</ul>\n<h4>Material</h4>\n<p>Powder-coated aluminum or nickel plated steel, polished brass, handblown opaline glass globe, polyester</p>\n<h4>Technical</h4>\n<ul>\n<li>UL Listed</li>\n<li>G9</li>\n<li>Color temperature: 2700K, 3000K</li>\n<li>Dimmable</li>\n<li>Bulb included</li>\n</ul>",
  "sku": "LAM-LRT17BKBKBKBK",
  "active": true,
  "meta_title": "Laurent 17 Suspension Lamp | Buy Lambert & Fils online at A+R",
  "price": 6963,
  "currency": "USD",
  "type": "physical",
  "delivery": "shipment",
  "date_created": "2024-04-03T15:53:40.115Z",
  "stock_status": null,
  "date_updated": "2024-04-03T15:53:41.066Z",
  "prices": [],
  "purchase_options": {
    "standard": {
      "active": true,
      "price": 6963,
      "prices": []
    }
  },
  "images": [
    {
      "file": {
        "id": "660d7b84dae0b300122e41bd",
        "date_uploaded": "2024-04-03T15:53:40.928Z",
        "length": 202304,
        "md5": "626f6b74d77fd271500ec6d782036622",
        "filename": "LRT17BLBLBL_2Finall.jpg?v=1618376652",
        "content_type": "image/jpeg",
        "url": "https://cdn.swell.store/b2sdemo_test/660d7b84dae0b300122e41bd/626f6b74d77fd271500ec6d782036622/LRT17BLBLBL_2Finall.jpg%3Fv%3D1618376652",
        "uploaded_url": "https://cdn.shopify.com/s/files/1/0012/2005/1002/products/LRT17BLBLBL_2Finall.jpg?v=1618376652",
        "width": 3500,
        "height": 3500
      },
      "id": "660d7b85defd8a001263d21c"
    }
  ],
  "id": "660d7b84f1f9e600129fe31f",
  "variants": {
    "count": 0,
    "page_count": 1,
    "page": 1,
    "results": []
  },
  "filename": "lambert-fils-laurent-17-suspension-lamp"
}