{
  "slug": "massproductions-odette-square-dining-table-metal-top",
  "name": "Odette Square Dining Table: Metal Top",
  "description": "<h2>Description</h2>\n<!-- split -->\n<p class=\"lead\">The square-topped model of Massproductions’ pedestal table offers the series’ characteristic range of options. Tabletops are available in high-pressure laminate with a lacquered edge or in sumptuous matte Carrara marble as well as the standard indoor-outdoor metal version offered in 9 colors. Designer Chris Martin, co-founder of the Swedish brand, arrives at beautifully balanced proportions for this sturdy, contract-grade table. </p>\n<!-- split -->\n<h2>Specifications</h2>\n<!-- split -->\n<h4>Size</h4>\n<ul>\n<li>High: 28.3\" h x 27.6\" w x 27.6\" d (72x70x70cm)</li>\n<li>Low: 28.3\" h x 23.6\" w x 23.6\" d (72x60x60cm)</li>\n<ul>\n<li>Small Base: 16.9\" dia (43cm)</li>\n<li>Medium Base: 19.3\" dia (49cm)</li>\n<li>Large Base: 21.3\" dia (54cm)</li>\n</ul>\n</ul>\n<h4>Material</h4>\n<p>Powder-coated metal</p>",
  "sku": "MASS-SC-06-01-00/SC-110-01-00",
  "active": true,
  "meta_title": "Odette Square Dining Table: Metal Top | Buy Massproductions online at A+R",
  "price": null,
  "currency": "USD",
  "type": "physical",
  "delivery": "shipment",
  "date_created": "2024-04-03T15:45:17.419Z",
  "stock_status": null,
  "date_updated": "2024-04-03T15:45:17.998Z",
  "prices": [],
  "purchase_options": {
    "standard": {
      "active": true,
      "price": null,
      "prices": []
    }
  },
  "images": [
    {
      "file": {
        "id": "660d798d0c3c45001217d963",
        "date_uploaded": "2024-04-03T15:45:17.906Z",
        "length": 34340,
        "md5": "151159e5d6c54fe62f001eb6591d7fc2",
        "filename": "Odette-Dining-02-w1_1Small_1_05080ce1-b9c8-4839-9c31-f4ac3e8aee41.jpg?v=1666005304",
        "content_type": "image/jpeg",
        "url": "https://cdn.swell.store/b2sdemo_test/660d798d0c3c45001217d963/151159e5d6c54fe62f001eb6591d7fc2/Odette-Dining-02-w1_1Small_1_05080ce1-b9c8-4839-9c31-f4ac3e8aee41.jpg%3Fv%3D1666005304",
        "uploaded_url": "https://cdn.shopify.com/s/files/1/0012/2005/1002/products/Odette-Dining-02-w1_1Small_1_05080ce1-b9c8-4839-9c31-f4ac3e8aee41.jpg?v=1666005304",
        "width": 1200,
        "height": 1200
      },
      "id": "660d798d0c3c45001217d967"
    }
  ],
  "id": "660d798da8c8430012ccad5a",
  "variants": {
    "count": 0,
    "page_count": 1,
    "page": 1,
    "results": []
  },
  "filename": "massproductions-odette-square-dining-table-metal-top"
}