{
  "slug": "skagerak-atlantis-outdoor-umbrella-striped",
  "name": "Atlantis Outdoor Umbrella: Striped",
  "description": "<h2>Description</h2>\n<!-- split -->\n<p class=\"lead\">A vividly striped sun umbrella is a happy harbinger of summer but Skagerak's beautifully crafted version promises hard-wearing utility as well. The water and dirt repellant fabric has also been leather-reinforced to enhance its strength and a double-pulley system makes the umbrella easy to fold up. Crafted in FSC-certified timber, the wooden pole is metal-reinforced at the bottom to protect against wear and scratches from being placed in a stand.   </p>\n<!-- split -->\n<h2>Specifications</h2>\n<!-- split -->\n<h4>Size</h4>\n<ul>\n<li>108.3\" h x 129.9\" dia (275x330cm)</li>\n<li>Pole: 1.9\" dia (4.8cm)</li>\n<li>Base: 17.7\" h x 23.6\" dia (45x60cm)</li>\n</ul>\n<h4>Material</h4>\n<p><span>Lacquered kapur, plastic, stainless steel, metal</span></p>\n<h4>Details</h4>\n<p>Water and dirt repellant</p>",
  "sku": "SKAG-1910091",
  "active": true,
  "meta_title": "Atlantis Outdoor Umbrella: Striped | Buy Skagerak by Fritz Hansen online at A+R",
  "price": 818,
  "currency": "USD",
  "type": "physical",
  "delivery": "shipment",
  "date_created": "2024-04-03T15:51:13.441Z",
  "stock_status": null,
  "date_updated": "2024-04-03T15:51:14.617Z",
  "prices": [],
  "purchase_options": {
    "standard": {
      "active": true,
      "price": 818,
      "prices": []
    }
  },
  "images": [
    {
      "file": {
        "id": "660d7af2f1f9e600129fe1c6",
        "date_uploaded": "2024-04-03T15:51:14.535Z",
        "length": 747356,
        "md5": "e503b4432f89d966ef0e1bde774e1203",
        "filename": "LargeDarkBlueStripes_portraitcopy.jpg?v=1682060057",
        "content_type": "image/jpeg",
        "url": "https://cdn.swell.store/b2sdemo_test/660d7af2f1f9e600129fe1c6/e503b4432f89d966ef0e1bde774e1203/LargeDarkBlueStripes_portraitcopy.jpg%3Fv%3D1682060057",
        "uploaded_url": "https://cdn.shopify.com/s/files/1/0012/2005/1002/products/LargeDarkBlueStripes_portraitcopy.jpg?v=1682060057",
        "width": 2500,
        "height": 2500
      },
      "id": "660d7af2f6775c0012b585bd"
    }
  ],
  "id": "660d7af1d406000012ba489c",
  "variants": {
    "count": 0,
    "page_count": 1,
    "page": 1,
    "results": []
  },
  "filename": "skagerak-atlantis-outdoor-umbrella-striped"
}