{
  "slug": "sp01-palermo-sp01",
  "name": "Palermo(Sp01)",
  "description": "<p>Composition: 56%Viscose (Rayon), 20%Cotton, 24%Flax / Linen, Durability: 54.000 Martindale </p>",
  "sku": "02L0021",
  "active": true,
  "meta_title": "Palermo(Sp01) | Buy Sp01 Fabrics online at A+R",
  "price": null,
  "currency": "USD",
  "type": "physical",
  "delivery": "shipment",
  "date_created": "2024-04-03T15:51:02.800Z",
  "stock_status": null,
  "date_updated": "2024-04-03T15:51:03.289Z",
  "prices": [],
  "purchase_options": {
    "standard": {
      "active": true,
      "price": null,
      "prices": []
    }
  },
  "images": [
    {
      "file": {
        "id": "660d7ae793607e00127d72f8",
        "date_uploaded": "2024-04-03T15:51:03.132Z",
        "length": 12012,
        "md5": "30fc8aec9af8563b0bcdf82ec67c5cb5",
        "filename": "Palermo-black-white.jpg?v=1618992728",
        "content_type": "image/jpeg",
        "url": "https://cdn.swell.store/b2sdemo_test/660d7ae793607e00127d72f8/30fc8aec9af8563b0bcdf82ec67c5cb5/Palermo-black-white.jpg%3Fv%3D1618992728",
        "uploaded_url": "https://cdn.shopify.com/s/files/1/0012/2005/1002/products/Palermo-black-white.jpg?v=1618992728",
        "width": 192,
        "height": 192
      },
      "id": "660d7ae76148c40012ae8957"
    }
  ],
  "id": "660d7ae6afd4b4001218076f",
  "variants": {
    "count": 0,
    "page_count": 1,
    "page": 1,
    "results": []
  },
  "filename": "sp01-palermo-sp01"
}