{
  "slug": "sp01-edinburgh-sp01",
  "name": "Edinburgh(Sp01)",
  "description": "<p>Composition: Slightly Corrected and Printed Grain Aniline Leather, Thickness: 1.3-1.5mm </p>",
  "sku": "11R0003",
  "active": true,
  "meta_title": "Edinburgh(Sp01) | Buy Sp01 Fabrics online at A+R",
  "price": null,
  "currency": "USD",
  "type": "physical",
  "delivery": "shipment",
  "date_created": "2024-04-03T15:50:53.568Z",
  "stock_status": null,
  "date_updated": "2024-04-03T15:50:53.947Z",
  "prices": [],
  "purchase_options": {
    "standard": {
      "active": true,
      "price": null,
      "prices": []
    }
  },
  "images": [
    {
      "file": {
        "id": "660d7addf0952100120f5dca",
        "date_uploaded": "2024-04-03T15:50:53.862Z",
        "length": 4400,
        "md5": "c4df1253d51405f8a678894cdd1dc9d8",
        "filename": "Edin-oxblood.jpg?v=1619002611",
        "content_type": "image/jpeg",
        "url": "https://cdn.swell.store/b2sdemo_test/660d7addf0952100120f5dca/c4df1253d51405f8a678894cdd1dc9d8/Edin-oxblood.jpg%3Fv%3D1619002611",
        "uploaded_url": "https://cdn.shopify.com/s/files/1/0012/2005/1002/products/Edin-oxblood.jpg?v=1619002611",
        "width": 192,
        "height": 192
      },
      "id": "660d7add96aae300122f0261"
    }
  ],
  "id": "660d7add04970100120ef380",
  "variants": {
    "count": 0,
    "page_count": 1,
    "page": 1,
    "results": []
  },
  "filename": "sp01-edinburgh-sp01"
}