{
  "slug": "a-n-d-pipeline-2-chandelier",
  "name": "Pipeline 2 Chandelier",
  "description": "<h2>Description</h2>\n<!-- split -->\n<p class=\"\">Ascending in size, Pipeline 2 enlarges the carousel-like template with 8 well-spaced linear elements in a single tier. Cinched by metal hoops, the ring of LED-integrated lights conceived by A-N-D cofounder and designer Caine Heintzman is available in either horizontal or vertical models with a choice of color temperatures and fine metal finishes..</p>\n<!-- split -->\n<h2>Specifications</h2>\n<!-- split -->\n<h4>Size</h4>\n<ul>\n<li>Shade: 16.5\" h x 30.1\" dia (42x76.5cm)</li>\n<li>Canopy: 1.6\" h x 27.2\" dia (4x69cm)</li>\n<li>Maximum drop length: 370.1\" (940cm)</li>\n</ul>\n<h4>Material</h4>\n<p>Metal, aluminum, acrylic</p>\n<h4>Technical</h4>\n<ul>\n<li>UL listed</li>\n<li>Color temperature: 1800K - 3000K</li>\n<li>Dimmable</li>\n<li>Intergrated LED</li>\n</ul>\n<h4>Details</h4>\n<p>Made in Canada</p>",
  "sku": "ANDL-PIP-CHA-2-P-BK-BK",
  "active": true,
  "meta_title": "Pipeline 2 Chandelier | Buy A-N-D online at A+R",
  "price": 4198,
  "currency": "USD",
  "type": "physical",
  "delivery": "shipment",
  "date_created": "2024-04-03T15:44:55.807Z",
  "stock_status": null,
  "date_updated": "2024-04-03T15:44:56.477Z",
  "prices": [],
  "purchase_options": {
    "standard": {
      "active": true,
      "price": 4198,
      "prices": []
    }
  },
  "images": [
    {
      "file": {
        "id": "660d797844e8b400124fe352",
        "date_uploaded": "2024-04-03T15:44:56.361Z",
        "length": 181136,
        "md5": "7a121333e8e8389accd166d3039a90eb",
        "filename": "PIPELINE-40---D60-VERTICAL---BRASSw.jpg?v=1699094935",
        "content_type": "image/jpeg",
        "url": "https://cdn.swell.store/b2sdemo_test/660d797844e8b400124fe352/7a121333e8e8389accd166d3039a90eb/PIPELINE-40---D60-VERTICAL---BRASSw.jpg%3Fv%3D1699094935",
        "uploaded_url": "https://cdn.shopify.com/s/files/1/0012/2005/1002/files/PIPELINE-40---D60-VERTICAL---BRASSw.jpg?v=1699094935",
        "width": 2000,
        "height": 2000
      },
      "id": "660d7978fa71d90012ddb166"
    }
  ],
  "id": "660d7977d406000012ba3e58",
  "variants": {
    "count": 0,
    "page_count": 1,
    "page": 1,
    "results": []
  },
  "filename": "a-n-d-pipeline-2-chandelier"
}