{
  "slug": "a-n-d-pipeline-8-chandelier",
  "name": "Pipeline 8 Chandelier",
  "description": "<h2>Description</h2>\n<!-- split -->\n<p class=\"lead\">With a diameter of more than 3 feet and displaying 21 of the series' vertical LED elements, Pipeline 8 makes a grand impression. A-N-D cofounder and designer Caine Heintzman's double-tier construction radiates its illuminated glow in a choice of color-temperature models, with the carousel arrangement bound by metal hoops in a range of metal finishes.</p>\n<!-- split -->\n<h2>Specifications</h2>\n<!-- split -->\n<h4>Size</h4>\n<ul>\n<li>Shade: 30.9\" h x 40\" dia (78.5x101.5cm)</li>\n<li>Canopy: 1.6\" h x 37.8\" dia (4x96cm)</li>\n<li>Maximum drop length: 370.1\" (940cm)</li>\n</ul>\n<h4>Material</h4>\n<p>Metal, aluminum, acrylic</p>\n<h4>Technical</h4>\n<ul>\n<li>UL listed</li>\n<li>Color temperature: 1800K - 3000K</li>\n<li>Dimmable</li>\n<li>Intergrated LED</li>\n</ul>\n<h4>Details</h4>\n<p>Made in Canada</p>",
  "sku": "ANDL-PIP-CHA-8-P-BK-BK",
  "active": true,
  "meta_title": "Pipeline 8 Chandelier | Buy A-N-D online at A+R",
  "price": 9713,
  "currency": "USD",
  "type": "physical",
  "delivery": "shipment",
  "date_created": "2024-04-03T15:44:45.373Z",
  "stock_status": null,
  "date_updated": "2024-04-03T15:44:46.854Z",
  "prices": [],
  "purchase_options": {
    "standard": {
      "active": true,
      "price": 9713,
      "prices": []
    }
  },
  "images": [
    {
      "file": {
        "id": "660d796ef3ab960012ce960d",
        "date_uploaded": "2024-04-03T15:44:46.595Z",
        "length": 430548,
        "md5": "cc6e8895dff1d2d43e575b7f088f6a72",
        "filename": "PIPELINECOMBINATION2-Black.jpg?v=1687165987",
        "content_type": "image/jpeg",
        "url": "https://cdn.swell.store/b2sdemo_test/660d796ef3ab960012ce960d/cc6e8895dff1d2d43e575b7f088f6a72/PIPELINECOMBINATION2-Black.jpg%3Fv%3D1687165987",
        "uploaded_url": "https://cdn.shopify.com/s/files/1/0012/2005/1002/files/PIPELINECOMBINATION2-Black.jpg?v=1687165987",
        "width": 3000,
        "height": 3000
      },
      "id": "660d796e52715700129acc7e"
    }
  ],
  "id": "660d796dad75db0013047d3d",
  "variants": {
    "count": 0,
    "page_count": 1,
    "page": 1,
    "results": []
  },
  "filename": "a-n-d-pipeline-8-chandelier"
}