{
  "slug": "by-interiors-tee-table-extra-large",
  "name": "Tee Table: Extra Large",
  "description": "<h2>Description</h2>\n<!-- split -->\n<p class=\"lead\">Japanese designer Tomoya Tabuchi proves his Tee Table’s unique engineering extends to even a wondrous extra-large version. An ultra-thin tabletop panel of honeycomb aluminum provides all the necessary strength, resting on slim metal legs without any extraneous bracing. Surfaced in either laminate or a choice of wood veneers, the lightweight but sturdy table from Tokyo modernist maker By Interiors has been singled out with the Good Design Award, one of Japan’s top honors. <br data-mce-fragment=\"1\"></p>\n<!-- split -->\n<h2>Specifications</h2>\n<!-- split -->\n<h4>Size</h4>\n<p>28.3\" x 118.1\" d x 35.4\" h (72x300x90cm)</p>\n<h4>Material</h4>\n<p>Aluminum honeycomb panel, <span data-mce-fragment=\"1\">powder-coated steel</span></p>\n<h4><span data-mce-fragment=\"1\">Details</span></h4>\n<p><span data-mce-fragment=\"1\">Made in Japan</span></p>",
  "sku": "BYI-TEE-TBL-XL-WHI-WHI",
  "active": true,
  "meta_title": "Tee Table: Extra Large | Buy By Interiors online at A+R",
  "price": 3090,
  "currency": "USD",
  "type": "physical",
  "delivery": "shipment",
  "date_created": "2024-04-03T15:47:34.670Z",
  "stock_status": null,
  "date_updated": "2024-04-03T15:47:35.413Z",
  "prices": [],
  "purchase_options": {
    "standard": {
      "active": true,
      "price": 3090,
      "prices": []
    }
  },
  "images": [
    {
      "file": {
        "id": "660d7a175a773b0012c39a93",
        "date_uploaded": "2024-04-03T15:47:35.218Z",
        "length": 50188,
        "md5": "93153622d32dfb4727bf044414df05be",
        "filename": "White_bd28a1cb-00f6-484f-aea8-a9157ae98188.jpg?v=1644240315",
        "content_type": "image/jpeg",
        "url": "https://cdn.swell.store/b2sdemo_test/660d7a175a773b0012c39a93/93153622d32dfb4727bf044414df05be/White_bd28a1cb-00f6-484f-aea8-a9157ae98188.jpg%3Fv%3D1644240315",
        "uploaded_url": "https://cdn.shopify.com/s/files/1/0012/2005/1002/products/White_bd28a1cb-00f6-484f-aea8-a9157ae98188.jpg?v=1644240315",
        "width": 2500,
        "height": 2500
      },
      "id": "660d7a17a755dd00125422ed"
    }
  ],
  "id": "660d7a16be2c5900123d2491",
  "variants": {
    "count": 0,
    "page_count": 1,
    "page": 1,
    "results": []
  },
  "filename": "by-interiors-tee-table-extra-large"
}