{
  "slug": "by-interiors-loaf-bench",
  "name": "Loaf Bench",
  "description": "<h2>Description</h2>\n<!-- split -->\n<p class=\"lead\">When Milan-based Japanese designer Keiji Takeuchi envisioned a compact upholstered bench for public areas, he landed on a rounded rectangular shape with an instinctive appeal. Loaf resonates with comfort in a family that includes a singular pouf (with castors) and 2- and 3-seater versions (with fixed glides). The units can be arranged randomly in a space or in a more orderly configuration, each fitted with side handles for added maneuverability.</p>\n<!-- split -->\n<h2>Specifications</h2>\n<!-- split -->\n<h4>Size</h4>\n<ul>\n<li>Small: 17.7\" h x 15.7\" w x 13.7\" d (45x40x35cm)</li>\n<li>Medium: 17.7\" h x 38.2\" w x 13.7\" d (45x97x35cm)</li>\n<li>Large: 17.7\" h x 57.1\" w x 13.7\" d (45x145x35cm)</li>\n</ul>\n<h4>Material</h4>\n<p>Wooden frame, polyurethane foam</p>\n<h4>Details</h4>\n<ul>\n<li>Category 2: Pado, Pesba, Report, Record, Yoda, Texture, Sand</li>\n<li>Category 3: Talapo, Report, Record, Yoda, Texture, Sand</li>\n<li>Category 4: Brionne, Frank</li>\n<li>COM and COL are available on request</li>\n</ul>\nMade in Japan\n<ul></ul>",
  "sku": "BYI-LOA-BNCH-L-CAT-2",
  "active": true,
  "meta_title": "Loaf Bench | Buy By Interiors online at A+R",
  "price": 1455,
  "currency": "USD",
  "type": "physical",
  "delivery": "shipment",
  "date_created": "2024-04-03T15:46:59.559Z",
  "stock_status": null,
  "date_updated": "2024-04-03T15:46:59.996Z",
  "prices": [],
  "purchase_options": {
    "standard": {
      "active": true,
      "price": 1455,
      "prices": []
    }
  },
  "images": [
    {
      "file": {
        "id": "660d79f304970100120ef0bf",
        "date_uploaded": "2024-04-03T15:46:59.861Z",
        "length": 414532,
        "md5": "63d068c0020804e2e924a843cf755eee",
        "filename": "1_2_136efd77-e10c-4a03-ad2f-0b251a6b1212.jpg?v=1644206479",
        "content_type": "image/jpeg",
        "url": "https://cdn.swell.store/b2sdemo_test/660d79f304970100120ef0bf/63d068c0020804e2e924a843cf755eee/1_2_136efd77-e10c-4a03-ad2f-0b251a6b1212.jpg%3Fv%3D1644206479",
        "uploaded_url": "https://cdn.shopify.com/s/files/1/0012/2005/1002/products/1_2_136efd77-e10c-4a03-ad2f-0b251a6b1212.jpg?v=1644206479",
        "width": 2500,
        "height": 2500
      },
      "id": "660d79f3055bcb0012fb12a3"
    }
  ],
  "id": "660d79f3d8e0560012e29913",
  "variants": {
    "count": 0,
    "page_count": 1,
    "page": 1,
    "results": []
  },
  "filename": "by-interiors-loaf-bench"
}