{
  "slug": "by-interiors-fabrics-sand",
  "name": "Sand",
  "description": "<p>Composition: 91% Pvc, 9% Polyester</p>",
  "sku": "BY-INT-SAN-A403",
  "active": true,
  "meta_title": "Sand | Buy By Interiors Fabrics online at A+R",
  "price": null,
  "currency": "USD",
  "type": "physical",
  "delivery": "shipment",
  "date_created": "2024-04-03T15:47:04.920Z",
  "stock_status": null,
  "date_updated": "2024-04-03T15:47:05.369Z",
  "prices": [],
  "purchase_options": {
    "standard": {
      "active": true,
      "price": null,
      "prices": []
    }
  },
  "images": [
    {
      "file": {
        "id": "660d79f94b5e460012294abe",
        "date_uploaded": "2024-04-03T15:47:05.281Z",
        "length": 1804,
        "md5": "629c9bcfd7a7b4592f2596f5c76d22b2",
        "filename": "image_2_e74f277f-6f0e-40a2-82da-e35c23a0baf0.jpg?v=1620898004",
        "content_type": "image/jpeg",
        "url": "https://cdn.swell.store/b2sdemo_test/660d79f94b5e460012294abe/629c9bcfd7a7b4592f2596f5c76d22b2/image_2_e74f277f-6f0e-40a2-82da-e35c23a0baf0.jpg%3Fv%3D1620898004",
        "uploaded_url": "https://cdn.shopify.com/s/files/1/0012/2005/1002/products/image_2_e74f277f-6f0e-40a2-82da-e35c23a0baf0.jpg?v=1620898004",
        "width": 192,
        "height": 192
      },
      "id": "660d79f96797730012b05255"
    }
  ],
  "id": "660d79f8055bcb0012fb12bd",
  "variants": {
    "count": 0,
    "page_count": 1,
    "page": 1,
    "results": []
  },
  "filename": "by-interiors-fabrics-sand"
}