{
  "slug": "cvl-gamma-wall-light",
  "name": "Gamma Wall Light",
  "description": "<h2>Description</h2>\n<!-- split -->\n<p class=\"lead\">With Art Deco overtones, Gamma consists of a luminous opal cylinder bracketed by similarly sized metal tubes. Personalization comes in the wide choice of available metals—brass, nickel, cooper or graphite—each with either a polished or matte finish. Belgium-based designer Sylvain Willenz has adapted his tubular scheme as the basis for an entire collection, including a grand circular chandelier and linear suspension lights.</p>\n<!-- split -->\n<h2>Specifications</h2>\n<!-- split -->\n<h4>Size</h4>\n<ul>\n<li>11.2\" h x 6\" w (28.4x15.2cm)</li>\n<li>Shade: 2\" (5cm)</li>\n</ul>\n<h4>Material</h4>\n<p>Metal, polycarbonate</p>\n<h4>Technical</h4>\n<ul>\n<li>Color temperature: 2700K</li>\n<li>Integrated LED</li>\n</ul>",
  "sku": "CVL-GAMM-WALL-SB",
  "active": true,
  "meta_title": "Gamma Wall Light | Buy CVL online at A+R",
  "price": null,
  "currency": "USD",
  "type": "physical",
  "delivery": "shipment",
  "date_created": "2024-04-03T15:52:10.385Z",
  "stock_status": null,
  "date_updated": "2024-04-03T15:52:11.101Z",
  "prices": [],
  "purchase_options": {
    "standard": {
      "active": true,
      "price": null,
      "prices": []
    }
  },
  "images": [
    {
      "file": {
        "id": "660d7b2ad739ac0012d7dc57",
        "date_uploaded": "2024-04-03T15:52:11.002Z",
        "length": 97720,
        "md5": "983aaf24a1a8aaa0b2637c7429525375",
        "filename": "GAMMAAppliqueSB_536b7c01-9ab0-430c-9be1-e5c063cbe819.jpg?v=1664951933",
        "content_type": "image/jpeg",
        "url": "https://cdn.swell.store/b2sdemo_test/660d7b2ad739ac0012d7dc57/983aaf24a1a8aaa0b2637c7429525375/GAMMAAppliqueSB_536b7c01-9ab0-430c-9be1-e5c063cbe819.jpg%3Fv%3D1664951933",
        "uploaded_url": "https://cdn.shopify.com/s/files/1/0012/2005/1002/products/GAMMAAppliqueSB_536b7c01-9ab0-430c-9be1-e5c063cbe819.jpg?v=1664951933",
        "width": 2500,
        "height": 2500
      },
      "id": "660d7b2bb3cdeb00121b4b5b"
    }
  ],
  "id": "660d7b2ad6fac000129efc33",
  "variants": {
    "count": 0,
    "page_count": 1,
    "page": 1,
    "results": []
  },
  "filename": "cvl-gamma-wall-light"
}