{
  "slug": "established-sons-cape-sofa",
  "name": "Cape Sofa",
  "description": "<h2>Description</h2>\n<!-- split -->\n<p class=\"lead\">With its dramatic flowing cover, German designer Konstantin Grcic’s sofa was inspired by the informal way that fabric is draped over furniture in hotels or country estates in the off-season. Cape is based on a comfortably simple seating shape to draw the attention to the bespoke choice of material—and the cover can be switched out for another <span data-mce-fragment=\"1\">to suit the seasons. For more pop,</span> there are up to 100 trim and tape colors to accent a special textile or add a bold edging. (Inquire at A&amp;R.)</p>\n<!-- split -->\n<h2>Specification</h2>\n<!-- split -->\n<h4>Size</h4>\n<ul>\n<li>26.8\" h x 78.7\" w x 35.4\" d (68x200x90cm)</li>\n<li>Seat height: 15.7\" (40cm)</li>\n</ul>\n<h4>Material</h4>\n<p>Timber frame, foam core</p>\n<h4>Details</h4>\n<ul>\n<li>Divina 3, Divina-MD, Twill Weave</li>\n<li>COM and COL are available on request</li>\n</ul>",
  "sku": "EST-1841",
  "active": true,
  "meta_title": "Cape Sofa | Buy Established & Sons online at A+R",
  "price": 6550,
  "currency": "USD",
  "type": "physical",
  "delivery": "shipment",
  "date_created": "2024-04-03T15:51:36.181Z",
  "stock_status": null,
  "date_updated": "2024-04-03T15:51:36.513Z",
  "prices": [],
  "purchase_options": {
    "standard": {
      "active": true,
      "price": 6550,
      "prices": []
    }
  },
  "images": [
    {
      "file": {
        "id": "660d7b0893607e00127d7373",
        "date_uploaded": "2024-04-03T15:51:36.422Z",
        "length": 124724,
        "md5": "2323c72111d52fdb661e115caeed9485",
        "filename": "CAPE_L2000-sofa_1841_Konstantin-Grcic__2011_EstablishedandSons__PeterGuenzel_White-Background-01_72dpi.jpg?v=1683885966",
        "content_type": "image/jpeg",
        "url": "https://cdn.swell.store/b2sdemo_test/660d7b0893607e00127d7373/2323c72111d52fdb661e115caeed9485/CAPE_L2000-sofa_1841_Konstantin-Grcic__2011_EstablishedandSons__PeterGuenzel_White-Background-01_72dpi.jpg%3Fv%3D1683885966",
        "uploaded_url": "https://cdn.shopify.com/s/files/1/0012/2005/1002/files/CAPE_L2000-sofa_1841_Konstantin-Grcic__2011_EstablishedandSons__PeterGuenzel_White-Background-01_72dpi.jpg?v=1683885966",
        "width": 2000,
        "height": 2000
      },
      "id": "660d7b08fa9b03001262e6df"
    }
  ],
  "id": "660d7b084d42c60012db4870",
  "variants": {
    "count": 0,
    "page_count": 1,
    "page": 1,
    "results": []
  },
  "filename": "established-sons-cape-sofa"
}