{
  "slug": "established-sons-surface-dining-table",
  "name": "Surface Dining Table",
  "description": "<h2>Description</h2>\n<!-- split -->\n<p class=\"lead\">With state-of-the-art engineering undergirding its mind-bending look, Surface Table owes to the pioneering collaboration of British designer Terence Woodgate and Formula One expert John Barnard. Exploiting the inherent rigidity and strength of carbon fiber, the table’s ultra-slim edge and long unbroken span defy the eye just as the inky black mirror surface yields, on close inspection, to a view of more than a million fiber strands extending its full length. Handcrafted at the racing industry’s leading facility which counts Ferrari, McLaren Lear and Lamborghini as clients, even the lacquer finishing of the table’s surface takes over 40 hours in Established &amp; Sons’ Limited Edition marvel.</p>\n<!-- split -->\n<h2>Specification</h2>\n<!-- split -->\n<h4>Size</h4>\n<ul>\n<li>28.3\" h x 94.4\" w x 39.3\" d (72x240x100cm)</li>\n<li>28.3\" h x 118.1\" w x 39.3\" d (72x300x100cm)</li>\n</ul>\n<h4>Material</h4>\n<p>Carbon fibre, lacquer, steel</p>",
  "sku": "EST-SUR-TBL-SML-HGL",
  "active": true,
  "meta_title": "Surface Dining Table | Buy Established & Sons online at A+R",
  "price": 48000,
  "currency": "USD",
  "type": "physical",
  "delivery": "shipment",
  "date_created": "2024-04-03T15:51:31.088Z",
  "stock_status": null,
  "date_updated": "2024-04-03T15:51:31.590Z",
  "prices": [],
  "purchase_options": {
    "standard": {
      "active": true,
      "price": 48000,
      "prices": []
    }
  },
  "images": [
    {
      "file": {
        "id": "660d7b03be2c5900123d2ad1",
        "date_uploaded": "2024-04-03T15:51:31.331Z",
        "length": 43056,
        "md5": "d0c9475b147819b252cf6ceb9329212b",
        "filename": "SURFACE-TABLE_L3000_matt_1018_T-Woodgate-and-J-Barnard__2008_EstablishedandSons__PeterGuenzel_White-Background-01_72dpi.jpg?v=1678858935",
        "content_type": "image/jpeg",
        "url": "https://cdn.swell.store/b2sdemo_test/660d7b03be2c5900123d2ad1/d0c9475b147819b252cf6ceb9329212b/SURFACE-TABLE_L3000_matt_1018_T-Woodgate-and-J-Barnard__2008_EstablishedandSons__PeterGuenzel_White-Background-01_72dpi.jpg%3Fv%3D1678858935",
        "uploaded_url": "https://cdn.shopify.com/s/files/1/0012/2005/1002/products/SURFACE-TABLE_L3000_matt_1018_T-Woodgate-and-J-Barnard__2008_EstablishedandSons__PeterGuenzel_White-Background-01_72dpi.jpg?v=1678858935",
        "width": 2000,
        "height": 2000
      },
      "id": "660d7b03aeb36c0012e04adf"
    }
  ],
  "id": "660d7b03b3cdeb00121b4ac9",
  "variants": {
    "count": 0,
    "page_count": 1,
    "page": 1,
    "results": []
  },
  "filename": "established-sons-surface-dining-table"
}