{
  "slug": "ferm-living-ceramic-centrepiece",
  "name": "Ceramic Centrepiece",
  "description": "<h2>Description</h2>\n<!-- split -->\n<p class=\"lead\"> </p>\n<!-- split -->\n<h2>Specifications</h2>\n<!-- split -->\n<h4>Size</h4>\n<p>3.9\" h x 11.4\" dia (10x29cm)</p>\n<h4>Material</h4>\n<p>Glazed ceramic</p>",
  "sku": "FL-1104263534",
  "active": true,
  "meta_title": "Ceramic Centrepiece | Buy Ferm Living online at A+R",
  "price": 53,
  "currency": "USD",
  "type": "physical",
  "delivery": "shipment",
  "date_created": "2024-04-03T15:49:41.799Z",
  "stock_status": null,
  "date_updated": "2024-04-03T15:49:42.309Z",
  "prices": [],
  "purchase_options": {
    "standard": {
      "active": true,
      "price": 53,
      "prices": []
    }
  },
  "images": [
    {
      "file": {
        "id": "660d7a9650290a001270599c",
        "date_uploaded": "2024-04-03T15:49:42.218Z",
        "length": 337324,
        "md5": "b6a1be975a54640a68febe90b07a88e2",
        "filename": "CeramicCentrepiece-Blue.jpg?v=1619511046",
        "content_type": "image/jpeg",
        "url": "https://cdn.swell.store/b2sdemo_test/660d7a9650290a001270599c/b6a1be975a54640a68febe90b07a88e2/CeramicCentrepiece-Blue.jpg%3Fv%3D1619511046",
        "uploaded_url": "https://cdn.shopify.com/s/files/1/0012/2005/1002/products/CeramicCentrepiece-Blue.jpg?v=1619511046",
        "width": 4000,
        "height": 4000
      },
      "id": "660d7a965a773b0012c39c19"
    }
  ],
  "id": "660d7a957737200012ce151c",
  "variants": {
    "count": 0,
    "page_count": 1,
    "page": 1,
    "results": []
  },
  "filename": "ferm-living-ceramic-centrepiece"
}