{
  "slug": "ferm-living-plant-hanger",
  "name": "Plant Hanger",
  "description": "<h2>Description</h2>\n<!-- split -->\n<p class=\"lead\">A hanging plant has never looked as chic as in the hands of Ferm Living’s stylish greenery enthusiasts. Handmade in dark speckled stoneware with a natural rope suspension, the clean round pot deftly avoids ‘70s retro overtones. Available in a choice of sizes, the stepped-silhouette Plant Hanger makes a smart complement to any décor.  </p>\n<!-- split -->\n<h2>Specifications</h2>\n<!-- split -->\n<h4>Size</h4>\n<ul>\n<li>Low: 5.1\" h x 8.5\" dia (13x21.5cm)</li>\n<li>Medium: 5.7\" h x 5.9\" dia (14.5x15cm)</li>\n</ul>\n<h4>Material</h4>\n<p>Stoneware, rope</p>",
  "sku": "FL-9237",
  "active": true,
  "meta_title": "Plant Hanger | Buy Ferm Living online at A+R",
  "price": 0,
  "currency": "USD",
  "type": "physical",
  "delivery": "shipment",
  "date_created": "2024-04-03T15:52:46.621Z",
  "stock_status": null,
  "date_updated": "2024-04-03T15:52:47.229Z",
  "prices": [],
  "purchase_options": {
    "standard": {
      "active": true,
      "price": 0,
      "prices": []
    }
  },
  "images": [
    {
      "file": {
        "id": "660d7b4ff47eef0012a1c162",
        "date_uploaded": "2024-04-03T15:52:47.141Z",
        "length": 40060,
        "md5": "3d1633370b8af9d883e9d4e71cb7b8be",
        "filename": "PlantHanger-Low9236_1.jpg?v=1617188599",
        "content_type": "image/jpeg",
        "url": "https://cdn.swell.store/b2sdemo_test/660d7b4ff47eef0012a1c162/3d1633370b8af9d883e9d4e71cb7b8be/PlantHanger-Low9236_1.jpg%3Fv%3D1617188599",
        "uploaded_url": "https://cdn.shopify.com/s/files/1/0012/2005/1002/products/PlantHanger-Low9236_1.jpg?v=1617188599",
        "width": 1100,
        "height": 1100
      },
      "id": "660d7b4f6148c40012ae8ac1"
    }
  ],
  "id": "660d7b4e6797730012b0565b",
  "variants": {
    "count": 0,
    "page_count": 1,
    "page": 1,
    "results": []
  },
  "filename": "ferm-living-plant-hanger"
}