{
  "slug": "ferm-living-paper-towel-holder",
  "name": "Paper Towel Holder",
  "description": "<h2>Description</h2>\n<!-- split -->\n<p class=\"lead\"> </p>\n<!-- split -->\n<h2>Specifications</h2>\n<!-- split -->\n<h4>Size</h4>\n<p>12.6\" h x 5.5\" dia (32x14cm)</p>\n<h4>Material</h4>\n<p>Brass, marble</p>",
  "sku": "FL-100535502",
  "active": true,
  "meta_title": "Paper Towel Holder | Buy Ferm Living online at A+R",
  "price": 35,
  "currency": "USD",
  "type": "physical",
  "delivery": "shipment",
  "date_created": "2024-04-03T15:48:36.639Z",
  "stock_status": null,
  "date_updated": "2024-04-03T15:48:37.499Z",
  "prices": [],
  "purchase_options": {
    "standard": {
      "active": true,
      "price": 35,
      "prices": []
    }
  },
  "images": [
    {
      "file": {
        "id": "660d7a550c0a980012093f69",
        "date_uploaded": "2024-04-03T15:48:37.354Z",
        "length": 19896,
        "md5": "3f8ee8ac01ed9eec8d8e8c1142ba18bc",
        "filename": "100535502_1.jpg?v=1656054073",
        "content_type": "image/jpeg",
        "url": "https://cdn.swell.store/b2sdemo_test/660d7a550c0a980012093f69/3f8ee8ac01ed9eec8d8e8c1142ba18bc/100535502_1.jpg%3Fv%3D1656054073",
        "uploaded_url": "https://cdn.shopify.com/s/files/1/0012/2005/1002/products/100535502_1.jpg?v=1656054073",
        "width": 1500,
        "height": 1500
      },
      "id": "660d7a5590abf000124fc6da"
    }
  ],
  "id": "660d7a54695d9d0013f54a45",
  "variants": {
    "count": 0,
    "page_count": 1,
    "page": 1,
    "results": []
  },
  "filename": "ferm-living-paper-towel-holder"
}