{
  "slug": "ferm-living-way-mat",
  "name": "Way Mat",
  "description": "<h2>Description</h2>\n<!-- split -->\n<p class=\"lead\">Ferm Living takes a sustainable tack with its indoor-outdoor rug completely fashioned from post-consumer plastic waste. Each Way Mat is hand-woven from recycled PET yarn that equals 48 recycled plastic bottles. In a pleasingly timeless checkered pattern and edged with asymmetrical fringe, the rug has a tactile yet durable finish.</p>\n<!-- split -->\n<h2>Specifications</h2>\n<!-- split -->\n<h4>Size</h4>\n<p>19.7\" l x 27.6\" w (50x70cm)</p>\n<h4>Material</h4>\n<p>PET yarn</p>\n<h4>Details</h4>\n<p>Made in India</p>",
  "sku": "FL-100031658",
  "active": true,
  "meta_title": "Way Mat | Buy Ferm Living online at A+R",
  "price": 35,
  "currency": "USD",
  "type": "physical",
  "delivery": "shipment",
  "date_created": "2024-04-03T15:46:17.083Z",
  "stock_status": null,
  "date_updated": "2024-04-03T15:46:18.160Z",
  "prices": [],
  "purchase_options": {
    "standard": {
      "active": true,
      "price": 35,
      "prices": []
    }
  },
  "images": [
    {
      "file": {
        "id": "660d79cab54c690012108c51",
        "date_uploaded": "2024-04-03T15:46:18.073Z",
        "length": 480560,
        "md5": "4e2a5542c9efbc10ab028f7b830f5500",
        "filename": "100031658_1_1_b8c9678e-335a-42af-9025-0e3df50fcc3c.jpg?v=1685441366",
        "content_type": "image/jpeg",
        "url": "https://cdn.swell.store/b2sdemo_test/660d79cab54c690012108c51/4e2a5542c9efbc10ab028f7b830f5500/100031658_1_1_b8c9678e-335a-42af-9025-0e3df50fcc3c.jpg%3Fv%3D1685441366",
        "uploaded_url": "https://cdn.shopify.com/s/files/1/0012/2005/1002/files/100031658_1_1_b8c9678e-335a-42af-9025-0e3df50fcc3c.jpg?v=1685441366",
        "width": 1920,
        "height": 1920
      },
      "id": "660d79cac3a01200123a8a71"
    }
  ],
  "id": "660d79c90c3c45001217d9ee",
  "variants": {
    "count": 0,
    "page_count": 1,
    "page": 1,
    "results": []
  },
  "filename": "ferm-living-way-mat"
}