{
  "slug": "ferm-living-vista-blanket",
  "name": "Vista Blanket",
  "description": "<h2>Description</h2>\n<!-- split -->\n<p class=\"lead\"> </p>\n<!-- split -->\n<h2>Specifications</h2>\n<!-- split -->\n<h4>Size</h4>\n<p>66.9\" h x 47.2\" w (170x120cm)</p>\n<h4>Material</h4>\n<p>100% cotton</p>",
  "sku": "FL-100514403",
  "active": true,
  "meta_title": "Vista Blanket | Buy Ferm Living online at A+R",
  "price": 90,
  "currency": "USD",
  "type": "physical",
  "delivery": "shipment",
  "date_created": "2024-04-03T15:47:55.855Z",
  "stock_status": null,
  "date_updated": "2024-04-03T15:47:56.438Z",
  "prices": [],
  "purchase_options": {
    "standard": {
      "active": true,
      "price": 90,
      "prices": []
    }
  },
  "images": [
    {
      "file": {
        "id": "660d7a2cf3ab960012ce9836",
        "date_uploaded": "2024-04-03T15:47:56.347Z",
        "length": 235876,
        "md5": "cab00510f28f3c95dbd5aac1b1af2d3d",
        "filename": "100514202_1.jpg?v=1656577417",
        "content_type": "image/jpeg",
        "url": "https://cdn.swell.store/b2sdemo_test/660d7a2cf3ab960012ce9836/cab00510f28f3c95dbd5aac1b1af2d3d/100514202_1.jpg%3Fv%3D1656577417",
        "uploaded_url": "https://cdn.shopify.com/s/files/1/0012/2005/1002/products/100514202_1.jpg?v=1656577417",
        "width": 1500,
        "height": 1500
      },
      "id": "660d7a2c055bcb0012fb135e"
    }
  ],
  "id": "660d7a2ba755dd001254231d",
  "variants": {
    "count": 0,
    "page_count": 1,
    "page": 1,
    "results": []
  },
  "filename": "ferm-living-vista-blanket"
}