{
  "slug": "gubi-mr01-initial-chair",
  "name": "MR01 Initial Chair",
  "description": "<h2>Description</h2>\n<!-- split -->\n<p class=\"lead\">From a young Danish designer and trained cabinetmaker comes a carefully crafted lounge chair fashioned without a single nail. Mathias Steen Rasmussen starts with a low-slung, gently inclining seat which extends into the back leg and provides support for the backrest. In solid American walnut or oak, MR01's wedged tenon joints go right through the frame and 4 out its 5 cross bars are identical, simplifying construction and reducing waste. Ninety meters of rope are then hand-woven for the seat, using a method Mathias developed himself, for a eloquent play of organic materials.</p>\n<!-- split -->\n<h2>Specifications</h2>\n<!-- split -->\n<h4>Size</h4>\n<ul>\n<li>27.2\" h x 25.6\" w x 34.6\" d (69x65x88cm)</li>\n<li>Seat height: 13\" (33cm)</li>\n</ul>\n<h4>Material</h4>\n<p>Solid oak or american walnut</p>",
  "sku": "GUB-10079704",
  "active": true,
  "meta_title": "MR01 Initial Chair | Buy Gubi online at A+R",
  "price": 1500,
  "currency": "USD",
  "type": "physical",
  "delivery": "shipment",
  "date_created": "2024-04-03T15:44:17.143Z",
  "stock_status": null,
  "date_updated": "2024-04-03T15:44:18.589Z",
  "prices": [],
  "purchase_options": {
    "standard": {
      "active": true,
      "price": 1500,
      "prices": []
    }
  },
  "images": [
    {
      "file": {
        "id": "660d7951be2c5900123d1f35",
        "date_uploaded": "2024-04-03T15:44:17.737Z",
        "length": 1019096,
        "md5": "ac9138e77b0223564911798a77bf0ed7",
        "filename": "MR01_Initial_LoungeChair_Walnut_ItemNr.10059248_front.jpg?v=1710245315",
        "content_type": "image/jpeg",
        "url": "https://cdn.swell.store/b2sdemo_test/660d7951be2c5900123d1f35/ac9138e77b0223564911798a77bf0ed7/MR01_Initial_LoungeChair_Walnut_ItemNr.10059248_front.jpg%3Fv%3D1710245315",
        "uploaded_url": "https://cdn.shopify.com/s/files/1/0012/2005/1002/files/MR01_Initial_LoungeChair_Walnut_ItemNr.10059248_front.jpg?v=1710245315",
        "width": 3000,
        "height": 3000
      },
      "id": "660d7952fd60ae001252cf55"
    }
  ],
  "id": "660d7951e6500f0012cd0870",
  "variants": {
    "count": 0,
    "page_count": 1,
    "page": 1,
    "results": []
  },
  "filename": "gubi-mr01-initial-chair"
}