{
  "slug": "karimoku-case-kinuta-armchair-n-dc01-paper-cord",
  "name": "Kinuta Armchair N-DC01: Paper Cord",
  "description": "<h2>Description</h2>\n<!-- split -->\n<p class=\"lead\">Karimoku Case and Norm Architects team up for a handsome solid-oak armchair with a seat in fine woven paper cord. Working together to renovate the interiors of Tokyo’s landmark ‘80s Kinuta Terrace apartment, the seating was designed with a welcoming simplicity. Reflecting the airy feeling of the courtyard-adjacent project, the armchair is beautifully detailed with turned legs and a rounded backrest, set off by the rich woodgrain. </p>\n<!-- split -->\n<h2>Specifications</h2>\n<!-- split -->\n<h4>Size</h4>\n<ul>\n<li>31.5\" h x 22.4\" w x 21.5\" d (80x57x54.5cm)</li>\n<li>Seat height: 17.3\" (44cm)</li>\n</ul>\n<h4>Material</h4>\n<p>Oak veneer, paper cord</p>\n<h4>Details<br>\n</h4>\n<p>Seat in paper cord or solid oak</p>",
  "sku": "KCS-C32510AG",
  "active": true,
  "meta_title": "Kinuta Armchair N-DC01: Paper Cord | Buy Karimoku Case online at A+R",
  "price": 1210,
  "currency": "USD",
  "type": "physical",
  "delivery": "shipment",
  "date_created": "2024-04-03T15:53:01.773Z",
  "stock_status": null,
  "date_updated": "2024-04-03T15:53:02.365Z",
  "prices": [],
  "purchase_options": {
    "standard": {
      "active": true,
      "price": 1210,
      "prices": []
    }
  },
  "images": [
    {
      "file": {
        "id": "660d7b5ecea5e10012b8a1f8",
        "date_uploaded": "2024-04-03T15:53:02.280Z",
        "length": 181568,
        "md5": "48a2e46923348f132c876d6d0abdd7c0",
        "filename": "image_02_b4d115f2-3324-4deb-bc86-9232ca00edad.jpg?v=1631681757",
        "content_type": "image/jpeg",
        "url": "https://cdn.swell.store/b2sdemo_test/660d7b5ecea5e10012b8a1f8/48a2e46923348f132c876d6d0abdd7c0/image_02_b4d115f2-3324-4deb-bc86-9232ca00edad.jpg%3Fv%3D1631681757",
        "uploaded_url": "https://cdn.shopify.com/s/files/1/0012/2005/1002/products/image_02_b4d115f2-3324-4deb-bc86-9232ca00edad.jpg?v=1631681757",
        "width": 2000,
        "height": 2000
      },
      "id": "660d7b5eafd4b400121808a1"
    }
  ],
  "id": "660d7b5d591f9100128f93cc",
  "variants": {
    "count": 0,
    "page_count": 1,
    "page": 1,
    "results": []
  },
  "filename": "karimoku-case-kinuta-armchair-n-dc01-paper-cord"
}