{
  "slug": "lambert-fils-cliff-08-suspension-lamp",
  "name": "Cliff 08 Suspension Lamp",
  "description": "<h2>Description</h2>\n<!-- split -->\n<p class=\"lead\">Spanning an impressive 9 feet, Cliff 08 offers a spectacular linear composition punctuated with 14 LED points of light. Available in either golden brass or crisp graphite finish, the suspension lamp features an asymmetrical construction and intriguingly varied sizes of its milky glass globes. Truly equal to expansively proportioned spaces, the lamp is handmade by Lambert &amp; Fils at its atelier in Montreal.  </p>\n<!-- split -->\n<h2>Specifications</h2>\n<!-- split -->\n<h4>Size</h4>\n<p>22\" h x 107.9\" w x 24\" d (56x274x61cm)</p>\n<h4>Material</h4>\n<p>Brass, milk glass globes</p>\n<h4>Technical</h4>\n<ul>\n<li>UL Listed</li>\n<li>G9</li>\n<li>Color temperature: 2700K, 3000K</li>\n<li>Bulb included</li>\n</ul>\n<ul></ul>",
  "sku": "LAM-CLI08BR",
  "active": true,
  "meta_title": "Cliff 08 Suspension Lamp | Buy Lambert & Fils online at A+R",
  "price": 4315,
  "currency": "USD",
  "type": "physical",
  "delivery": "shipment",
  "date_created": "2024-04-03T15:53:21.276Z",
  "stock_status": null,
  "date_updated": "2024-04-03T15:53:21.801Z",
  "prices": [],
  "purchase_options": {
    "standard": {
      "active": true,
      "price": 4315,
      "prices": []
    }
  },
  "images": [
    {
      "file": {
        "id": "660d7b71be2c5900123d2d9a",
        "date_uploaded": "2024-04-03T15:53:21.705Z",
        "length": 52068,
        "md5": "91723b3f3226b314036628b2e815c157",
        "filename": "1_b60a4e72-00b1-47ad-978a-bfe5060cacd0.jpg?v=1686053660",
        "content_type": "image/jpeg",
        "url": "https://cdn.swell.store/b2sdemo_test/660d7b71be2c5900123d2d9a/91723b3f3226b314036628b2e815c157/1_b60a4e72-00b1-47ad-978a-bfe5060cacd0.jpg%3Fv%3D1686053660",
        "uploaded_url": "https://cdn.shopify.com/s/files/1/0012/2005/1002/files/1_b60a4e72-00b1-47ad-978a-bfe5060cacd0.jpg?v=1686053660",
        "width": 1300,
        "height": 1300
      },
      "id": "660d7b71fd60ae001252d7d9"
    }
  ],
  "id": "660d7b71c7e955001277e99e",
  "variants": {
    "count": 0,
    "page_count": 1,
    "page": 1,
    "results": []
  },
  "filename": "lambert-fils-cliff-08-suspension-lamp"
}