{
  "slug": "lambert-fils-mile-02-suspension-lamp",
  "name": "Mile 02 Suspension Lamp",
  "description": "<h2>Description</h2>\n<!-- split -->\n<p class=\"lead\">Mile 02, like the larger models in the series, pares its structure down to a simple 90-degree pivot that generates both indirect light above and downward direct illumination. Canadian designer Guillaume Sasseville evolved the concept from a computer-generated grid, part of which he erased, leaving the rest to become the lamp's design. Seemingly weightless and suspended by its thin wires, its sleek powder-coated or polished aluminum body is powered by linear LED technology and the light is completely handmade at Lambert &amp; Fils Montreal atelier.</p>\n<!-- split -->\n<h2>Specifications</h2>\n<!-- split -->\n<h4>Size</h4>\n<ul>\n<li>2.2\" h x 20.1\" w x 17.1\" d (5.5x51.1x43.5cm)</li>\n<li>Cord length: 96.1\" (244cm)</li>\n</ul>\n<h4>Material</h4>\n<p><span>Powder-coated or polished aluminum, polished steel, polyester, acrylic</span></p>\n<h4>Technical</h4>\n<ul>\n<li>UL Listed</li>\n<li>Color temperature: 2700K, 3000K</li>\n<li>Dimmable<br>\n</li>\n<li>Integrated LED</li>\n</ul>",
  "sku": "LAM-MIL02LVBKWL",
  "active": true,
  "meta_title": "Mile 02 Suspension Lamp | Buy Lambert & Fils online at A+R",
  "price": 1083,
  "currency": "USD",
  "type": "physical",
  "delivery": "shipment",
  "date_created": "2024-04-03T15:54:04.830Z",
  "stock_status": null,
  "date_updated": "2024-04-03T15:54:05.202Z",
  "prices": [],
  "purchase_options": {
    "standard": {
      "active": true,
      "price": 1083,
      "prices": []
    }
  },
  "images": [
    {
      "file": {
        "id": "660d7b9ddae0b300122e4205",
        "date_uploaded": "2024-04-03T15:54:05.027Z",
        "length": 38148,
        "md5": "8d60c861d196ef55410f37caf3e5567a",
        "filename": "MIL02WH_01-1-1300x1300_f285ea0b-f107-41e0-8e3c-81276473107e.jpg?v=1704697372",
        "content_type": "image/jpeg",
        "url": "https://cdn.swell.store/b2sdemo_test/660d7b9ddae0b300122e4205/8d60c861d196ef55410f37caf3e5567a/MIL02WH_01-1-1300x1300_f285ea0b-f107-41e0-8e3c-81276473107e.jpg%3Fv%3D1704697372",
        "uploaded_url": "https://cdn.shopify.com/s/files/1/0012/2005/1002/files/MIL02WH_01-1-1300x1300_f285ea0b-f107-41e0-8e3c-81276473107e.jpg?v=1704697372",
        "width": 2000,
        "height": 2000
      },
      "id": "660d7b9dcea5e10012b8a28c"
    }
  ],
  "id": "660d7b9cb3cdeb00121b4cbe",
  "variants": {
    "count": 0,
    "page_count": 1,
    "page": 1,
    "results": []
  },
  "filename": "lambert-fils-mile-02-suspension-lamp"
}