{
  "slug": "lee-broom-chamber-chandelier",
  "name": "Chamber Chandelier",
  "description": "<h2>Description</h2>\n<!-- split -->\n<p class=\"lead\">With his typically sure-handed aplomb, British designer Lee Broom juxtaposes shimmery lead crystal and finely veined marble—and then multiples the luxe effect in his gorgeous chandelier. In groupings of 3 or 5, the individual Chambers of differing sizes combine for a stunning lighting centerpiece. With illumination, each sculptural Carrara marble diffuser within its clear vessel reveals an unexpected magical translucence.</p>\n<!-- split -->\n<h2>Specifications</h2>\n<!-- split -->\n<h4>Size</h4>\n<ul>\n<li>Small: 5.5\" h x 7.9\" dia (14x20cm)</li>\n<li>Large: 10.2\" h x 6.7\" dia (26x17cm)</li>\n<li>Canopy\n<ul>\n<li>3 piece: 1.4\" h x 13.8\" dia (3.5x35cm)</li>\n<li>5 piece: 1.4\" h x 17.8\" dia (3.5x45cm)</li>\n</ul>\n</li>\n<li>Cable length: 118.1\" (300cm)</li>\n</ul>\n<h4>Material</h4>\n<p>Carrara marble, crystal, steel</p>\n<h4>Technical</h4>\n<ul>\n<li>UL listed</li>\n<li>E26, E27 LED</li>\n<li>Color temperature: 2700K</li>\n<li>Bulb included</li>\n<li>Dimmable</li>\n</ul>",
  "sku": "LB-CH0130",
  "active": true,
  "meta_title": "Chamber Chandelier | Buy Lee Broom online at A+R",
  "price": 2985,
  "currency": "USD",
  "type": "physical",
  "delivery": "shipment",
  "date_created": "2024-04-03T15:44:15.668Z",
  "stock_status": null,
  "date_updated": "2024-04-03T15:44:16.785Z",
  "prices": [],
  "purchase_options": {
    "standard": {
      "active": true,
      "price": 2985,
      "prices": []
    }
  },
  "images": [
    {
      "file": {
        "id": "660d7950c7e955001277e3cb",
        "date_uploaded": "2024-04-03T15:44:16.697Z",
        "length": 212272,
        "md5": "778435a91d3370db9716112b0a55e417",
        "filename": "ChamberChandelier3PieceSatinWhiteCeilingCanopy_1.jpg?v=1622630308",
        "content_type": "image/jpeg",
        "url": "https://cdn.swell.store/b2sdemo_test/660d7950c7e955001277e3cb/778435a91d3370db9716112b0a55e417/ChamberChandelier3PieceSatinWhiteCeilingCanopy_1.jpg%3Fv%3D1622630308",
        "uploaded_url": "https://cdn.shopify.com/s/files/1/0012/2005/1002/products/ChamberChandelier3PieceSatinWhiteCeilingCanopy_1.jpg?v=1622630308",
        "width": 4000,
        "height": 4000
      },
      "id": "660d7950afd4b40012180286"
    }
  ],
  "id": "660d794fad75db0013047cc6",
  "variants": {
    "count": 0,
    "page_count": 1,
    "page": 1,
    "results": []
  },
  "filename": "lee-broom-chamber-chandelier"
}