{
  "slug": "muuto-ambit-pendant-light-large-quick-ship",
  "name": "Ambit Pendant Light: Large - Quick Ship",
  "description": "<h2>Description</h2>\n<!-- split -->\n<p class=\"lead\">Swedish designers Gabriella Gustafson and Mattias Ståhlbom of TAF Architects specified the suspension cord be color-matched to the hand-painted shade to play up the contrast between linear and rounded shapes. In press-spun aluminum, the shade's interior is painted a soft white for a tonal contrast to the Nordic palette—and to provide maxim illumination. Danish maker Muuto once again brings its hallmark \"new perspective\" to light.</p>\n<!-- split -->\n<h2>Specifications</h2>\n<!-- split -->\n<h4>Size</h4>\n<ul>\n<li>9.4\" h x 15.7\" dia (23.8x40cm)</li>\n<li>Cable length: 157.5\" (400cm)</li>\n</ul>\n<h4>Material</h4>\n<p>Aluminum, PVC cord</p>\n<h4>Technical</h4>\n<ul>\n<li>UL listed</li>\n<li>E26, LED</li>\n<li>Dimmable</li>\n<li>Bulb included</li>\n</ul>",
  "sku": "MUU-MAMBPDLP15-TAUP",
  "active": true,
  "meta_title": "Ambit Pendant Light: Large - Quick Ship | Buy Muuto online at A+R",
  "price": 320,
  "currency": "USD",
  "type": "physical",
  "delivery": "shipment",
  "date_created": "2024-04-03T15:52:42.546Z",
  "stock_status": null,
  "date_updated": "2024-04-03T15:52:43.927Z",
  "prices": [],
  "purchase_options": {
    "standard": {
      "active": true,
      "price": 320,
      "prices": []
    }
  },
  "images": [
    {
      "file": {
        "id": "660d7b4b0c3c45001217ded2",
        "date_uploaded": "2024-04-03T15:52:43.802Z",
        "length": 158964,
        "md5": "398bd464a688ba82963ad569ae52f527",
        "filename": "Taupe_29e005c8-d100-4359-b2de-7e24c6adfef5.jpg?v=1690202146",
        "content_type": "image/jpeg",
        "url": "https://cdn.swell.store/b2sdemo_test/660d7b4b0c3c45001217ded2/398bd464a688ba82963ad569ae52f527/Taupe_29e005c8-d100-4359-b2de-7e24c6adfef5.jpg%3Fv%3D1690202146",
        "uploaded_url": "https://cdn.shopify.com/s/files/1/0012/2005/1002/files/Taupe_29e005c8-d100-4359-b2de-7e24c6adfef5.jpg?v=1690202146",
        "width": 4000,
        "height": 4000
      },
      "id": "660d7b4b50290a0012705b92"
    }
  ],
  "id": "660d7b4a6797730012b0563f",
  "variants": {
    "count": 0,
    "page_count": 1,
    "page": 1,
    "results": []
  },
  "filename": "muuto-ambit-pendant-light-large-quick-ship"
}