{
  "slug": "muuto-in-situ-sofa-modules-quick-ship",
  "name": "In Situ Sofa: Modules - Quick Ship",
  "description": "<h2>Description</h2>\n<!-- split -->\n<p class=\"lead\">With In Situ, designers Anderssen &amp; Voll say they meld \"the grandeur of traditional Italian sofas with the refined simplicity of Scandinavian design.\" Working with Copenhagen brand Muuto, the Norwegian studio arrived at a distinctive modular scheme, with 30 prearranged configurations based on the 9 different seating styles and 2 loose cushions. A powder-coated steel frame runs along the seat and back of the sofa and visually unifies the separate units. In Situ's crisp profile and deeply comfortable proportions are realized with wood construction and foam, wadding and fiberball fill.</p>\n<!-- split -->\n<h2>Specifications</h2>\n<!-- split -->\n<h4>Size</h4>\n<ul>\n<li>Left/Right armrest: 27.6\" h x 39\" w x 42.1\" d (70x99x107cm)</li>\n<li>Center: 27.6\" h x 31.9\" w x 42.1\" d (70x81x107cm)</li>\n<li>Corner: 27.6\" h x 42.1\" w x 42.1\" d (70x107x107cm)</li>\n<li>Left/Right open-ended: 27.6\" h x 39\" w x 42.1\" d (70x99x107cm)</li>\n<li>Ottoman: 27.6\" h x 31.9\" w x 39\" d (70x81x99cm)</li>\n<li>Left/Right armrest lounge: 27.6\" h x 46.1\" w x 66.5\" d (70x117x169cm)</li>\n<li>\n<span style=\"font-size: 0.875rem;\">Seat height: 15\" h (38cm)</span><br>\n</li>\n<li>Armrest height: 8.7\" (22cm)</li>\n</ul>\n<h4>Material</h4>\n<p>Powder-coated steel, foam, wadding</p>",
  "sku": "MUU-MINSAML-M16180",
  "active": true,
  "meta_title": "In Situ Sofa: Modules - Quick Ship | Buy Muuto online at A+R",
  "price": 1075,
  "currency": "USD",
  "type": "physical",
  "delivery": "shipment",
  "date_created": "2024-04-03T15:52:16.457Z",
  "stock_status": null,
  "date_updated": "2024-04-03T15:52:18.233Z",
  "prices": [],
  "purchase_options": {
    "standard": {
      "active": true,
      "price": 1075,
      "prices": []
    }
  },
  "images": [
    {
      "file": {
        "id": "660d7b329ca7260012fc4176",
        "date_uploaded": "2024-04-03T15:52:18.082Z",
        "length": 1374820,
        "md5": "7f61d85054fb03e15b91bf1ddfa626e6",
        "filename": "In-situ-sofa-centre-module-c80-ocean-80-Muuto_02dda59a-ee49-443d-a093-7d3479cb2383.jpg?v=1703224212",
        "content_type": "image/jpeg",
        "url": "https://cdn.swell.store/b2sdemo_test/660d7b329ca7260012fc4176/7f61d85054fb03e15b91bf1ddfa626e6/In-situ-sofa-centre-module-c80-ocean-80-Muuto_02dda59a-ee49-443d-a093-7d3479cb2383.jpg%3Fv%3D1703224212",
        "uploaded_url": "https://cdn.shopify.com/s/files/1/0012/2005/1002/products/In-situ-sofa-centre-module-c80-ocean-80-Muuto_02dda59a-ee49-443d-a093-7d3479cb2383.jpg?v=1703224212",
        "width": 3100,
        "height": 3100
      },
      "id": "660d7b327c1cc300128927c8"
    }
  ],
  "id": "660d7b30ad75db0013048325",
  "variants": {
    "count": 0,
    "page_count": 1,
    "page": 1,
    "results": []
  },
  "filename": "muuto-in-situ-sofa-modules-quick-ship"
}