{
  "slug": "new-works-missing-chair-upholstered",
  "name": "Missing Chair: Upholstered",
  "description": "<h2>Description</h2>\n<!-- split -->\n<p class=\"lead\">Lightweight, stackable and durable, Missing updates cafe-style seating with a spare but welcoming profile and a comfortably upholstered seat, Straight lines have been softened, allowing the molded plywood back and seat to appear as if floating within the powder-coated steel frame. Once again, Croatian design studio Regular Company provides a characteristic mix of timeless functionality with an unfaltering appreciation of the virtues of simplicity. </p>\n<!-- split -->\n<h2>Specifications</h2>\n<!-- split -->\n<h4>Size</h4>\n<ul>\n<li>Without arm: 30.7\" h x 18.3\" w x 20.7\" d (78x46.5x52.5cm)</li>\n<li>With arm: 30.7\" h x 21.5\" w x 20.9\" d (78x54.5x53cm)\n<ul>\n<li>Seat height: 18.1\" (46cm)</li>\n</ul>\n</li>\n</ul>\n<h4>Material</h4>\n<p>Powder-coated steel, plywood, veneer</p>\n<h4>Details</h4>\n<ul>\n<li>Category A: Bel Lino, Endless, Hot Madison, City Velvet, Eros, Remix3, Ultra</li>\n<li>Category B: Be Mine, Barnum, Carnavon</li>\n<li>Category C: Molly 2, Hallingdal 65, Talla</li>\n<li>Category D: Karakorum, Nimbus, Moss, Nabis</li>\n<li>Category E: Atlas, Pur Lin, Roma</li>\n<li>Category F: Mons, Velvet Baby Mohair, Hibou, Gentle 2, Byram, Royal Nubuck</li>\n<li>COM and COL are available on request</li>\n<li>Made in Denmark</li>\n</ul>",
  "sku": "NW-41010-A",
  "active": true,
  "meta_title": "Missing Chair: Upholstered | Buy New Works online at A+R",
  "price": null,
  "currency": "USD",
  "type": "physical",
  "delivery": "shipment",
  "date_created": "2024-04-03T15:51:55.881Z",
  "stock_status": null,
  "date_updated": "2024-04-03T15:51:57.047Z",
  "prices": [],
  "purchase_options": {
    "standard": {
      "active": true,
      "price": null,
      "prices": []
    }
  },
  "images": [
    {
      "file": {
        "id": "660d7b1cb3cdeb00121b4b31",
        "date_uploaded": "2024-04-03T15:51:56.975Z",
        "length": 203320,
        "md5": "40b3df6476b393b1e7526799db9182d6",
        "filename": "Missing_Armchair_Black_Ash_Barnum_Dark_Taupe_10_Front_White_Background.jpg?v=1684927043",
        "content_type": "image/jpeg",
        "url": "https://cdn.swell.store/b2sdemo_test/660d7b1cb3cdeb00121b4b31/40b3df6476b393b1e7526799db9182d6/Missing_Armchair_Black_Ash_Barnum_Dark_Taupe_10_Front_White_Background.jpg%3Fv%3D1684927043",
        "uploaded_url": "https://cdn.shopify.com/s/files/1/0012/2005/1002/files/Missing_Armchair_Black_Ash_Barnum_Dark_Taupe_10_Front_White_Background.jpg?v=1684927043",
        "width": 3000,
        "height": 3000
      },
      "id": "660d7b1d90abf000124fc93f"
    }
  ],
  "id": "660d7b1bf3ab960012ce9af6",
  "variants": {
    "count": 0,
    "page_count": 1,
    "page": 1,
    "results": []
  },
  "filename": "new-works-missing-chair-upholstered"
}