{
  "slug": "backhausen-stocked-aurin-md215a18",
  "name": "Aurin MD215A18",
  "description": "<p>Composition: 100% Schurwolle/new woo</p>",
  "sku": "Aurin - MD215A18",
  "active": true,
  "meta_title": "Aurin MD215A18  | Buy Backhausen online at A+R",
  "price": null,
  "currency": "USD",
  "type": "physical",
  "delivery": "shipment",
  "date_created": "2024-04-03T15:44:41.432Z",
  "stock_status": null,
  "date_updated": "2024-04-03T15:44:41.905Z",
  "prices": [],
  "purchase_options": {
    "standard": {
      "active": true,
      "price": null,
      "prices": []
    }
  },
  "images": [
    {
      "file": {
        "id": "660d79697554440012ea049f",
        "date_uploaded": "2024-04-03T15:44:41.821Z",
        "length": 5108,
        "md5": "6995cfb0f791d7b2c933bdbcb9eb85b2",
        "filename": "aurin_md215a18.jpg?v=1622463405",
        "content_type": "image/jpeg",
        "url": "https://cdn.swell.store/b2sdemo_test/660d79697554440012ea049f/6995cfb0f791d7b2c933bdbcb9eb85b2/aurin_md215a18.jpg%3Fv%3D1622463405",
        "uploaded_url": "https://cdn.shopify.com/s/files/1/0012/2005/1002/products/aurin_md215a18.jpg?v=1622463405",
        "width": 192,
        "height": 192
      },
      "id": "660d7969fd60ae001252cfa7"
    }
  ],
  "id": "660d7969b54c690012108b4a",
  "variants": {
    "count": 0,
    "page_count": 1,
    "page": 1,
    "results": []
  },
  "filename": "backhausen-stocked-aurin-md215a18"
}