{
  "slug": "by-interiors-sweepy-ai-chair",
  "name": "Sweepy AI Chair",
  "description": "<h2>Description</h2>\n<!-- split -->\n<p class=\"lead\"> </p>\n<!-- split -->\n<h2>Specifications</h2>\n<!-- split -->\n<h4>Size</h4>\n<ul>\n<li>Without arm: 29.7\" h x 17.5\" w x 19.7\" d (75.5x44.5x50cm)</li>\n<li>With arm: 29.7\" h x 21.1\" w x 19.7\" d (75.5x53.5x50cm)</li>\n<li>Arm height: 24.6\" (62.5cm)</li>\n<li>Seat height: 17.3\" (44cm)</li>\n</ul>\n<h4>Material</h4>\n<p>Polyurethane foam, polyester padding</p>\n<h4>Details</h4>\n<ul>\n<li>Category 2: Pado, Pesba, Report, Record, Yoda, Texture, Sand</li>\n<li>Category 3: Talapo, Report, Record, Yoda, Texture, Sand</li>\n<li>Category 4: Brionne, Frank</li>\n<li>Leather</li>\n<li>COM and COL are available on request</li>\n</ul>",
  "sku": "BYI-SWPY-AI-CAT-2",
  "active": true,
  "meta_title": "Sweepy AI Chair | Buy By Interiors online at A+R",
  "price": 1040,
  "currency": "USD",
  "type": "physical",
  "delivery": "shipment",
  "date_created": "2024-04-03T15:46:35.093Z",
  "stock_status": null,
  "date_updated": "2024-04-03T15:46:35.349Z",
  "prices": [],
  "purchase_options": {
    "standard": {
      "active": true,
      "price": 1040,
      "prices": []
    }
  },
  "id": "660d79db04970100120ef08e",
  "variants": {
    "count": 0,
    "page_count": 1,
    "page": 1,
    "results": []
  },
  "filename": "by-interiors-sweepy-ai-chair"
}