{
  "slug": "by-interiors-bk-side-table",
  "name": "BK Side Table",
  "description": "<h2>Description</h2>\n<!-- split -->\n<p class=\"lead\">Virtuoso artisan skill suffuses By Interiors’ allover marble occasional table with its striking light and clean shape. BK has a timeless geometric profile, down to its astonishingly thin legs—all achieved with the stone painstakingly inlaid in a steel frame. Choose from either the lower coffee table or higher side table in creamy Carrara, inky Marquina or honey Emperador varieties.</p>\n<!-- split -->\n<h2>Specifications</h2>\n<!-- split -->\n<h4>Size</h4>\n<ul>\n<li>Square: 17.7\" h x 15.8\" w x 15.8\" d (45x40x40cm)</li>\n<li>Rectangular: 13.8\" h x 15.8\" w x 34.7\" d (35x40x88cm)</li>\n</ul>\n<h4>Material</h4>\n<p>Steel frame, inlaid marble</p>",
  "sku": "BYI-BK-SID-TBL-SQR-WHI-MAR",
  "active": true,
  "meta_title": "BK Side Table | Buy By Interiors online at A+R",
  "price": 615,
  "currency": "USD",
  "type": "physical",
  "delivery": "shipment",
  "date_created": "2024-04-03T15:46:47.174Z",
  "stock_status": null,
  "date_updated": "2024-04-03T15:46:47.930Z",
  "prices": [],
  "purchase_options": {
    "standard": {
      "active": true,
      "price": 615,
      "prices": []
    }
  },
  "images": [
    {
      "file": {
        "id": "660d79e7b3cdeb00121b43b8",
        "date_uploaded": "2024-04-03T15:46:47.788Z",
        "length": 54844,
        "md5": "c34543df9f9aa8dc8423cbd608269d9c",
        "filename": "White_e22c33fe-66ca-4bbd-90aa-ee04b718a21a.jpg?v=1698138887",
        "content_type": "image/jpeg",
        "url": "https://cdn.swell.store/b2sdemo_test/660d79e7b3cdeb00121b43b8/c34543df9f9aa8dc8423cbd608269d9c/White_e22c33fe-66ca-4bbd-90aa-ee04b718a21a.jpg%3Fv%3D1698138887",
        "uploaded_url": "https://cdn.shopify.com/s/files/1/0012/2005/1002/products/White_e22c33fe-66ca-4bbd-90aa-ee04b718a21a.jpg?v=1698138887",
        "width": 2000,
        "height": 2000
      },
      "id": "660d79e76148c40012ae857f"
    }
  ],
  "id": "660d79e752715700129acdd7",
  "variants": {
    "count": 0,
    "page_count": 1,
    "page": 1,
    "results": []
  },
  "filename": "by-interiors-bk-side-table"
}