{
  "slug": "by-interiors-xt-table",
  "name": "XT Table",
  "description": "<h2>Description</h2>\n<!-- split -->\n<p class=\"lead\">In line with designer Tomoya Tabuchi's vision for Tokyo brand By Interiors, XT has ultra-thin proportions that give an impression of lightness while incorporating durably strong utility. The round table's lithe boomerang-shaped base in powder-coated steel also ensures stability without weightiness. Surfaced in either laminate or a choice of bonded wood veneers, the aluminum tabletop reveals its exposed silvery edge as a graphic punctuation point.</p>\n<!-- split -->\n<h2>Specifications</h2>\n<!-- split -->\n<h4>Size</h4>\n<ul>\n<li>17.7\" h x 17.7\" dia (45x45cm)</li>\n<li>28\" h x 23.6\" dia (71x60cm)</li>\n<li>41.3\" h x 23.6\" dia (105x60cm)</li>\n<li>28\" h x 35.4\" dia (71x90cm)</li>\n</ul>\n<h4>Material</h4>\n<p>Solid aluminum, elm or walnut wood, powder-coated steel</p>\n<h4>Details</h4>\n<p>Made in Japan</p>",
  "sku": "BYI-XT-TBL-23X28-WHI",
  "active": true,
  "meta_title": "XT Table | Buy By Interiors online at A+R",
  "price": 725,
  "currency": "USD",
  "type": "physical",
  "delivery": "shipment",
  "date_created": "2024-04-03T15:47:33.556Z",
  "stock_status": null,
  "date_updated": "2024-04-03T15:47:34.300Z",
  "prices": [],
  "purchase_options": {
    "standard": {
      "active": true,
      "price": 725,
      "prices": []
    }
  },
  "images": [
    {
      "file": {
        "id": "660d7a16dae0b300122e3d12",
        "date_uploaded": "2024-04-03T15:47:34.217Z",
        "length": 86232,
        "md5": "eb41c539dee9fa87e65fc6ad57823da0",
        "filename": "XT_H1050_Wood_c54a827f-60e3-45fd-960c-d331d2660cb0.jpg?v=1644296279",
        "content_type": "image/jpeg",
        "url": "https://cdn.swell.store/b2sdemo_test/660d7a16dae0b300122e3d12/eb41c539dee9fa87e65fc6ad57823da0/XT_H1050_Wood_c54a827f-60e3-45fd-960c-d331d2660cb0.jpg%3Fv%3D1644296279",
        "uploaded_url": "https://cdn.shopify.com/s/files/1/0012/2005/1002/products/XT_H1050_Wood_c54a827f-60e3-45fd-960c-d331d2660cb0.jpg?v=1644296279",
        "width": 2300,
        "height": 2300
      },
      "id": "660d7a1671be100012cc5070"
    }
  ],
  "id": "660d7a1549935a00128ded74",
  "variants": {
    "count": 0,
    "page_count": 1,
    "page": 1,
    "results": []
  },
  "filename": "by-interiors-xt-table"
}