{
  "slug": "by-interiors-fabrics-texture",
  "name": "Texture",
  "description": "<p>Composition: 91% Pvc, 9% Polyester</p>",
  "sku": "BY-INT-TEXT-A401/1",
  "active": true,
  "meta_title": "Texture | Buy By Interiors Fabrics online at A+R",
  "price": null,
  "currency": "USD",
  "type": "physical",
  "delivery": "shipment",
  "date_created": "2024-04-03T15:47:03.951Z",
  "stock_status": null,
  "date_updated": "2024-04-03T15:47:04.483Z",
  "prices": [],
  "purchase_options": {
    "standard": {
      "active": true,
      "price": null,
      "prices": []
    }
  },
  "images": [
    {
      "file": {
        "id": "660d79f82fdde70012128f9b",
        "date_uploaded": "2024-04-03T15:47:04.381Z",
        "length": 7208,
        "md5": "7970731245b9fd48967419c7222240b9",
        "filename": "image_3_d3b4ad71-256f-40ba-b247-f9e494f8b8df.jpg?v=1620898058",
        "content_type": "image/jpeg",
        "url": "https://cdn.swell.store/b2sdemo_test/660d79f82fdde70012128f9b/7970731245b9fd48967419c7222240b9/image_3_d3b4ad71-256f-40ba-b247-f9e494f8b8df.jpg%3Fv%3D1620898058",
        "uploaded_url": "https://cdn.shopify.com/s/files/1/0012/2005/1002/products/image_3_d3b4ad71-256f-40ba-b247-f9e494f8b8df.jpg?v=1620898058",
        "width": 192,
        "height": 192
      },
      "id": "660d79f86797730012b0524c"
    }
  ],
  "id": "660d79f7dae0b300122e3cb3",
  "variants": {
    "count": 0,
    "page_count": 1,
    "page": 1,
    "results": []
  },
  "filename": "by-interiors-fabrics-texture"
}