{
  "slug": "cvl-ip-storm-wall-light",
  "name": "IP Storm Wall Light",
  "description": "<h2>Description</h2>\n<!-- split -->\n<p class=\"lead\">Storm embodies CVL’s elegant shapes, minimalist spirit and immaculate finishes in a wall light expressly made for bathrooms. Émilie Cathelineau’s handsomely mounted column provides warm LED illumination to bracket a mirror or use as a sconce. And a diverse range of both polished and satin metal finishes each give the solid-brass fixture its own unique character.</p>\n<!-- split -->\n<h2>Specifications</h2>\n<!-- split -->\n<h4>Size</h4>\n<ul>\n<li>7.5\" h x 6.1\" w x 6.1\" d (19x15.5x15.5cm)</li>\n<li>Shade: 7.1\" h x 2\" dia (18x5cm)</li>\n<li>Clamp: 4\" dia (10.2cm)</li>\n</ul>\n<h4>Material</h4>\n<p>Metal, polycarbonate</p>\n<h4>Technical</h4>\n<ul>\n<li>LED</li>\n<li>Color temperature: 3000K</li>\n<li>Non-dimmable</li>\n</ul>\n<h4>Details</h4>\n<p>Made in France</p>",
  "sku": "CVL-IP-STRM-WALL-SB",
  "active": true,
  "meta_title": "IP Storm Wall Light | Buy CVL online at A+R",
  "price": null,
  "currency": "USD",
  "type": "physical",
  "delivery": "shipment",
  "date_created": "2024-04-03T15:51:59.368Z",
  "stock_status": null,
  "date_updated": "2024-04-03T15:52:00.620Z",
  "prices": [],
  "purchase_options": {
    "standard": {
      "active": true,
      "price": null,
      "prices": []
    }
  },
  "images": [
    {
      "file": {
        "id": "660d7b20d739ac0012d7dc1a",
        "date_uploaded": "2024-04-03T15:52:00.504Z",
        "length": 228968,
        "md5": "1ea608673637e00c45c92061c2548586",
        "filename": "appliquestormSB1.jpg?v=1665040819",
        "content_type": "image/jpeg",
        "url": "https://cdn.swell.store/b2sdemo_test/660d7b20d739ac0012d7dc1a/1ea608673637e00c45c92061c2548586/appliquestormSB1.jpg%3Fv%3D1665040819",
        "uploaded_url": "https://cdn.shopify.com/s/files/1/0012/2005/1002/products/appliquestormSB1.jpg?v=1665040819",
        "width": 3500,
        "height": 3500
      },
      "id": "660d7b2071be100012cc5801"
    }
  ],
  "id": "660d7b1f6797730012b055a8",
  "variants": {
    "count": 0,
    "page_count": 1,
    "page": 1,
    "results": []
  },
  "filename": "cvl-ip-storm-wall-light"
}