{
  "slug": "established-sons-wrongwoods-tray",
  "name": "Wrongwoods Tray",
  "description": "<h2>Description</h2>\n<!-- split -->\n<p class=\"\"> <br></p>\n<!-- split -->\n<h2>Specification</h2>\n<!-- split -->\n<h4>Size</h4>\n<p>2.7\" h x 17.3\" w x 13\" d (7x44x33cm)</p>\n<h4>Material</h4>\n<p>Plywood, timber</p>",
  "sku": "EST-4410",
  "active": true,
  "meta_title": "Wrongwoods Tray | Buy Established & Sons online at A+R",
  "price": 158,
  "currency": "USD",
  "type": "physical",
  "delivery": "shipment",
  "date_created": "2024-04-03T15:51:27.292Z",
  "stock_status": null,
  "date_updated": "2024-04-03T15:51:28.190Z",
  "prices": [],
  "purchase_options": {
    "standard": {
      "active": true,
      "price": 158,
      "prices": []
    }
  },
  "images": [
    {
      "file": {
        "id": "660d7b00c3a01200123a8de2",
        "date_uploaded": "2024-04-03T15:51:28.076Z",
        "length": 415900,
        "md5": "62bdc18fec858a42c96a920debbbd53a",
        "filename": "WRONGWOODS_tray_candyman_4410_R-Woods-and-S-Wrong__2012_EstablishedandSons__PeterGuenzel_White-Background-02_72dpi.jpg?v=1631093116",
        "content_type": "image/jpeg",
        "url": "https://cdn.swell.store/b2sdemo_test/660d7b00c3a01200123a8de2/62bdc18fec858a42c96a920debbbd53a/WRONGWOODS_tray_candyman_4410_R-Woods-and-S-Wrong__2012_EstablishedandSons__PeterGuenzel_White-Background-02_72dpi.jpg%3Fv%3D1631093116",
        "uploaded_url": "https://cdn.shopify.com/s/files/1/0012/2005/1002/products/WRONGWOODS_tray_candyman_4410_R-Woods-and-S-Wrong__2012_EstablishedandSons__PeterGuenzel_White-Background-02_72dpi.jpg?v=1631093116",
        "width": 2500,
        "height": 2500
      },
      "id": "660d7b00d406000012ba493b"
    }
  ],
  "id": "660d7aff2a1fa5001173ec17",
  "variants": {
    "count": 0,
    "page_count": 1,
    "page": 1,
    "results": []
  },
  "filename": "established-sons-wrongwoods-tray"
}