{
  "slug": "established-sons-aura-suspension-light",
  "name": "Aura Suspension Light",
  "description": "<h2>Description</h2>\n<!-- split -->\n<p class=\"lead\">Netherlands-based designer Sabine Marcelis’ knack for translucent resin takes an eco-friendly tack with Aura. The cylindrical light is made from a bio-epoxy material, formulated using by-products from the agricultural industry. A replaceable glass LED tube inside the resin housing creates a warm glow and the fixture, in rose or yellow,  can stand alone or work as part of a grouping.</p>\n<!-- split -->\n<h2>Specifications</h2>\n<!-- split -->\n<h4>Size</h4>\n<ul>\n<li>3.5\" h x 43.3\" w x 3\" d (8.8x110x7.5cm)</li>\n<li>Cable length: 78.7\" (200cm)</li>\n</ul>\n<h4>Material</h4>\n<p>Polyester resin, powder-coated steel</p>\n<h4>Technical</h4>\n<ul>\n<li>Contact us for UL details<br data-mce-fragment=\"1\">\n</li>\n<li>LED</li>\n<li>Color temperature: 2700K</li>\n</ul>",
  "sku": "EST-7211",
  "active": true,
  "meta_title": "Aura Suspension Light | Buy Established & Sons online at A+R",
  "price": 2175,
  "currency": "USD",
  "type": "physical",
  "delivery": "shipment",
  "date_created": "2024-04-03T15:51:50.573Z",
  "stock_status": null,
  "date_updated": "2024-04-03T15:51:51.727Z",
  "prices": [],
  "purchase_options": {
    "standard": {
      "active": true,
      "price": 2175,
      "prices": []
    }
  },
  "images": [
    {
      "file": {
        "id": "660d7b177737200012ce1674",
        "date_uploaded": "2024-04-03T15:51:51.611Z",
        "length": 141776,
        "md5": "4daefdcab351ffda8018f2e71f9a4869",
        "filename": "AURA-LIGHT_S1_Apricot_7210_Sabine-Marcelis__2020_EstablishedandSons__Peter-Guenzel_White-Background_Lit-Straight-On_72dpi.jpg?v=1685535509",
        "content_type": "image/jpeg",
        "url": "https://cdn.swell.store/b2sdemo_test/660d7b177737200012ce1674/4daefdcab351ffda8018f2e71f9a4869/AURA-LIGHT_S1_Apricot_7210_Sabine-Marcelis__2020_EstablishedandSons__Peter-Guenzel_White-Background_Lit-Straight-On_72dpi.jpg%3Fv%3D1685535509",
        "uploaded_url": "https://cdn.shopify.com/s/files/1/0012/2005/1002/files/AURA-LIGHT_S1_Apricot_7210_Sabine-Marcelis__2020_EstablishedandSons__Peter-Guenzel_White-Background_Lit-Straight-On_72dpi.jpg?v=1685535509",
        "width": 4000,
        "height": 4000
      },
      "id": "660d7b177737200012ce1678"
    }
  ],
  "id": "660d7b16defd8a001263d104",
  "variants": {
    "count": 0,
    "page_count": 1,
    "page": 1,
    "results": []
  },
  "filename": "established-sons-aura-suspension-light"
}