{
  "slug": "established-sons-store-storage-containers",
  "name": "Store Storage Containers",
  "description": "<h2>Description</h2>\n<!-- split -->\n<p class=\"lead\">Established &amp; Sons assembles a collection of graphic ceramic storage jars inspired by the familiar shape of a space capsule. Stash out-of-this-world treasures in the variously sized containers, which come in a choice of crisp colors in combinations of gloss and matte finish. There are 4 options in all, each generously scaled, and they are topped with natural cork lids and have a secure silicone seal.</p>\n<!-- split -->\n<h2>Specification</h2>\n<!-- split -->\n<h4>Size</h4>\n<ul>\n<li>Small: 5.5\" h x 5.5\" dia (14x14cm)</li>\n<li>Medium: 6.9\" h x 5.5\" dia (17.5x14cm)</li>\n<li>Large: 8.3\" h x 5.5\" dia (21x14cm)<br>\n</li>\n<li>Extra Large: 7.1\" h x 8.5\" dia (18x21.5cm)</li>\n</ul>\n<h4>Material</h4>\n<p>Matt or gloss glazed ceramic, cork, silicone</p>",
  "sku": "EST-1487",
  "active": true,
  "meta_title": "Store Storage Containers | Buy Established & Sons online at A+R",
  "price": 80,
  "currency": "USD",
  "type": "physical",
  "delivery": "shipment",
  "date_created": "2024-04-03T15:51:43.999Z",
  "stock_status": null,
  "date_updated": "2024-04-03T15:51:44.816Z",
  "prices": [],
  "purchase_options": {
    "standard": {
      "active": true,
      "price": 80,
      "prices": []
    }
  },
  "images": [
    {
      "file": {
        "id": "660d7b10b54c69001210903a",
        "date_uploaded": "2024-04-03T15:51:44.736Z",
        "length": 87812,
        "md5": "8c0cced96b643727f4e961ace2a696aa",
        "filename": "BlackSmall_9da6828f-253f-4d57-b71b-f51e60522221.jpg?v=1687256851",
        "content_type": "image/jpeg",
        "url": "https://cdn.swell.store/b2sdemo_test/660d7b10b54c69001210903a/8c0cced96b643727f4e961ace2a696aa/BlackSmall_9da6828f-253f-4d57-b71b-f51e60522221.jpg%3Fv%3D1687256851",
        "uploaded_url": "https://cdn.shopify.com/s/files/1/0012/2005/1002/files/BlackSmall_9da6828f-253f-4d57-b71b-f51e60522221.jpg?v=1687256851",
        "width": 2500,
        "height": 2500
      },
      "id": "660d7b10afd4b400121807be"
    }
  ],
  "id": "660d7b0fbe2c5900123d2b28",
  "variants": {
    "count": 0,
    "page_count": 1,
    "page": 1,
    "results": []
  },
  "filename": "established-sons-store-storage-containers"
}