{
  "slug": "ferm-living-sekki-milk-jar",
  "name": "Sekki Milk Jar",
  "description": "<h2>Description</h2>\n<!-- split -->\n<p class=\"lead\"> </p>\n<!-- split -->\n<h2>Specifications</h2>\n<!-- split -->\n<h4>Size</h4>\n<p>3.7\" h x 3.1\" w x 4.7\" d (9.5x8x12cm)</p>\n<h4>Material</h4>\n<p>Stoneware, cream coloured glaze</p>",
  "sku": "FL-100590209",
  "active": true,
  "meta_title": "Sekki Milk Jar | Buy Ferm Living online at A+R",
  "price": 18,
  "currency": "USD",
  "type": "physical",
  "delivery": "shipment",
  "date_created": "2024-04-03T15:48:13.533Z",
  "stock_status": null,
  "date_updated": "2024-04-03T15:48:13.628Z",
  "prices": [],
  "purchase_options": {
    "standard": {
      "active": true,
      "price": 18,
      "prices": []
    }
  },
  "id": "660d7a3dad75db0013047fe2",
  "variants": {
    "count": 0,
    "page_count": 1,
    "page": 1,
    "results": []
  },
  "filename": "ferm-living-sekki-milk-jar"
}