{
  "slug": "ferm-living-chess-cutting-board",
  "name": "Chess Cutting Board",
  "description": "<h2>Description</h2>\n<!-- split -->\n<p class=\"lead\"> </p>\n<!-- split -->\n<h2>Specifications</h2>\n<!-- split -->\n<h4>Size</h4>\n<ul>\n<li>Rectangle\n<ul>\n<li>Small: 1.9\" h x 15.7\" w x 5.9\" d (4.7x40x15cm)</li>\n<li>Large: 1.9\" h x 15.7\" w x 9.8\" d (4.7x40x25cm)</li>\n</ul>\n</li>\n<li>Round\n<ul>\n<li>Small: 2.6\" h x 11.8\" dia (6.5x30cm)</li>\n<li>Large: 2.6\" h x 17.7\" dia (6.5x45cm)</li>\n</ul>\n</li>\n</ul>\n<h4>Material</h4>\n<p>100% FSC™-certified larch wood</p>",
  "sku": "FL-1104263150",
  "active": true,
  "meta_title": "Chess Cutting Board | Buy Ferm Living online at A+R",
  "price": 68,
  "currency": "USD",
  "type": "physical",
  "delivery": "shipment",
  "date_created": "2024-04-03T15:49:39.930Z",
  "stock_status": null,
  "date_updated": "2024-04-03T15:49:40.579Z",
  "prices": [],
  "purchase_options": {
    "standard": {
      "active": true,
      "price": 68,
      "prices": []
    }
  },
  "images": [
    {
      "file": {
        "id": "660d7a94da78770012403df9",
        "date_uploaded": "2024-04-03T15:49:40.480Z",
        "length": 53004,
        "md5": "51caf5398ecbd75cf09fe4f10bdc505c",
        "filename": "1104263150_1.jpg?v=1620038864",
        "content_type": "image/jpeg",
        "url": "https://cdn.swell.store/b2sdemo_test/660d7a94da78770012403df9/51caf5398ecbd75cf09fe4f10bdc505c/1104263150_1.jpg%3Fv%3D1620038864",
        "uploaded_url": "https://cdn.shopify.com/s/files/1/0012/2005/1002/products/1104263150_1.jpg?v=1620038864",
        "width": 1920,
        "height": 1920
      },
      "id": "660d7a94cea5e10012b89f79"
    }
  ],
  "id": "660d7a9356978b001299181a",
  "variants": {
    "count": 0,
    "page_count": 1,
    "page": 1,
    "results": []
  },
  "filename": "ferm-living-chess-cutting-board"
}