{
  "slug": "ferm-living-hale-pot-holders-set-of-2",
  "name": "Hale Pot Holders: Set Of 2",
  "description": "<h2>Description</h2>\n<!-- split -->\n<p class=\"lead\"> </p>\n<!-- split -->\n<h2>Specifications</h2>\n<!-- split -->\n<h4>Size</h4>\n<p>7.8\" h x 7.8\" w x 0.39\" d (20x20x1cm)</p>\n<h4>Material</h4>\n<p>50% cotton, 50% linen</p>",
  "sku": "FL-1104263229",
  "active": true,
  "meta_title": "Hale Pot Holders: Set Of 2 | Buy Ferm Living online at A+R",
  "price": 18,
  "currency": "USD",
  "type": "physical",
  "delivery": "shipment",
  "date_created": "2024-04-03T15:49:05.929Z",
  "stock_status": null,
  "date_updated": "2024-04-03T15:49:06.017Z",
  "prices": [],
  "purchase_options": {
    "standard": {
      "active": true,
      "price": 18,
      "prices": []
    }
  },
  "id": "660d7a71dea85b0012cc0e82",
  "variants": {
    "count": 0,
    "page_count": 1,
    "page": 1,
    "results": []
  },
  "filename": "ferm-living-hale-pot-holders-set-of-2"
}