{
  "slug": "ferm-living-dora-toilet-paper-stand",
  "name": "Dora Toilet Paper Stand",
  "description": "<h2>Description</h2>\n<!-- split -->\n<p class=\"lead\"> </p>\n<!-- split -->\n<h2>Specifications</h2>\n<!-- split -->\n<h4>Size</h4>\n<p>24.3\" h x 6.9\" w x 5.2\" d (61.7x17.5x13.3cm)</p>\n<h4>Material</h4>\n<p>Powder-coated stainless steel</p>",
  "sku": "FL-1104263262",
  "active": true,
  "meta_title": "Dora Toilet Paper Stand | Buy Ferm Living online at A+R",
  "price": 45,
  "currency": "USD",
  "type": "physical",
  "delivery": "shipment",
  "date_created": "2024-04-03T15:49:33.266Z",
  "stock_status": null,
  "date_updated": "2024-04-03T15:49:33.356Z",
  "prices": [],
  "purchase_options": {
    "standard": {
      "active": true,
      "price": 45,
      "prices": []
    }
  },
  "id": "660d7a8d0c0a980012094021",
  "variants": {
    "count": 0,
    "page_count": 1,
    "page": 1,
    "results": []
  },
  "filename": "ferm-living-dora-toilet-paper-stand"
}