{
  "slug": "ferm-living-flow-mug",
  "name": "Flow Mug",
  "description": "<h2>Description</h2>\n<!-- split -->\n<p class=\"lead\"> </p>\n<!-- split -->\n<h2>Specifications</h2>\n<!-- split -->\n<h4>Size</h4>\n<p>4.3\" h x 3.5\" w x 4.7\" d (11x9x12cm)</p>\n<h4>Material</h4>\n<p>Glazed porcelain</p>",
  "sku": "FL-110240101",
  "active": true,
  "meta_title": "Flow Mug | Buy Ferm Living online at A+R",
  "price": 13,
  "currency": "USD",
  "type": "physical",
  "delivery": "shipment",
  "date_created": "2024-04-03T15:49:21.791Z",
  "stock_status": null,
  "date_updated": "2024-04-03T15:49:21.876Z",
  "prices": [],
  "purchase_options": {
    "standard": {
      "active": true,
      "price": 13,
      "prices": []
    }
  },
  "id": "660d7a81ed32660012b0c36b",
  "variants": {
    "count": 0,
    "page_count": 1,
    "page": 1,
    "results": []
  },
  "filename": "ferm-living-flow-mug"
}