{
  "slug": "gabriel-europost",
  "name": "Europost",
  "description": "<p>Composition: 100% New Zealand wool, Lightfastness: 5-7</p>",
  "sku": "EURO-60000",
  "active": true,
  "meta_title": "Europost | Buy kvadrat online at A+R",
  "price": null,
  "currency": "USD",
  "type": "physical",
  "delivery": "shipment",
  "date_created": "2024-04-03T15:45:47.662Z",
  "stock_status": null,
  "date_updated": "2024-04-03T15:45:47.754Z",
  "prices": [],
  "purchase_options": {
    "standard": {
      "active": true,
      "price": null,
      "prices": []
    }
  },
  "id": "660d79ab2e54070012d284cb",
  "variants": {
    "count": 0,
    "page_count": 1,
    "page": 1,
    "results": []
  },
  "filename": "gabriel-europost"
}