{
  "slug": "karakter-principal-dining-table",
  "name": "Principal Dining Table",
  "description": "<h2>Description</h2>\n<!-- split -->\n<p class=\"lead\">Bodil Kjær’s solid wood dining table displays a pleasing equation of right angles, a telling motif repeated through the legs and the ends of the tabletop. A pioneering woman in Danish design, Bodil brought her keen architect’s eye to Principal and its related side chair (also at A+R) in the circa-1961 series. Beautifully crafted in several versions of solid oak or in walnut, with a veneer surface and matte-lacquer finish, the table from Copenhagen’s Karakter remains as relevant today as it was at its midcentury debut.<br></p>\n<!-- split -->\n<h2>Specifications</h2>\n<!-- split -->\n<h4>Size</h4>\n<ul>\n<li>Small: 28.3\" h x 95\" w x 39.4\" d (72x241.3x100cm)</li>\n<li>Medium: 28.3\" h x 103\" w x 39.4\" d (72x261.6x100cm)</li>\n<li>Large: 28.3\" h x 110\" w x 39.4\" d (72x279.4x100cm)</li>\n</ul>\n<h4>Material</h4>\n<p>Solid oak or walnut</p>\n<h4>Details</h4>\n<p>Made in <span data-mce-fragment=\"1\">Netherlands</span></p>",
  "sku": "KAR-201714-OL",
  "active": true,
  "meta_title": "Principal Dining Table | Buy Karakter online at A+R",
  "price": 3413,
  "currency": "USD",
  "type": "physical",
  "delivery": "shipment",
  "date_created": "2024-04-03T15:50:24.269Z",
  "stock_status": null,
  "date_updated": "2024-04-03T15:50:25.581Z",
  "prices": [],
  "purchase_options": {
    "standard": {
      "active": true,
      "price": 3413,
      "prices": []
    }
  },
  "images": [
    {
      "file": {
        "id": "660d7ac1dea85b0012cc0f7a",
        "date_uploaded": "2024-04-03T15:50:25.485Z",
        "length": 193488,
        "md5": "1060216f7e21744c7c52bb5a1401f63a",
        "filename": "Naturaloakcopylarge.jpg?v=1683542185",
        "content_type": "image/jpeg",
        "url": "https://cdn.swell.store/b2sdemo_test/660d7ac1dea85b0012cc0f7a/1060216f7e21744c7c52bb5a1401f63a/Naturaloakcopylarge.jpg%3Fv%3D1683542185",
        "uploaded_url": "https://cdn.shopify.com/s/files/1/0012/2005/1002/files/Naturaloakcopylarge.jpg?v=1683542185",
        "width": 4000,
        "height": 4000
      },
      "id": "660d7ac181aded0012d2279c"
    }
  ],
  "id": "660d7ac049935a00128def77",
  "variants": {
    "count": 0,
    "page_count": 1,
    "page": 1,
    "results": []
  },
  "filename": "karakter-principal-dining-table"
}