{
  "slug": "karakter-office-desk",
  "name": "Office Desk",
  "description": "<h2>Description</h2>\n<!-- split -->\n<p class=\"lead\">A female trailblazer of Danish design, Bodil Kjær often looked to American midcentury figures as inspiration for pieces like her iconic 1959 Office Desk. With its broad, seemingly floating surface, its pays subtle homage to the brothers Eames and Paul McCobb—and it's so emblematic of its era that it was dubbed the “James Bond desk” and featured thrice in the movie series (<meta charset=\"UTF-8\"><em data-mce-fragment=\"1\">From Russia With Love; You Only Live Twice</em><span data-mce-fragment=\"1\"> and </span><em data-mce-fragment=\"1\">On Her Majesty's Secret Service</em><span data-mce-fragment=\"1\">). With</span> an outsize desktop made of solid oak and oak veneer, the geometric aluminum base is offered in a lacquered red or grey. </p>\n<!-- split -->\n<h2>Specifications</h2>\n<!-- split -->\n<h4>Size</h4>\n<p>29.5\" h x 70.9\" w x 35.4\" d (75x180x90cm)</p>\n<h4>Material</h4>\n<p>Oak veneer, <span data-mce-fragment=\"1\">powder-coated or brushed stainless steel</span></p>",
  "sku": "KAR-202166-OW-G",
  "active": true,
  "meta_title": "Office Desk | Buy Karakter online at A+R",
  "price": 4843,
  "currency": "USD",
  "type": "physical",
  "delivery": "shipment",
  "date_created": "2024-04-03T15:50:25.878Z",
  "stock_status": null,
  "date_updated": "2024-04-03T15:50:27.315Z",
  "prices": [],
  "purchase_options": {
    "standard": {
      "active": true,
      "price": 4843,
      "prices": []
    }
  },
  "images": [
    {
      "file": {
        "id": "660d7ac3f3ab960012ce99ce",
        "date_uploaded": "2024-04-03T15:50:27.214Z",
        "length": 257528,
        "md5": "e81da86318a22b08b7cc071355eae08e",
        "filename": "Karakter_Office_Desk_Grey_frame_White_Stained_Oak_Packshot_Front.jpg?v=1698209086",
        "content_type": "image/jpeg",
        "url": "https://cdn.swell.store/b2sdemo_test/660d7ac3f3ab960012ce99ce/e81da86318a22b08b7cc071355eae08e/Karakter_Office_Desk_Grey_frame_White_Stained_Oak_Packshot_Front.jpg%3Fv%3D1698209086",
        "uploaded_url": "https://cdn.shopify.com/s/files/1/0012/2005/1002/files/Karakter_Office_Desk_Grey_frame_White_Stained_Oak_Packshot_Front.jpg?v=1698209086",
        "width": 4000,
        "height": 4000
      },
      "id": "660d7ac3fa71d90012ddb504"
    }
  ],
  "id": "660d7ac1defd8a001263d015",
  "variants": {
    "count": 0,
    "page_count": 1,
    "page": 1,
    "results": []
  },
  "filename": "karakter-office-desk"
}