{
  "slug": "karakter-rampa-shelf",
  "name": "Rampa Shelf",
  "description": "<h2>Description</h2>\n<!-- split -->\n<p class=\"lead\">Inspired by florist’s stands in Italian town squares, designer brothers Achille and Pier Giacomo Castiglioni debuted their stylish workstation on wheels in 1965. Four broad steps covered with tempered glass serve as a bookshelf, with a storage compartment under the lowest step. On Rampa's reverse, a desktop drops down to reveal storage cubbies and mini-drawers, with bookshelves above and below. With 4 castors and brakes, the unit can be moved at will and it comes in oiled smoked oak finish or natural with darker smoked detailing. </p>\n<!-- split -->\n<h2>Specifications</h2>\n<!-- split -->\n<h4>Size</h4>\n<p>28.3\" h x 39.4\" w x 31.5\" d (72x100x80cm)</p>\n<h4>Material</h4>\n<p><span data-mce-fragment=\"1\">Oak</span> veneer</p>",
  "sku": "KAR-200495",
  "active": true,
  "meta_title": "Rampa Shelf | Buy Karakter online at A+R",
  "price": 6498,
  "currency": "USD",
  "type": "physical",
  "delivery": "shipment",
  "date_created": "2024-04-03T15:50:19.562Z",
  "stock_status": null,
  "date_updated": "2024-04-03T15:50:21.070Z",
  "prices": [],
  "purchase_options": {
    "standard": {
      "active": true,
      "price": 6498,
      "prices": []
    }
  },
  "images": [
    {
      "file": {
        "id": "660d7abcad75db00130481e5",
        "date_uploaded": "2024-04-03T15:50:20.973Z",
        "length": 789336,
        "md5": "b9076f6f1e763a91ef17149364dfd424",
        "filename": "Rampa_Oiled_Oak_Pack_01_1.jpg?v=1683637569",
        "content_type": "image/jpeg",
        "url": "https://cdn.swell.store/b2sdemo_test/660d7abcad75db00130481e5/b9076f6f1e763a91ef17149364dfd424/Rampa_Oiled_Oak_Pack_01_1.jpg%3Fv%3D1683637569",
        "uploaded_url": "https://cdn.shopify.com/s/files/1/0012/2005/1002/files/Rampa_Oiled_Oak_Pack_01_1.jpg?v=1683637569",
        "width": 3000,
        "height": 3000
      },
      "id": "660d7abdbdce9b00123d444d"
    }
  ],
  "id": "660d7abb96aae300122f01d9",
  "variants": {
    "count": 0,
    "page_count": 1,
    "page": 1,
    "results": []
  },
  "filename": "karakter-rampa-shelf"
}