{
  "slug": "karimoku-case-minatomirai-cafe-chair-n-dc03-upholstered",
  "name": "Minatomirai Cafe Chair N-DC03: Upholstered",
  "description": "<h2>Description</h2>\n<!-- split -->\n<p class=\"lead\">Custom seat upholstery complements the warm aesthetic of Karimoku Case's cafe chair in solid oak. First designed for its namesake Minatomirai Cafe in Yokohama, Japan, the compact seating version is imbued with ergomatic contours and features a choice of natural pure or smoked wood finishes. With the collaboration of Copenhagen’s Norm Architects and multidisciplinary designer Keiji Ashizawa, no detail has been overlooked in this thoughtful hybrid of exacting Danish and Japanese expression.</p>\n<!-- split -->\n<h2>Specifications</h2>\n<!-- split -->\n<h4>Size</h4>\n<ul>\n<li>28.7\" h x 17.9\" w x 19.3\" d (73x45.5x49cm)</li>\n<li>Seat height: 18.1\" (46cm)</li>\n</ul>\n<h4>Material</h4>\n<p>Oak</p>\n<h4>Details</h4>\n<ul>\n<li>Steelcut Trio 3</li>\n<li>Hallingdal 65</li>\n<li>Vidar 4</li>\n<li>Coda 2</li>\n<li>Leather Leabelle</li>\n<li>Maple<br>\n</li>\n<li>Moss</li>\n<li>COM and COL are available on request</li>\n</ul>",
  "sku": "KCS-C32405-E-ST3",
  "active": true,
  "meta_title": "Minatomirai Cafe Chair N-DC03: Upholstered | Buy Karimoku Case online at A+R",
  "price": 528,
  "currency": "USD",
  "type": "physical",
  "delivery": "shipment",
  "date_created": "2024-04-03T15:52:53.385Z",
  "stock_status": null,
  "date_updated": "2024-04-03T15:52:54.224Z",
  "prices": [],
  "purchase_options": {
    "standard": {
      "active": true,
      "price": 528,
      "prices": []
    }
  },
  "images": [
    {
      "file": {
        "id": "660d7b56fa71d90012ddb6dc",
        "date_uploaded": "2024-04-03T15:52:54.122Z",
        "length": 210764,
        "md5": "a924d75be1f3f4153c925002d5ac8821",
        "filename": "MinatomiraiCafeChairN-DC03Upholstered_4e8e6b85-7378-4e0f-8ed5-b0292821fc95.jpg?v=1682739854",
        "content_type": "image/jpeg",
        "url": "https://cdn.swell.store/b2sdemo_test/660d7b56fa71d90012ddb6dc/a924d75be1f3f4153c925002d5ac8821/MinatomiraiCafeChairN-DC03Upholstered_4e8e6b85-7378-4e0f-8ed5-b0292821fc95.jpg%3Fv%3D1682739854",
        "uploaded_url": "https://cdn.shopify.com/s/files/1/0012/2005/1002/files/MinatomiraiCafeChairN-DC03Upholstered_4e8e6b85-7378-4e0f-8ed5-b0292821fc95.jpg?v=1682739854",
        "width": 2500,
        "height": 2500
      },
      "id": "660d7b56d8e0560012e29d86"
    }
  ],
  "id": "660d7b557554440012ea0a11",
  "variants": {
    "count": 0,
    "page_count": 1,
    "page": 1,
    "results": []
  },
  "filename": "karimoku-case-minatomirai-cafe-chair-n-dc03-upholstered"
}