{
  "slug": "lambert-fils-beaubien-suspension-10-lamp-with-domes",
  "name": "Beaubien Suspension 10 Lamp with Domes",
  "description": "<h2>Description</h2>\n<!-- split -->\n<p class=\"lead\">Spectacularly scaled and aglow with 10 milk glass orbs radiating warm LED light, Beaubien 10 is a commanding presence. The largest of this series of Lambert &amp; Fils' shaded suspension lamps, it features the characteristic  twisting and turning black structure with warm brass connectors and metal domes in a choice of the brass or graphite. A wondrous coup ?de ?theatre, it’s completely handmade at the brand's Montreal atelier.</p>\n<!-- split -->\n<h2>Specifications</h2>\n<!-- split -->\n<h4>Size</h4>\n<p>31.9\" h x 108\" w x 40.2\" d (81x274x102cm)</p>\n<h4>Material</h4>\n<p>Powder-coated steel or aluminum, brass, frosted milk glass globes</p>\n<h4>Technical</h4>\n<ul>\n<li>UL Listed</li>\n<li>G9</li>\n<li>Color temperature: 2700K, 3000K</li>\n<li>Bulb included</li>\n</ul>\n<ul></ul>\n<ul></ul>",
  "sku": "LAM-BEA10BKBR",
  "active": true,
  "meta_title": "Beaubien Suspension 10 Lamp with Domes | Buy Lambert & Fils online at A+R",
  "price": 5248,
  "currency": "USD",
  "type": "physical",
  "delivery": "shipment",
  "date_created": "2024-04-03T15:52:31.241Z",
  "stock_status": null,
  "date_updated": "2024-04-03T15:52:32.233Z",
  "prices": [],
  "purchase_options": {
    "standard": {
      "active": true,
      "price": 5248,
      "prices": []
    }
  },
  "images": [
    {
      "file": {
        "id": "660d7b40dea85b0012cc10b7",
        "date_uploaded": "2024-04-03T15:52:32.146Z",
        "length": 165576,
        "md5": "125eb4b35d34db448ad7890cd625f48a",
        "filename": "BEA10BKGR_1-1300x1300_1_862eb7ce-0c6d-4cc1-a355-5b5e8f9484c9.jpg?v=1686027748",
        "content_type": "image/jpeg",
        "url": "https://cdn.swell.store/b2sdemo_test/660d7b40dea85b0012cc10b7/125eb4b35d34db448ad7890cd625f48a/BEA10BKGR_1-1300x1300_1_862eb7ce-0c6d-4cc1-a355-5b5e8f9484c9.jpg%3Fv%3D1686027748",
        "uploaded_url": "https://cdn.shopify.com/s/files/1/0012/2005/1002/files/BEA10BKGR_1-1300x1300_1_862eb7ce-0c6d-4cc1-a355-5b5e8f9484c9.jpg?v=1686027748",
        "width": 3500,
        "height": 3500
      },
      "id": "660d7b406148c40012ae8a89"
    }
  ],
  "id": "660d7b3ff9c6dc0012bc559b",
  "variants": {
    "count": 0,
    "page_count": 1,
    "page": 1,
    "results": []
  },
  "filename": "lambert-fils-beaubien-suspension-10-lamp-with-domes"
}