{
  "slug": "lambert-fils-laurent-07-suspension-lamp",
  "name": "Laurent 07 Suspension Lamp",
  "description": "<h2>Description</h2>\n<!-- split -->\n<p class=\"lead\">In an intriguingly off-kilter arrangement, Laurent 07 sees 3 of the series' hallmark milk glass globes seemingly sliced by a metal plane. The handblown opaline forms provide warmly diffused points of LED light in a structure that comes in an appealing choice of polished brass, nickel-plate or powder-coated colored aluminum. Offered in either an angled- or parallel-mount model, the suspension lamp is handmade at the brand's Montreal atelier.  </p>\n<!-- split -->\n<h2>Specifications</h2>\n<!-- split -->\n<h4>Size</h4>\n<ul>\n<li>96.9\" h x 31\" w x 7.9\" d (246x79x20cm)</li>\n<li>Shade: 5.5\" (14cm)</li>\n<li>Canopy: 2\" h (5cm)</li>\n<li>Cord length: 83.9\" (213cm)</li>\n</ul>\n<h4>Material</h4>\n<p>Powder-coated aluminum or nickel-plated steel, polished brass, handblown opaline glass globe, polyester</p>\n<h4>Technical</h4>\n<ul>\n<li>UL Listed</li>\n<li>G9</li>\n<li>Color temperature: 2700K, 3000K</li>\n<li>Dimmable</li>\n<li>Bulb included</li>\n</ul>",
  "sku": "LAM-LRT07BKBKBKAW",
  "active": true,
  "meta_title": "Laurent 07 Suspension Lamp | Buy Lambert & Fils online at A+R",
  "price": 1403,
  "currency": "USD",
  "type": "physical",
  "delivery": "shipment",
  "date_created": "2024-04-03T15:53:54.192Z",
  "stock_status": null,
  "date_updated": "2024-04-03T15:53:54.784Z",
  "prices": [],
  "purchase_options": {
    "standard": {
      "active": true,
      "price": 1403,
      "prices": []
    }
  },
  "images": [
    {
      "file": {
        "id": "660d7b92f9c6dc0012bc56dc",
        "date_uploaded": "2024-04-03T15:53:54.685Z",
        "length": 71756,
        "md5": "18577a7bff3684043512452824671b9f",
        "filename": "LRT07BEBE_1_1_f110553c-657c-4852-a9a9-a16d16364105.jpg?v=1704689802",
        "content_type": "image/jpeg",
        "url": "https://cdn.swell.store/b2sdemo_test/660d7b92f9c6dc0012bc56dc/18577a7bff3684043512452824671b9f/LRT07BEBE_1_1_f110553c-657c-4852-a9a9-a16d16364105.jpg%3Fv%3D1704689802",
        "uploaded_url": "https://cdn.shopify.com/s/files/1/0012/2005/1002/files/LRT07BEBE_1_1_f110553c-657c-4852-a9a9-a16d16364105.jpg?v=1704689802",
        "width": 2000,
        "height": 2000
      },
      "id": "660d7b92c7e955001277ea09"
    }
  ],
  "id": "660d7b921c71db00124578e0",
  "variants": {
    "count": 0,
    "page_count": 1,
    "page": 1,
    "results": []
  },
  "filename": "lambert-fils-laurent-07-suspension-lamp"
}