{
  "slug": "lambert-fils-cliff-suspension-lamp",
  "name": "Cliff Suspension Lamp",
  "description": "<h2>Description</h2>\n<!-- split -->\n<p class=\"lead\">Cliff takes form as a linear cluster with a suspension lamp series in brass or graphite finish that features milk glass globes, all signature elements from the Montreal-based workshop of Lambert &amp; Fils. In a range of proportionate sizes, the robust but functional arrangement of metal rods spreads the softened LED illumination across an interior space. A masterstroke of geometric appeal, the light also includes a matching canopy with a swivel option for slanted ceilings. </p>\n<!-- split -->\n<h2>Specifications</h2>\n<!-- split -->\n<h4>Size</h4>\n<ul>\n<li>Cliff 01 (24\"): 24\" h x 22.4\" w x 42.9\" d (61x57x109cm)</li>\n<li>Cliff 01 (29.9\"): 29.9\" h x 22.4\" w x 42.9\" d (76x57x109cm)</li>\n<li>Cliff 01 (35.8\"): 35.8\" h x 22.4\" w x 42.9\" d (91x57x109cm)</li>\n<li>Cliff 01 (42.1\"): 42.1\" h x 22.4\" w x 42.9\" d (107x57x109cm)</li>\n<li>Cliff 01 (54\"): 53.9\" h x 22.4\" w x 42.9\" d (137x57x109cm)</li>\n</ul>\n<h4>Material</h4>\n<p>Brass, milk glass globes</p>\n<h4>Technical</h4>\n<ul>\n<li><span>UL Listed</span></li>\n<li>G9</li>\n<li>Color temperature: 2700K, 3000K</li>\n<li>Bulb included</li>\n</ul>\n<ul></ul>",
  "sku": "LAM-CLI01BRA",
  "active": true,
  "meta_title": "Cliff Suspension Lamp | Buy Lambert & Fils online at A+R",
  "price": 873,
  "currency": "USD",
  "type": "physical",
  "delivery": "shipment",
  "date_created": "2024-04-03T15:52:30.117Z",
  "stock_status": null,
  "date_updated": "2024-04-03T15:52:30.849Z",
  "prices": [],
  "purchase_options": {
    "standard": {
      "active": true,
      "price": 873,
      "prices": []
    }
  },
  "images": [
    {
      "file": {
        "id": "660d7b3eaeb36c0012e04b88",
        "date_uploaded": "2024-04-03T15:52:30.761Z",
        "length": 70044,
        "md5": "11b380fae56b376bb3b323960f3ef028",
        "filename": "CLI01BR_02_1.jpg?v=1703853835",
        "content_type": "image/jpeg",
        "url": "https://cdn.swell.store/b2sdemo_test/660d7b3eaeb36c0012e04b88/11b380fae56b376bb3b323960f3ef028/CLI01BR_02_1.jpg%3Fv%3D1703853835",
        "uploaded_url": "https://cdn.shopify.com/s/files/1/0012/2005/1002/files/CLI01BR_02_1.jpg?v=1703853835",
        "width": 2000,
        "height": 2000
      },
      "id": "660d7b3e0c0a980012094239"
    }
  ],
  "id": "660d7b3edae0b300122e40ce",
  "variants": {
    "count": 0,
    "page_count": 1,
    "page": 1,
    "results": []
  },
  "filename": "lambert-fils-cliff-suspension-lamp"
}