{
  "slug": "lambert-fils-dot-line-suspension-lamp",
  "name": "Dot Line Suspension Lamp",
  "description": "<h2>Description</h2>\n<!-- split -->\n<p class=\"lead\">In the linear version of Dot, an asymmetrical lineup of milk glass globes provides diffused LED illumination. The elongated fixture is available in brass or powder-coated aluminum with either a brass suspension chain (BR model) or stainless-steel chain and powder-coated aluminum hardware (BK or WH models). Like all of Lambert &amp; Fils’ standout lighting, Dot is completely handcrafted at atelier in Montreal. </p>\n<!-- split -->\n<h2>Specifications</h2>\n<!-- split -->\n<h4>Size</h4>\n<ul>\n<li>Small: 5.1\" h x 48\" w (13x122cm)</li>\n<li>Large: 5.1\" h x 72\" w (13x183cm)</li>\n<li>Cord length: 96.1\" (244cm)</li>\n<li>Chain length: 90.2\" (229cm)</li>\n</ul>\n<h4>Material</h4>\n<p>Powder-coated aluminum or brass, milk glass globes, polyester</p>\n<h4>Technical</h4>\n<ul>\n<li>UL Listed</li>\n<li>G9 </li>\n<li>Color temperature: 2700K, 3000K</li>\n<li>Bulb included</li>\n</ul>\n<ul></ul>",
  "sku": "LAM-DOT11BBRBK",
  "active": true,
  "meta_title": "Dot Line Suspension Lamp | Buy Lambert & Fils online at A+R",
  "price": 933,
  "currency": "USD",
  "type": "physical",
  "delivery": "shipment",
  "date_created": "2024-04-03T15:53:11.083Z",
  "stock_status": null,
  "date_updated": "2024-04-03T15:53:11.308Z",
  "prices": [],
  "purchase_options": {
    "standard": {
      "active": true,
      "price": 933,
      "prices": []
    }
  },
  "images": [
    {
      "file": {
        "id": "660d7b67f1f9e600129fe2d4",
        "date_uploaded": "2024-04-03T15:53:11.221Z",
        "length": 33420,
        "md5": "2a351f54b162ad32b03f733175b5d2f1",
        "filename": "Black_52e4c516-84ce-4a15-b4c9-3a3ce005f20c.jpg?v=1704266233",
        "content_type": "image/jpeg",
        "url": "https://cdn.swell.store/b2sdemo_test/660d7b67f1f9e600129fe2d4/2a351f54b162ad32b03f733175b5d2f1/Black_52e4c516-84ce-4a15-b4c9-3a3ce005f20c.jpg%3Fv%3D1704266233",
        "uploaded_url": "https://cdn.shopify.com/s/files/1/0012/2005/1002/files/Black_52e4c516-84ce-4a15-b4c9-3a3ce005f20c.jpg?v=1704266233",
        "width": 2000,
        "height": 2000
      },
      "id": "660d7b67f6775c0012b58708"
    }
  ],
  "id": "660d7b678bf06900114deb09",
  "variants": {
    "count": 0,
    "page_count": 1,
    "page": 1,
    "results": []
  },
  "filename": "lambert-fils-dot-line-suspension-lamp"
}