{
  "slug": "massproductions-odette-low-table-round-medium",
  "name": "Odette Low Table: Round + Medium",
  "description": "<h2>Description</h2>\n<!-- split -->\n<p class=\"lead\"> </p>\n<!-- split -->\n<h2>Specifications</h2>\n<!-- split -->\n<h4>Size:</h4>\n<ul>\n<li>16.5\" h x 29.5\" dia (42x75cm)</li>\n<li>23.6\" h x 29.5\" dia (60x75cm)</li>\n<li>Base: 19.3\" dia (49cm)</li>\n</ul>\n<h4>Material</h4>\n<p>Powder-coated metal</p>",
  "sku": "MASS-SC-113-13-00/SC-03-13-00",
  "active": true,
  "meta_title": "Odette Low Table: Round + Medium | Buy Massproductions online at A+R",
  "price": null,
  "currency": "USD",
  "type": "physical",
  "delivery": "shipment",
  "date_created": "2024-04-03T15:45:15.067Z",
  "stock_status": null,
  "date_updated": "2024-04-03T15:45:15.171Z",
  "prices": [],
  "purchase_options": {
    "standard": {
      "active": true,
      "price": null,
      "prices": []
    }
  },
  "id": "660d798b055bcb0012fb1133",
  "variants": {
    "count": 0,
    "page_count": 1,
    "page": 1,
    "results": []
  },
  "filename": "massproductions-odette-low-table-round-medium"
}