{
  "slug": "normann-copenhagen-form-bar-counter-chair",
  "name": "Form Bar + Counter Chair",
  "description": "<h2>Description</h2>\n<!-- split -->\n<p class=\"lead\">Simon Legald’s signature shell seating for Normann Copenhagen adds a high stool in bar or counter height. Noted for its seamless, sleek look, the curved plastic seat meets the lacquered steel frame with unobtrusive molded cup joinery. With a choice of armchair or armless versions in a series of monochrome hues, the design reflects the high quality craftsmanship and renowned Scandinavian simplicity.</p>\n<!-- split -->\n<h2>Specifications</h2>\n<!-- split -->\n<h4>Size</h4>\n<ul>\n<li>Bar: 43.3\" h x 19.3\" w x 21.5\" d (110x49x54.5cm)\n<ul>\n<li>Seat height: 29.5\" (75cm)</li>\n</ul>\n</li>\n<li>Counter: 39.4\" h x 18.9\" w x 20.5\" d (100x48x52cm)\n<ul>\n<li>Seat height: 25.6\" (65cm)</li>\n</ul>\n</li>\n</ul>\n<h4>Material</h4>\n<p>Polypropylene, powder-coated steel</p>\n<h4>Details</h4>\n<p>Made in Denmark</p>",
  "sku": "NOR-1402004",
  "active": true,
  "meta_title": "Form Bar + Counter Chair | Buy Normann Copenhagen online at A+R",
  "price": 220,
  "currency": "USD",
  "type": "physical",
  "delivery": "shipment",
  "date_created": "2024-04-03T15:44:35.828Z",
  "stock_status": null,
  "date_updated": "2024-04-03T15:44:36.193Z",
  "prices": [],
  "purchase_options": {
    "standard": {
      "active": true,
      "price": 220,
      "prices": []
    }
  },
  "images": [
    {
      "file": {
        "id": "660d79640c0a980012093c62",
        "date_uploaded": "2024-04-03T15:44:36.118Z",
        "length": 258112,
        "md5": "c8eb1347564a5b92024ae66770544bde",
        "filename": "1402010_Form_Bar_Chair_75cm_Steel_Green_02_48.jpg?v=1710914460",
        "content_type": "image/jpeg",
        "url": "https://cdn.swell.store/b2sdemo_test/660d79640c0a980012093c62/c8eb1347564a5b92024ae66770544bde/1402010_Form_Bar_Chair_75cm_Steel_Green_02_48.jpg%3Fv%3D1710914460",
        "uploaded_url": "https://cdn.shopify.com/s/files/1/0012/2005/1002/files/1402010_Form_Bar_Chair_75cm_Steel_Green_02_48.jpg?v=1710914460",
        "width": 4000,
        "height": 4000
      },
      "id": "660d7964591f9100128f8ddd"
    }
  ],
  "id": "660d7963e6500f0012cd089f",
  "variants": {
    "count": 0,
    "page_count": 1,
    "page": 1,
    "results": []
  },
  "filename": "normann-copenhagen-form-bar-counter-chair"
}