{
  "slug": "normann-copenhagen-schneider-cushion",
  "name": "Schneider Cushion",
  "description": "<h2>Description</h2>\n<!-- split -->\n<p class=\"lead\"> </p>\n<!-- split -->\n<h2>Specifications</h2>\n<!-- split -->\n<h4>Size</h4>\n<p>19.7\" h x 27.6\" w (50x70cm)</p>\n<h4>Material</h4>\n<p>100% Cotton</p>",
  "sku": "NOR-602395",
  "active": true,
  "meta_title": "Schneider Cushion | Buy Normann Copenhagen online at A+R",
  "price": null,
  "currency": "USD",
  "type": "physical",
  "delivery": "shipment",
  "date_created": "2024-04-03T15:44:22.065Z",
  "stock_status": null,
  "date_updated": "2024-04-03T15:44:22.983Z",
  "prices": [],
  "purchase_options": {
    "standard": {
      "active": true,
      "price": null,
      "prices": []
    }
  },
  "images": [
    {
      "file": {
        "id": "660d7956d739ac0012d7d6fc",
        "date_uploaded": "2024-04-03T15:44:22.887Z",
        "length": 102900,
        "md5": "13476c0b5aa94a5a67efb057d8750b81",
        "filename": "SchneiderCushion50x70cm1_1.jpg?v=1622719835",
        "content_type": "image/jpeg",
        "url": "https://cdn.swell.store/b2sdemo_test/660d7956d739ac0012d7d6fc/13476c0b5aa94a5a67efb057d8750b81/SchneiderCushion50x70cm1_1.jpg%3Fv%3D1622719835",
        "uploaded_url": "https://cdn.shopify.com/s/files/1/0012/2005/1002/products/SchneiderCushion50x70cm1_1.jpg?v=1622719835",
        "width": 1500,
        "height": 1500
      },
      "id": "660d7956fa9b03001262e18a"
    }
  ],
  "id": "660d7956afd4b4001218029c",
  "variants": {
    "count": 0,
    "page_count": 1,
    "page": 1,
    "results": []
  },
  "filename": "normann-copenhagen-schneider-cushion"
}