{
  "slug": "normann-copenhagen-manikhin-3-armed-candlestick",
  "name": "Manikhin 3 Armed Candlestick",
  "description": "<h2>Description</h2>\n<!-- split -->\n<p class=\"lead\"> </p>\n<!-- split -->\n<h2>Specifications</h2>\n<!-- split -->\n<h4>Size</h4>\n<p>12.6\" h x 7.1\" w x 3.5\" d (32x18x9cm)</p>\n<h4>Material</h4>\n<p>Resin</p>",
  "sku": "NOR-243919",
  "active": true,
  "meta_title": "Manikhin 3 Armed Candlestick | Buy Normann Copenhagen online at A+R",
  "price": null,
  "currency": "USD",
  "type": "physical",
  "delivery": "shipment",
  "date_created": "2024-04-03T15:44:19.845Z",
  "stock_status": null,
  "date_updated": "2024-04-03T15:44:20.495Z",
  "prices": [],
  "purchase_options": {
    "standard": {
      "active": true,
      "price": null,
      "prices": []
    }
  },
  "images": [
    {
      "file": {
        "id": "660d795404970100120eeeea",
        "date_uploaded": "2024-04-03T15:44:20.323Z",
        "length": 34076,
        "md5": "3b676c3fb2cfbe0040f50af35ed09593",
        "filename": "Manikhin3-armedCandlestick1.jpg?v=1622717075",
        "content_type": "image/jpeg",
        "url": "https://cdn.swell.store/b2sdemo_test/660d795404970100120eeeea/3b676c3fb2cfbe0040f50af35ed09593/Manikhin3-armedCandlestick1.jpg%3Fv%3D1622717075",
        "uploaded_url": "https://cdn.shopify.com/s/files/1/0012/2005/1002/products/Manikhin3-armedCandlestick1.jpg?v=1622717075",
        "width": 1500,
        "height": 1500
      },
      "id": "660d79546f64df0012a469c7"
    }
  ],
  "id": "660d7953f428300012b10940",
  "variants": {
    "count": 0,
    "page_count": 1,
    "page": 1,
    "results": []
  },
  "filename": "normann-copenhagen-manikhin-3-armed-candlestick"
}