{
  "slug": "sp01-siena-sp01",
  "name": "Siena(Sp01)",
  "description": "<p>Composition: 94%Virgin Wool, 6%Nylon/Polyamid, Durability: 122.000 Martindale</p>",
  "sku": "01D0034",
  "active": true,
  "meta_title": "Siena(Sp01) | Buy Sp01 Fabrics online at A+R",
  "price": null,
  "currency": "USD",
  "type": "physical",
  "delivery": "shipment",
  "date_created": "2024-04-03T15:50:54.272Z",
  "stock_status": null,
  "date_updated": "2024-04-03T15:50:54.679Z",
  "prices": [],
  "purchase_options": {
    "standard": {
      "active": true,
      "price": null,
      "prices": []
    }
  },
  "images": [
    {
      "file": {
        "id": "660d7ade1c71db0012457718",
        "date_uploaded": "2024-04-03T15:50:54.596Z",
        "length": 7216,
        "md5": "a142fa36919b3996822553d6cab7402f",
        "filename": "Siena-Amur.jpg?v=1619002204",
        "content_type": "image/jpeg",
        "url": "https://cdn.swell.store/b2sdemo_test/660d7ade1c71db0012457718/a142fa36919b3996822553d6cab7402f/Siena-Amur.jpg%3Fv%3D1619002204",
        "uploaded_url": "https://cdn.shopify.com/s/files/1/0012/2005/1002/products/Siena-Amur.jpg?v=1619002204",
        "width": 192,
        "height": 192
      },
      "id": "660d7adef6775c0012b5858d"
    }
  ],
  "id": "660d7adefa9b03001262e66a",
  "variants": {
    "count": 0,
    "page_count": 1,
    "page": 1,
    "results": []
  },
  "filename": "sp01-siena-sp01"
}