{
  "slug": "by-interiors-fabrics-leather",
  "name": "Leather",
  "description": "<p>Composition: 100% Leather</p>",
  "sku": "BY-INT-LEA-WHI",
  "active": true,
  "meta_title": "Leather | Buy By Interiors Fabrics online at A+R",
  "price": null,
  "currency": "USD",
  "type": "physical",
  "delivery": "shipment",
  "date_created": "2024-04-03T15:47:02.351Z",
  "stock_status": null,
  "date_updated": "2024-04-03T15:47:02.742Z",
  "prices": [],
  "purchase_options": {
    "standard": {
      "active": true,
      "price": null,
      "prices": []
    }
  },
  "images": [
    {
      "file": {
        "id": "660d79f6b3cdeb00121b43e1",
        "date_uploaded": "2024-04-03T15:47:02.661Z",
        "length": 1712,
        "md5": "3a7a2ba0f74d8492ffd02b8a39a8c5ed",
        "filename": "image_1_e652d7dc-38ba-4661-a503-49e79012269e.jpg?v=1620898196",
        "content_type": "image/jpeg",
        "url": "https://cdn.swell.store/b2sdemo_test/660d79f6b3cdeb00121b43e1/3a7a2ba0f74d8492ffd02b8a39a8c5ed/image_1_e652d7dc-38ba-4661-a503-49e79012269e.jpg%3Fv%3D1620898196",
        "uploaded_url": "https://cdn.shopify.com/s/files/1/0012/2005/1002/products/image_1_e652d7dc-38ba-4661-a503-49e79012269e.jpg?v=1620898196",
        "width": 192,
        "height": 192
      },
      "id": "660d79f6f6775c0012b582eb"
    }
  ],
  "id": "660d79f64974d6001242b355",
  "variants": {
    "count": 0,
    "page_count": 1,
    "page": 1,
    "results": []
  },
  "filename": "by-interiors-fabrics-leather"
}