{
  "slug": "by-interiors-a-t-s-table-outdoor",
  "name": "A.T.S. Table: Outdoor",
  "description": "<h2>Description</h2>\n<!-- split -->\n<p class=\"lead\">An outdoor version in the Aluminum Table System series features angled pipe legs paired with the signature featherweight but remarkable strong tabletop in ultra-thin aluminum honeycomb. Japanese designer Keiji Takeuchi exploits the precise technology of the airplane-graded material by anodizing the entire top panel after machining for an appealing shine. In silver or black finish with contrasting or matching elements, the table has a simple screw-in construction for easy DIY assembly.</p>\n<!-- split -->\n<h2>Specifications</h2>\n<!-- split -->\n<h4>Size</h4>\n<ul>\n<li>Small: 28.7\" h x 78.7\" w x 36.2\" d (73x200x92cm)</li>\n<li>Medium: 28.7\" h x 86.6\" w x 36.2\" d (73x220x92cm)</li>\n<li>Large: 28.7\" h x 94.5\" w x 36.2\" d (73x240x92cm)</li>\n</ul>\n<h4>Material</h4>\n<p>Panel aluminum honeycomb anodized, aluminum pipe anodized</p>\n<h4>Details</h4>\n<p>Made in Japan</p>",
  "sku": "BYI-ATS-TBL-OUT-SIL-PIP-L",
  "active": true,
  "meta_title": "A.T.S. Table: Outdoor | Buy By Interiors online at A+R",
  "price": 2140,
  "currency": "USD",
  "type": "physical",
  "delivery": "shipment",
  "date_created": "2024-04-03T15:47:28.460Z",
  "stock_status": null,
  "date_updated": "2024-04-03T15:47:29.519Z",
  "prices": [],
  "purchase_options": {
    "standard": {
      "active": true,
      "price": 2140,
      "prices": []
    }
  },
  "images": [
    {
      "file": {
        "id": "660d7a11afd4b4001218051f",
        "date_uploaded": "2024-04-03T15:47:29.429Z",
        "length": 155036,
        "md5": "239f17a730d12176c184db227e671cdc",
        "filename": "3_e5343592-b4fc-4f68-8b6a-35fce424d1b1copy.jpg?v=1707391344",
        "content_type": "image/jpeg",
        "url": "https://cdn.swell.store/b2sdemo_test/660d7a11afd4b4001218051f/239f17a730d12176c184db227e671cdc/3_e5343592-b4fc-4f68-8b6a-35fce424d1b1copy.jpg%3Fv%3D1707391344",
        "uploaded_url": "https://cdn.shopify.com/s/files/1/0012/2005/1002/files/3_e5343592-b4fc-4f68-8b6a-35fce424d1b1copy.jpg?v=1707391344",
        "width": 3500,
        "height": 3500
      },
      "id": "660d7a110c0a980012093e8c"
    }
  ],
  "id": "660d7a10591f9100128f8fd1",
  "variants": {
    "count": 0,
    "page_count": 1,
    "page": 1,
    "results": []
  },
  "filename": "by-interiors-a-t-s-table-outdoor"
}