{
  "slug": "by-interiors-bk-console-table",
  "name": "BK Console Table",
  "description": "<h2>Description</h2>\n<!-- split -->\n<p class=\"lead\">With its finely scaled geometrics, By Interiors’ allover marble BK design makes for a striking console. Skilled artisanship enables its clean proportions with almost impossibly thin legs, all clad in the inlaid stone with a supporting steel framework. Offered in a choice of sizes, it comes in creamy Carrara, black Marquina or honeyed Emperador marble.</p>\n<!-- split -->\n<h2>Specifications</h2>\n<!-- split -->\n<h4>Size</h4>\n<ul>\n<li>Small: 29.5\" h x 50.4\" w x 14.2\" d (75x128x36cm)</li>\n<li>Large: 29.5\" h x 59.8\" w x 14.2\" d (75x152x36cm)</li>\n</ul>\n<h4>Material</h4>\n<p>Steel frame, inlaid marble</p>\n",
  "sku": "BYI-BK-CON-TBL-S-WHI-MAR",
  "active": true,
  "meta_title": "BK Console Table | Buy By Interiors online at A+R",
  "price": 2210,
  "currency": "USD",
  "type": "physical",
  "delivery": "shipment",
  "date_created": "2024-04-03T15:46:43.520Z",
  "stock_status": null,
  "date_updated": "2024-04-03T15:46:44.140Z",
  "prices": [],
  "purchase_options": {
    "standard": {
      "active": true,
      "price": 2210,
      "prices": []
    }
  },
  "images": [
    {
      "file": {
        "id": "660d79e403e0280012dc9505",
        "date_uploaded": "2024-04-03T15:46:44.056Z",
        "length": 97396,
        "md5": "412ab48f502566fcc5f9408ad03d31a4",
        "filename": "Cons.jpg?v=1643859761",
        "content_type": "image/jpeg",
        "url": "https://cdn.swell.store/b2sdemo_test/660d79e403e0280012dc9505/412ab48f502566fcc5f9408ad03d31a4/Cons.jpg%3Fv%3D1643859761",
        "uploaded_url": "https://cdn.shopify.com/s/files/1/0012/2005/1002/products/Cons.jpg?v=1643859761",
        "width": 2000,
        "height": 2000
      },
      "id": "660d79e47c1cc3001289225f"
    }
  ],
  "id": "660d79e393607e00127d6f9b",
  "variants": {
    "count": 0,
    "page_count": 1,
    "page": 1,
    "results": []
  },
  "filename": "by-interiors-bk-console-table"
}