{
  "slug": "by-interiors-sweepy-bar-counter-stool-upholstered",
  "name": "Sweepy Bar + Counter Stool: Upholstered",
  "description": "<h2>Description</h2>\n<!-- split -->\n<p class=\"lead\">Upholstery in a fine fabric or leather adds a custom note to Milan-based designer Kensaku Oshiro’s wood stool in bar or counter height. With a simple but dynamic form, Sweepy lives up to its name, its backrest made from a single curve of solid ash and set in a squared-off frame. The option for natural, black or select color finishes adds yet more choice for arriving at perfectly individual seating to suit any kitchen or entertaining area.</p>\n<!-- split -->\n<h2>Specifications</h2>\n<!-- split -->\n<h4>Size</h4>\n<ul>\n<li>Bar: 39.4\" h x 17.5\" w x 19.7\" d (100x44.5x50cm)</li>\n<li>\n<ul>\n<li>Seat height: 29.5\" (75cm)</li>\n</ul>\n</li>\n<li>Counter: 35.4\" h x 17.5\" w x 19.7\" d (90x44.5x50cm)<br>\n<ul>\n<li>Seat height: 23.6\" (60cm)</li>\n<li>Seat height: 25.6\" (65cm)</li>\n</ul>\n</li>\n</ul>\n<h4>Material</h4>\n<p>Polyurethane foam, polyester padding, ash wood</p>\n<h4>Details</h4>\n<ul>\n<li>Category 2: Pado, Pesba, Report, Record, Yoda, Texture, Sand</li>\n<li>Category 3: Talapo, Report, Record, Yoda, Texture, Sand</li>\n<li>Category 4: Brionne, Frank</li>\n<li>Leather</li>\n<li>COM and COL are available on request</li>\n</ul>\nMade in Japan\n<ul></ul>",
  "sku": "BYI-SWPY-CNTR-STL-23-NAT-ASH-CAT-2",
  "active": true,
  "meta_title": "Sweepy Bar + Counter Stool: Upholstered | Buy By Interiors online at A+R",
  "price": 725,
  "currency": "USD",
  "type": "physical",
  "delivery": "shipment",
  "date_created": "2024-04-03T15:46:36.070Z",
  "stock_status": null,
  "date_updated": "2024-04-03T15:46:37.660Z",
  "prices": [],
  "purchase_options": {
    "standard": {
      "active": true,
      "price": 725,
      "prices": []
    }
  },
  "images": [
    {
      "file": {
        "id": "660d79dde6500f0012cd09e0",
        "date_uploaded": "2024-04-03T15:46:37.579Z",
        "length": 439776,
        "md5": "7932a0374148cbfa12e151990650ef64",
        "filename": "zQcxuagQ_1_1.jpg?v=1621495344",
        "content_type": "image/jpeg",
        "url": "https://cdn.swell.store/b2sdemo_test/660d79dde6500f0012cd09e0/7932a0374148cbfa12e151990650ef64/zQcxuagQ_1_1.jpg%3Fv%3D1621495344",
        "uploaded_url": "https://cdn.shopify.com/s/files/1/0012/2005/1002/products/zQcxuagQ_1_1.jpg?v=1621495344",
        "width": 4000,
        "height": 4000
      },
      "id": "660d79dd6d7d770012a02e51"
    }
  ],
  "id": "660d79dcd63f770012b8d889",
  "variants": {
    "count": 0,
    "page_count": 1,
    "page": 1,
    "results": []
  },
  "filename": "by-interiors-sweepy-bar-counter-stool-upholstered"
}