{
  "slug": "by-interiors-frente-sofa-low-table",
  "name": "Frente Sofa: Low Table",
  "description": "<h2>Description</h2>\n<!-- split -->\n<p class=\"lead\"> </p>\n<!-- split -->\n<h2>Specifications</h2>\n<!-- split -->\n<h4>Size</h4>\n<p>2.76\" h x 33.86\" w x 33.86\" d (7x86x86cm)</p>\n<h4>Material</h4>\n<p>Wooden frame , polyurethane foam</p>",
  "sku": "BYI-FRT-SFA-LOW-TBL-NAT-OAK",
  "active": true,
  "meta_title": "Frente Sofa: Low Table | Buy By Interiors online at A+R",
  "price": 650,
  "currency": "USD",
  "type": "physical",
  "delivery": "shipment",
  "date_created": "2024-04-03T15:46:54.121Z",
  "stock_status": null,
  "date_updated": "2024-04-03T15:46:54.213Z",
  "prices": [],
  "purchase_options": {
    "standard": {
      "active": true,
      "price": 650,
      "prices": []
    }
  },
  "id": "660d79eef428300012b10b13",
  "variants": {
    "count": 0,
    "page_count": 1,
    "page": 1,
    "results": []
  },
  "filename": "by-interiors-frente-sofa-low-table"
}