{
  "slug": "by-interiors-fabrics-talapo",
  "name": "Talapo",
  "description": "<p>Composition: 94% Cotton, 6% Polyamide</p>",
  "sku": "BY-INT-TAL-249.02",
  "active": true,
  "meta_title": "Talapo | Buy By Interiors Fabrics online at A+R",
  "price": null,
  "currency": "USD",
  "type": "physical",
  "delivery": "shipment",
  "date_created": "2024-04-03T15:47:05.766Z",
  "stock_status": null,
  "date_updated": "2024-04-03T15:47:06.108Z",
  "prices": [],
  "purchase_options": {
    "standard": {
      "active": true,
      "price": null,
      "prices": []
    }
  },
  "images": [
    {
      "file": {
        "id": "660d79fafd60ae001252d1b9",
        "date_uploaded": "2024-04-03T15:47:06.030Z",
        "length": 4380,
        "md5": "3248aeab459ba19faee2326fc9cede47",
        "filename": "image_1_7b2f2164-bc21-42d0-9997-ea9464d60401.jpg?v=1620897899",
        "content_type": "image/jpeg",
        "url": "https://cdn.swell.store/b2sdemo_test/660d79fafd60ae001252d1b9/3248aeab459ba19faee2326fc9cede47/image_1_7b2f2164-bc21-42d0-9997-ea9464d60401.jpg%3Fv%3D1620897899",
        "uploaded_url": "https://cdn.shopify.com/s/files/1/0012/2005/1002/products/image_1_7b2f2164-bc21-42d0-9997-ea9464d60401.jpg?v=1620897899",
        "width": 192,
        "height": 192
      },
      "id": "660d79fa055bcb0012fb12c9"
    }
  ],
  "id": "660d79f990abf000124fc5c7",
  "variants": {
    "count": 0,
    "page_count": 1,
    "page": 1,
    "results": []
  },
  "filename": "by-interiors-fabrics-talapo"
}