{
  "slug": "by-interiors-twig-bench",
  "name": "Twig Bench",
  "description": "<h2>Description</h2>\n<!-- split -->\n<p class=\"lead\">Japanese designer Tomoya Tabuchi employs a novel aluminum honeycomb panel to undergird Twig, allowing for the bench’s ultra-clean silhouette. With the remarkable stability of the airplane-grade material, the bench’s reedlike legs appear to just touch the structure, while a moderately firm upholstered cushion with a silvery profile line emphasizes its geometrics. Powder-coated in black or white with custom upholstery, the bench is equally suited to contract or residential spaces.</p>\n<!-- split -->\n<h2>Specifications</h2>\n<!-- split -->\n<h4>Size</h4>\n<ul>\n<li>Square: 16.1\" h x 47.2\" w x 47.2\" d (41x120x120cm)</li>\n<li>Rectangular: 16.1\" h x 78.7\" w x 23.6\" d (41x200x60cm)</li>\n</ul>\n<h4>Material</h4>\n<p>Aluminum honeycomb panel anodized, polyurethane foam, <span data-mce-fragment=\"1\">powder-coated steel</span>, chromed steel</p>\n<h4>Details</h4>\n<ul>\n<li>Category 2: Pado, Pesba, Report, Record, Yoda, Texture, Sand</li>\n<li>Category 3: Talapo, Report, Record, Yoda, Texture, Sand</li>\n<li>Category 4: Brionne, Frank</li>\n<li>Leather</li>\n<li>COM and COL are available on request</li>\n</ul>\nMade in Japan\n<ul></ul>",
  "sku": "BYI-TW-BCH-REC-WHI-CAT-2",
  "active": true,
  "meta_title": "Twig Bench | Buy By Interiors online at A+R",
  "price": 2240,
  "currency": "USD",
  "type": "physical",
  "delivery": "shipment",
  "date_created": "2024-04-03T15:45:50.956Z",
  "stock_status": null,
  "date_updated": "2024-04-03T15:45:51.944Z",
  "prices": [],
  "purchase_options": {
    "standard": {
      "active": true,
      "price": 2240,
      "prices": []
    }
  },
  "images": [
    {
      "file": {
        "id": "660d79affd60ae001252d09e",
        "date_uploaded": "2024-04-03T15:45:51.857Z",
        "length": 80696,
        "md5": "e90ab1dabb74b285506029f4c5f4fe08",
        "filename": "Brown_2c6c0a34-c8ab-4558-9ed3-c4c127db11d4.jpg?v=1644293341",
        "content_type": "image/jpeg",
        "url": "https://cdn.swell.store/b2sdemo_test/660d79affd60ae001252d09e/e90ab1dabb74b285506029f4c5f4fe08/Brown_2c6c0a34-c8ab-4558-9ed3-c4c127db11d4.jpg%3Fv%3D1644293341",
        "uploaded_url": "https://cdn.shopify.com/s/files/1/0012/2005/1002/products/Brown_2c6c0a34-c8ab-4558-9ed3-c4c127db11d4.jpg?v=1644293341",
        "width": 2500,
        "height": 2500
      },
      "id": "660d79afdefd8a001263cd64"
    }
  ],
  "id": "660d79aee6500f0012cd0955",
  "variants": {
    "count": 0,
    "page_count": 1,
    "page": 1,
    "results": []
  },
  "filename": "by-interiors-twig-bench"
}