{
  "slug": "established-sons-drift-bench",
  "name": "Drift Bench",
  "description": "<h2>Description</h2>\n<!-- split -->\n<p class=\"lead\">From one of Britain’s leading creatives, architect Amanda Levite’s organic, sensual Limited Edition statement piece for Established &amp; Sons was inspired by a piece of driftwood. With its complex curves and angles, Drift serves multiple functions as a bench or table for flexible spaces. Digital technology is used to cut and carve out the meandering form, which is then completed in a handcrafted artisan process and given a final satin or high-gloss finish.</p>\n<!-- split -->\n<h2>Specification</h2>\n<!-- split -->\n<h4>Size</h4>\n<p>16.5\" h x 113.4\" w x 34.3\" d (42x288x87cm)</p>\n<h4>Material</h4>\n<p>Glass reinforced polyester</p>",
  "sku": "EST-211",
  "active": true,
  "meta_title": "Drift Bench | Buy Established & Sons online at A+R",
  "price": 20800,
  "currency": "USD",
  "type": "physical",
  "delivery": "shipment",
  "date_created": "2024-04-03T15:51:42.754Z",
  "stock_status": null,
  "date_updated": "2024-04-03T15:51:43.648Z",
  "prices": [],
  "purchase_options": {
    "standard": {
      "active": true,
      "price": 20800,
      "prices": []
    }
  },
  "images": [
    {
      "file": {
        "id": "660d7b0fa755dd0012542566",
        "date_uploaded": "2024-04-03T15:51:43.535Z",
        "length": 71824,
        "md5": "4097d11123d3c5e05f4c6eb12f822eda",
        "filename": "DRIFT_high-gloss-white_0075_Amanda-Levete__2006_EstablishedandSons__PeterGuenzel_White-Background-01_72dpi.jpg?v=1684128144",
        "content_type": "image/jpeg",
        "url": "https://cdn.swell.store/b2sdemo_test/660d7b0fa755dd0012542566/4097d11123d3c5e05f4c6eb12f822eda/DRIFT_high-gloss-white_0075_Amanda-Levete__2006_EstablishedandSons__PeterGuenzel_White-Background-01_72dpi.jpg%3Fv%3D1684128144",
        "uploaded_url": "https://cdn.shopify.com/s/files/1/0012/2005/1002/files/DRIFT_high-gloss-white_0075_Amanda-Levete__2006_EstablishedandSons__PeterGuenzel_White-Background-01_72dpi.jpg?v=1684128144",
        "width": 2500,
        "height": 2500
      },
      "id": "660d7b0f03e0280012dc98e0"
    }
  ],
  "id": "660d7b0eaeb36c0012e04af9",
  "variants": {
    "count": 0,
    "page_count": 1,
    "page": 1,
    "results": []
  },
  "filename": "established-sons-drift-bench"
}