{
  "slug": "ferm-living-hem-runner",
  "name": "Hem Runner",
  "description": "<h2>Description</h2>\n<!-- split -->\n<p class=\"lead\">Ferm Living’s sustainable Hem handwoven rug series adds a attractive floor runner that works as well inside the home as it does outdoors. With a soft but durable finish and a tactile wool feel, the flat-weave runner is fashioned in PET yarn that equals the recycled material from more than 100 plastic bottles. Beautifully detailed with asymmetrical fringed trim, it comes in a versatile sand hue.</p>\n<!-- split -->\n<h2>Specifications</h2>\n<!-- split -->\n<h4>Size</h4>\n<p>70.9\" l x 27.6\" w (180x70cm)</p>\n<h4>Material</h4>\n<p>Hand-woven, PET yarn</p>",
  "sku": "FL-1104263783",
  "active": true,
  "meta_title": "Hem Runner | Buy Ferm Living online at A+R",
  "price": 90,
  "currency": "USD",
  "type": "physical",
  "delivery": "shipment",
  "date_created": "2024-04-03T15:49:00.421Z",
  "stock_status": null,
  "date_updated": "2024-04-03T15:49:01.346Z",
  "prices": [],
  "purchase_options": {
    "standard": {
      "active": true,
      "price": 90,
      "prices": []
    }
  },
  "images": [
    {
      "file": {
        "id": "660d7a6d52715700129acf70",
        "date_uploaded": "2024-04-03T15:49:01.225Z",
        "length": 1155868,
        "md5": "96158fa6bbc9602cf61d34c984673fc6",
        "filename": "HemRunner-Sand.jpg?v=1685336837",
        "content_type": "image/jpeg",
        "url": "https://cdn.swell.store/b2sdemo_test/660d7a6d52715700129acf70/96158fa6bbc9602cf61d34c984673fc6/HemRunner-Sand.jpg%3Fv%3D1685336837",
        "uploaded_url": "https://cdn.shopify.com/s/files/1/0012/2005/1002/files/HemRunner-Sand.jpg?v=1685336837",
        "width": 4000,
        "height": 4000
      },
      "id": "660d7a6d31ad990012a7eb35"
    }
  ],
  "id": "660d7a6c03e0280012dc9703",
  "variants": {
    "count": 0,
    "page_count": 1,
    "page": 1,
    "results": []
  },
  "filename": "ferm-living-hem-runner"
}