{
  "slug": "ferm-living-toilet-paper-holder",
  "name": "Toilet Paper Holder",
  "description": "<h2>Description</h2>\n<!-- split -->\n<p class=\"lead\"> </p>\n<!-- split -->\n<h2>Specification</h2>\n<!-- split -->\n<h4>Size</h4>\n<p>6.3\" h x 6.9\" w x 0.8\" d (16x17.5x2cm)</p>\n<h4>Material</h4>\n<p>Chrome plated stainless steel, ash, clear lacquer, screw included</p>",
  "sku": "FL-100454503",
  "active": true,
  "meta_title": "Toilet Paper Holder | Buy Ferm Living online at A+R",
  "price": 18,
  "currency": "USD",
  "type": "physical",
  "delivery": "shipment",
  "date_created": "2024-04-03T15:48:06.060Z",
  "stock_status": null,
  "date_updated": "2024-04-03T15:48:06.148Z",
  "prices": [],
  "purchase_options": {
    "standard": {
      "active": true,
      "price": 18,
      "prices": []
    }
  },
  "id": "660d7a369ca7260012fc3ed5",
  "variants": {
    "count": 0,
    "page_count": 1,
    "page": 1,
    "results": []
  },
  "filename": "ferm-living-toilet-paper-holder"
}