{
  "slug": "ferm-living-pear-bean-bag",
  "name": "Pear Bean Bag",
  "description": "<h2>Description</h2>\n<!-- split -->\n<p class=\"lead\"> </p>\n<!-- split -->\n<h2>Specifications</h2>\n<!-- split -->\n<h4>Size</h4>\n<p>46\" h x 21.6\" w x 13.8\" d (117x55x35cm)</p>\n<h4>Material</h4>\n<p>100% GOTS-certified organic cotton</p>",
  "sku": "FL-100364303",
  "active": true,
  "meta_title": "Pear Bean Bag | Buy Ferm Living online at A+R",
  "price": 98,
  "currency": "USD",
  "type": "physical",
  "delivery": "shipment",
  "date_created": "2024-04-03T15:48:34.583Z",
  "stock_status": null,
  "date_updated": "2024-04-03T15:48:35.114Z",
  "prices": [],
  "purchase_options": {
    "standard": {
      "active": true,
      "price": 98,
      "prices": []
    }
  },
  "images": [
    {
      "file": {
        "id": "660d7a5344e8b400124fe590",
        "date_uploaded": "2024-04-03T15:48:35.016Z",
        "length": 43148,
        "md5": "1a342d5010ab025741a1959f723d161f",
        "filename": "100364303_1.jpg?v=1656055269",
        "content_type": "image/jpeg",
        "url": "https://cdn.swell.store/b2sdemo_test/660d7a5344e8b400124fe590/1a342d5010ab025741a1959f723d161f/100364303_1.jpg%3Fv%3D1656055269",
        "uploaded_url": "https://cdn.shopify.com/s/files/1/0012/2005/1002/products/100364303_1.jpg?v=1656055269",
        "width": 1500,
        "height": 1500
      },
      "id": "660d7a53bdce9b00123d42b0"
    }
  ],
  "id": "660d7a522a1fa5001173ea2b",
  "variants": {
    "count": 0,
    "page_count": 1,
    "page": 1,
    "results": []
  },
  "filename": "ferm-living-pear-bean-bag"
}