{
  "slug": "ferm-living-speckle-wall-vase",
  "name": "Speckle Wall Vase",
  "description": "<h2>Description</h2>\n<!-- split -->\n<p class=\"lead\">Featuring Speckle's signature grainy texture, Ferm Living adds a wall-mounted stoneware vase with a charmingly irregular handle to the collection. With its organic, handmade look and off-white color, it's a versatile complement to an art arrangement or the vase looks just as lovely on its own. Unglazed on the outside, it has a transparent gloss on the inside for contrast. </p>\n<!-- split -->\n<h2>Specifications</h2>\n<!-- split -->\n<h4>Size</h4>\n<p>9.3\" h x 2.6\" w x 3.5\" d (23.5x6.5x9cm)</p>\n<h4>Material</h4>\n<p>Grainy stoneware</p>",
  "sku": "FL-100550202",
  "active": true,
  "meta_title": "Speckle Wall Vase | Buy Ferm Living online at A+R",
  "price": 0,
  "currency": "USD",
  "type": "physical",
  "delivery": "shipment",
  "date_created": "2024-04-03T15:48:10.644Z",
  "stock_status": null,
  "date_updated": "2024-04-03T15:48:11.488Z",
  "prices": [],
  "purchase_options": {
    "standard": {
      "active": true,
      "price": 0,
      "prices": []
    }
  },
  "images": [
    {
      "file": {
        "id": "660d7a3b4974d6001242b46a",
        "date_uploaded": "2024-04-03T15:48:11.360Z",
        "length": 102704,
        "md5": "f9a17d5aee3645bb794c8979cf860c3d",
        "filename": "100550202_1.jpg?v=1650439121",
        "content_type": "image/jpeg",
        "url": "https://cdn.swell.store/b2sdemo_test/660d7a3b4974d6001242b46a/f9a17d5aee3645bb794c8979cf860c3d/100550202_1.jpg%3Fv%3D1650439121",
        "uploaded_url": "https://cdn.shopify.com/s/files/1/0012/2005/1002/products/100550202_1.jpg?v=1650439121",
        "width": 2788,
        "height": 2788
      },
      "id": "660d7a3bd6fac000129ef92c"
    }
  ],
  "id": "660d7a3a02c40200125944bf",
  "variants": {
    "count": 0,
    "page_count": 1,
    "page": 1,
    "results": []
  },
  "filename": "ferm-living-speckle-wall-vase"
}