{
  "slug": "kvadrat-hallingdal-65-kcs",
  "name": "Hallingdal 65 (KCS)",
  "description": "<p>Composition: 70% New wool, 30% Viscose, Durability: 100.000 Martindale, Lightfastness: 7, Sustainability: Complies with EU ecolabel \"The Flower\"</p>",
  "sku": "Kvadrat-Hallingdal-65-110",
  "active": true,
  "meta_title": "Hallingdal 65 (KCS) | Buy Kvadrat online at A+R",
  "price": null,
  "currency": "USD",
  "type": "physical",
  "delivery": "shipment",
  "date_created": "2024-04-03T15:52:22.240Z",
  "stock_status": null,
  "date_updated": "2024-04-03T15:52:22.950Z",
  "prices": [],
  "purchase_options": {
    "standard": {
      "active": true,
      "price": null,
      "prices": []
    }
  },
  "images": [
    {
      "file": {
        "id": "660d7b364974d6001242b7e4",
        "date_uploaded": "2024-04-03T15:52:22.815Z",
        "length": 19016,
        "md5": "991fd5278a789b19eb613faac7af92a9",
        "filename": "Kvadrat_Hallingdal-65_110_3f0618fe-e97a-4be5-8f08-8622d45c237f.jpg?v=1617623215",
        "content_type": "image/jpeg",
        "url": "https://cdn.swell.store/b2sdemo_test/660d7b364974d6001242b7e4/991fd5278a789b19eb613faac7af92a9/Kvadrat_Hallingdal-65_110_3f0618fe-e97a-4be5-8f08-8622d45c237f.jpg%3Fv%3D1617623215",
        "uploaded_url": "https://cdn.shopify.com/s/files/1/0012/2005/1002/products/Kvadrat_Hallingdal-65_110_3f0618fe-e97a-4be5-8f08-8622d45c237f.jpg?v=1617623215",
        "width": 192,
        "height": 192
      },
      "id": "660d7b36a8c8430012ccb23c"
    }
  ],
  "id": "660d7b366148c40012ae8a63",
  "variants": {
    "count": 0,
    "page_count": 1,
    "page": 1,
    "results": []
  },
  "filename": "kvadrat-hallingdal-65-kcs"
}