{
  "slug": "lambert-fils-dot-14-pendant",
  "name": "Dot 14 Pendant",
  "description": "<h2>Description</h2>\n<!-- split -->\n<p class=\"lead\">Dot 14 is a kinetic tour de force, bracketed with spherical bulbs on a reedy, asymmetrically positioned framework. The geometric composition from Lambert &amp; Fils provides luminous points of softly diffused LED illumination in a union that is also headily atmospheric. Available in 3 sizes, the pendant is handmade at the lighting brand’s Montreal atelier. </p>\n<!-- split -->\n<h2>Specifications</h2>\n<!-- split -->\n<h4>Size</h4>\n<ul>\n<li>Model A\n<ul>\n<li>33.9\" h x 38.2\" dia (86x97cm)</li>\n<li>40.2\" h x 38.2\" dia (102x97cm)</li>\n<li>46.1\" h x 38.2\" dia (117x97cm)</li>\n<li>52\" h x 38.2\" dia (132x97cm)</li>\n<li>64.2\" h x 38.2\" dia (163x97cm)</li>\n</ul>\n</li>\n<li>Model B\n<ul>\n<li>24.4\" h x 48\" dia (62x122cm)</li>\n<li>30.3\" h x 48\" dia (77x122cm)</li>\n<li>36.6\" h x 48\" dia (93x122cm)</li>\n<li>42.5\" h x 48\" dia (108x122cm)</li>\n<li>54.3\" h x 48\" dia (138x122cm)</li>\n</ul>\n</li>\n<li>Model C\n<ul>\n<li>33.9\" h x 48\" dia (86x122cm)</li>\n<li>40.2\" h x 48\" dia (102x122cm)</li>\n<li>46.1\" h x 48\" dia (117x122cm)</li>\n<li>52\" h x 48\" dia (132x122cm)</li>\n<li>64.2\" h x 48\" dia (163x122cm)</li>\n</ul>\n</li>\n</ul>\n<h4>Material</h4>\n<p>Brass, milk glass globe</p>\n<h4>Technical</h4>\n<ul>\n<li>UL Listed</li>\n<li>G9</li>\n<li>Color temperature: 2700K, 3000K</li>\n<li>Dimmable</li>\n<li>Bulb included</li>\n</ul>",
  "sku": "LAM-DOT14ABRA",
  "active": true,
  "meta_title": "Dot 14 Pendant | Buy Lambert & Fils online at A+R",
  "price": 1943,
  "currency": "USD",
  "type": "physical",
  "delivery": "shipment",
  "date_created": "2024-04-03T15:53:09.914Z",
  "stock_status": null,
  "date_updated": "2024-04-03T15:53:10.550Z",
  "prices": [],
  "purchase_options": {
    "standard": {
      "active": true,
      "price": 1943,
      "prices": []
    }
  },
  "images": [
    {
      "file": {
        "id": "660d7b66fa9b03001262e876",
        "date_uploaded": "2024-04-03T15:53:10.467Z",
        "length": 74088,
        "md5": "1a0b1ce65e7c530b134ec92785789275",
        "filename": "DOT14BRA_1_1_1_1_77a1fca2-db21-42ad-9fd8-93c3556df471.jpg?v=1704200830",
        "content_type": "image/jpeg",
        "url": "https://cdn.swell.store/b2sdemo_test/660d7b66fa9b03001262e876/1a0b1ce65e7c530b134ec92785789275/DOT14BRA_1_1_1_1_77a1fca2-db21-42ad-9fd8-93c3556df471.jpg%3Fv%3D1704200830",
        "uploaded_url": "https://cdn.shopify.com/s/files/1/0012/2005/1002/files/DOT14BRA_1_1_1_1_77a1fca2-db21-42ad-9fd8-93c3556df471.jpg?v=1704200830",
        "width": 2000,
        "height": 2000
      },
      "id": "660d7b6671be100012cc58f0"
    }
  ],
  "id": "660d7b652e54070012d2895e",
  "variants": {
    "count": 0,
    "page_count": 1,
    "page": 1,
    "results": []
  },
  "filename": "lambert-fils-dot-14-pendant"
}