{
  "slug": "massproductions-odette-dining-table-oval",
  "name": "Odette Dining Table: Oval",
  "description": "<h2>Description</h2>\n<!-- split -->\n<p class=\"lead\"> </p>\n<!-- split -->\n<h2>Specifications</h2>\n<!-- split -->\n<h4>Size</h4>\n<p>High</p>\n<ul>\n<li>28.3\" h x 68.8\" w x 27.5\" d (72x175x70cm)\n<ul>\n<li>Base: 19.3\" dia (49cm)</li>\n</ul>\n<h4>Material</h4>\n<p>Powder-coated metal</p>\n</li>\n</ul>",
  "sku": "MASS-SC-115-13-00-2/SC-08-13-00",
  "active": true,
  "meta_title": "Odette Dining Table: Oval | Buy Massproductions online at A+R",
  "price": null,
  "currency": "USD",
  "type": "physical",
  "delivery": "shipment",
  "date_created": "2024-04-03T15:45:18.923Z",
  "stock_status": null,
  "date_updated": "2024-04-03T15:45:19.039Z",
  "prices": [],
  "purchase_options": {
    "standard": {
      "active": true,
      "price": null,
      "prices": []
    }
  },
  "id": "660d798e94abc90012e1aeab",
  "variants": {
    "count": 0,
    "page_count": 1,
    "page": 1,
    "results": []
  },
  "filename": "massproductions-odette-dining-table-oval"
}