{
  "slug": "normann-copenhagen-studio-bar-counter-armchair-fully-upholstered",
  "name": "Studio Bar + Counter Armchair: Fully Upholstered",
  "description": "<h2>Description</h2>\n<!-- split -->\n<p class=\"lead\">Designer Simon Legald offers an elevated take on his Studio seating in an armchair version of his barstool with full upholstery in a choice of textile or leather. With the signature tubular construction, it's conveniently stackable when not in use as well as easy to move around by grasping its steel frame. Available in both bar and counter heights, the graphic black structure adds an industrial-style note that recalls old French factory chairs to Normann Copenhagen's modern notions of comfort.</p>\n<!-- split -->\n<h2>Specifications</h2>\n<!-- split -->\n<h4>Size</h4>\n<ul>\n<li>Bar\n<ul>\n<li>44.5\" h x 23.6\" w x 22.4\" d (113x60x57cm)</li>\n<li>Seat height: 29.5\" (75cm)</li>\n<li>Arm height: 38.4\" (97.5cm)</li>\n</ul>\n</li>\n<li>Counter\n<ul>\n<li>40.6\" h x 23.6\" w x 22.4\" d (103x60x57cm)</li>\n<li>Seat height: 25.6\" (65cm)</li>\n<li>Arm height: 34.4\" (87.5cm)</li>\n</ul>\n</li>\n</ul>\n<h4>Material</h4>\n<p>Powder-coated steel, lacquered oak or ash veneer, PU foam</p>\n<h4>Details</h4>\n<ul>\n<li>Group 1: Oceanic, Aquarius</li>\n<li>Group 2: Remix 3, Main Line Flax, Synergy</li>\n<li>Group 3: Canvas 2, Yoredale</li>\n<li>Group 4: Steelcut Trio 3, City Velvet</li>\n<li>Group 5: Divina 3, Divina MD, Divina Melange 3, Hallingdal 65, Fiord 2</li>\n<li>Group 6: Zero, Vidar 4</li>\n<li>Group 7: Elle, Ultra Leather</li>\n<li>COM and COL are available on request</li>\n</ul>",
  "sku": "NOR-711691",
  "active": true,
  "meta_title": "Studio Bar + Counter Armchair: Fully Upholstered | Buy Normann Copenhagen online at A+R",
  "price": 460,
  "currency": "USD",
  "type": "physical",
  "delivery": "shipment",
  "date_created": "2024-04-03T15:44:30.097Z",
  "stock_status": null,
  "date_updated": "2024-04-03T15:44:31.389Z",
  "prices": [],
  "purchase_options": {
    "standard": {
      "active": true,
      "price": 460,
      "prices": []
    }
  },
  "images": [
    {
      "file": {
        "id": "660d795ff0952100120f59d4",
        "date_uploaded": "2024-04-03T15:44:31.302Z",
        "length": 390624,
        "md5": "6ac2e78b2c3c87954522d0eda1f490a4",
        "filename": "602481_Studio_Bar_Armchair_75cm_Full_Uph_Black_Steel_MLF06_01.jpg?v=1707731522",
        "content_type": "image/jpeg",
        "url": "https://cdn.swell.store/b2sdemo_test/660d795ff0952100120f59d4/6ac2e78b2c3c87954522d0eda1f490a4/602481_Studio_Bar_Armchair_75cm_Full_Uph_Black_Steel_MLF06_01.jpg%3Fv%3D1707731522",
        "uploaded_url": "https://cdn.shopify.com/s/files/1/0012/2005/1002/files/602481_Studio_Bar_Armchair_75cm_Full_Uph_Black_Steel_MLF06_01.jpg?v=1707731522",
        "width": 3000,
        "height": 3000
      },
      "id": "660d795fd739ac0012d7d71c"
    }
  ],
  "id": "660d795da8c8430012ccaca7",
  "variants": {
    "count": 0,
    "page_count": 1,
    "page": 1,
    "results": []
  },
  "filename": "normann-copenhagen-studio-bar-counter-armchair-fully-upholstered"
}