{
  "slug": "sp01-cambridge-sp01",
  "name": "Cambridge(Sp01)",
  "description": "<p>Composition: 88%Cotton, 10%Polyester, 2%Acrylic, Durability: 45.000 Martindale </p>",
  "sku": "10D0002",
  "active": true,
  "meta_title": "Cambridge(Sp01) | Buy Sp01 Fabrics online at A+R",
  "price": null,
  "currency": "USD",
  "type": "physical",
  "delivery": "shipment",
  "date_created": "2024-04-03T15:51:00.539Z",
  "stock_status": null,
  "date_updated": "2024-04-03T15:51:00.943Z",
  "prices": [],
  "purchase_options": {
    "standard": {
      "active": true,
      "price": null,
      "prices": []
    }
  },
  "images": [
    {
      "file": {
        "id": "660d7ae4f428300012b10e1c",
        "date_uploaded": "2024-04-03T15:51:00.861Z",
        "length": 2672,
        "md5": "79eb4837712af789d9535fa7dafa4691",
        "filename": "Cam-black.jpg?v=1618998239",
        "content_type": "image/jpeg",
        "url": "https://cdn.swell.store/b2sdemo_test/660d7ae4f428300012b10e1c/79eb4837712af789d9535fa7dafa4691/Cam-black.jpg%3Fv%3D1618998239",
        "uploaded_url": "https://cdn.shopify.com/s/files/1/0012/2005/1002/products/Cam-black.jpg?v=1618998239",
        "width": 192,
        "height": 192
      },
      "id": "660d7ae4dea85b0012cc0fbd"
    }
  ],
  "id": "660d7ae4f3ab960012ce9a34",
  "variants": {
    "count": 0,
    "page_count": 1,
    "page": 1,
    "results": []
  },
  "filename": "sp01-cambridge-sp01"
}