{
  "slug": "sp01-london-sp01",
  "name": "London(Sp01)",
  "description": "<p>Composition: 43%Viscose (Rayon), 27%Cotton, 19%Acrylic, 4%Jute, 3%Polyester, 3%Flax / Linen, Durability: 54.000 Martindale </p>",
  "sku": "09B0002",
  "active": true,
  "meta_title": "London(Sp01) | Buy Sp01 Fabrics online at A+R",
  "price": null,
  "currency": "USD",
  "type": "physical",
  "delivery": "shipment",
  "date_created": "2024-04-03T15:51:03.610Z",
  "stock_status": null,
  "date_updated": "2024-04-03T15:51:04.067Z",
  "prices": [],
  "purchase_options": {
    "standard": {
      "active": true,
      "price": null,
      "prices": []
    }
  },
  "images": [
    {
      "file": {
        "id": "660d7ae7090897001217ce5b",
        "date_uploaded": "2024-04-03T15:51:03.979Z",
        "length": 9924,
        "md5": "af890db3486fa9d283b122774e6a09b2",
        "filename": "Lon-blue-check.jpg?v=1618992559",
        "content_type": "image/jpeg",
        "url": "https://cdn.swell.store/b2sdemo_test/660d7ae7090897001217ce5b/af890db3486fa9d283b122774e6a09b2/Lon-blue-check.jpg%3Fv%3D1618992559",
        "uploaded_url": "https://cdn.shopify.com/s/files/1/0012/2005/1002/products/Lon-blue-check.jpg?v=1618992559",
        "width": 192,
        "height": 192
      },
      "id": "660d7ae8a755dd0012542507"
    }
  ],
  "id": "660d7ae793607e00127d72fd",
  "variants": {
    "count": 0,
    "page_count": 1,
    "page": 1,
    "results": []
  },
  "filename": "sp01-london-sp01"
}