{
  "slug": "sp01-barcelona-sp01",
  "name": "Barcelona(Sp01)",
  "description": "<p>Composition: 31%Polyester, 26% Wool, 22% Acrylic, 18%Cotton, 3% Nylon/Polyamid, Durability: Martindale 40.000</p>",
  "sku": "08L0008",
  "active": true,
  "meta_title": "Barcelona(Sp01) | Buy Sp01 Fabrics online at A+R",
  "price": null,
  "currency": "USD",
  "type": "physical",
  "delivery": "shipment",
  "date_created": "2024-04-03T15:51:05.248Z",
  "stock_status": null,
  "date_updated": "2024-04-03T15:51:05.876Z",
  "prices": [],
  "purchase_options": {
    "standard": {
      "active": true,
      "price": null,
      "prices": []
    }
  },
  "images": [
    {
      "file": {
        "id": "660d7ae9b3cdeb00121b4a5d",
        "date_uploaded": "2024-04-03T15:51:05.720Z",
        "length": 11272,
        "md5": "27b2315a0a12f765a0073db9f51a4b66",
        "filename": "image_f68a3911-bccb-4ee6-a5f0-1b09ff4720a4.jpg?v=1618990731",
        "content_type": "image/jpeg",
        "url": "https://cdn.swell.store/b2sdemo_test/660d7ae9b3cdeb00121b4a5d/27b2315a0a12f765a0073db9f51a4b66/image_f68a3911-bccb-4ee6-a5f0-1b09ff4720a4.jpg%3Fv%3D1618990731",
        "uploaded_url": "https://cdn.shopify.com/s/files/1/0012/2005/1002/products/image_f68a3911-bccb-4ee6-a5f0-1b09ff4720a4.jpg?v=1618990731",
        "width": 192,
        "height": 192
      },
      "id": "660d7ae964b0ed0012c80297"
    }
  ],
  "id": "660d7ae9f428300012b10e25",
  "variants": {
    "count": 0,
    "page_count": 1,
    "page": 1,
    "results": []
  },
  "filename": "sp01-barcelona-sp01"
}