{
  "slug": "valerie-objects-wooden-table-oval",
  "name": "Wooden Table: Oval",
  "description": "<h2>Description</h2>\n<!-- split -->\n<p class=\"lead\">A roomy variation with rounded corners expands design duo Muller Van Severen's distinctive take on a wood table for Belgian label Valerie Objects. In a turnabout, the frame and legs consist of rounded steel tubing with a glossy powder-coat finish. An inset tabletop comes in a choice of 4 different timber varieties—light birch, classic oak, rich walnut and a darker cherry—creating either a subtle interplay or a defined contrast depending on the choice of metal colors and the warm wood.</p>\n<!-- split -->\n<h2>Specifications</h2>\n<!-- split -->\n<h4>Size</h4>\n<p>29.5\" h x 82.7\" w x 31.5\" d (75x210x80cm)</p>\n<h4>Material</h4>\n<p>Steel, veneer</p>",
  "sku": "VAL-V9020748",
  "active": true,
  "meta_title": "Wooden Table: Oval | Buy Valerie Objects online at A+R",
  "price": 2648,
  "currency": "USD",
  "type": "physical",
  "delivery": "shipment",
  "date_created": "2024-04-03T15:47:44.752Z",
  "stock_status": null,
  "date_updated": "2024-04-03T15:47:45.263Z",
  "prices": [],
  "purchase_options": {
    "standard": {
      "active": true,
      "price": 2648,
      "prices": []
    }
  },
  "images": [
    {
      "file": {
        "id": "660d7a21ef998c001222305a",
        "date_uploaded": "2024-04-03T15:47:45.179Z",
        "length": 38424,
        "md5": "ec6e198cf1c3ccbaa31ed388941981ac",
        "filename": "V9020748_850ed3bb-1e5a-4dee-84f4-9a2e0ec263e3.jpg?v=1622712958",
        "content_type": "image/jpeg",
        "url": "https://cdn.swell.store/b2sdemo_test/660d7a21ef998c001222305a/ec6e198cf1c3ccbaa31ed388941981ac/V9020748_850ed3bb-1e5a-4dee-84f4-9a2e0ec263e3.jpg%3Fv%3D1622712958",
        "uploaded_url": "https://cdn.shopify.com/s/files/1/0012/2005/1002/products/V9020748_850ed3bb-1e5a-4dee-84f4-9a2e0ec263e3.jpg?v=1622712958",
        "width": 1500,
        "height": 1500
      },
      "id": "660d7a21afd4b4001218054a"
    }
  ],
  "id": "660d7a20c0f4930012e5fb6b",
  "variants": {
    "count": 0,
    "page_count": 1,
    "page": 1,
    "results": []
  },
  "filename": "valerie-objects-wooden-table-oval"
}