{
  "slug": "vescom-fuga",
  "name": "Fuga",
  "description": "<p>Composition: 100% flame retardant polyester, Durability: 75.000 rubs martindale</p>",
  "sku": "FUG-7047.01",
  "active": true,
  "meta_title": "Fuga | Buy Vescom online at A+R",
  "price": null,
  "currency": "USD",
  "type": "physical",
  "delivery": "shipment",
  "date_created": "2024-04-03T15:45:49.887Z",
  "stock_status": null,
  "date_updated": "2024-04-03T15:45:50.597Z",
  "prices": [],
  "purchase_options": {
    "standard": {
      "active": true,
      "price": null,
      "prices": []
    }
  },
  "images": [
    {
      "file": {
        "id": "660d79aef47eef0012a1bb4d",
        "date_uploaded": "2024-04-03T15:45:50.512Z",
        "length": 7536,
        "md5": "f32c8c04208eaafb6a7fb2ca3321846a",
        "filename": "7047.01_lowres1.jpg?v=1621597382",
        "content_type": "image/jpeg",
        "url": "https://cdn.swell.store/b2sdemo_test/660d79aef47eef0012a1bb4d/f32c8c04208eaafb6a7fb2ca3321846a/7047.01_lowres1.jpg%3Fv%3D1621597382",
        "uploaded_url": "https://cdn.shopify.com/s/files/1/0012/2005/1002/products/7047.01_lowres1.jpg?v=1621597382",
        "width": 192,
        "height": 192
      },
      "id": "660d79ae49935a00128dec5a"
    }
  ],
  "id": "660d79ad055bcb0012fb11ac",
  "variants": {
    "count": 0,
    "page_count": 1,
    "page": 1,
    "results": []
  },
  "filename": "vescom-fuga"
}