{
  "slug": "a-n-d-pipeline-1-chandelier",
  "name": "Pipeline 1 Chandelier",
  "description": "<h2>Description</h2>\n<!-- split -->\n<p class=\"\">Pipeline 1 features a carousel-like arrangement of 6 integrated-LED linear elements cinched by metal hoops. A-N-D cofounder and designer Caine Heintzman's barrel luminaire comes in either horizontal or vertical adaptations and radiates a glow of illumination in a choice of color temperature models and sleek aluminum finishes.</p>\n<!-- split -->\n<h2>Specifications</h2>\n<!-- split -->\n<h4>Size</h4>\n<ul>\n<li>Shade: 16.5\" h x 18.3\" dia (42x46.5cm)</li>\n<li>Canopy: 1.6\" h x 15.4\" dia (4x39cm)</li>\n<li>Maximum drop length: 370.1\" (940cm)</li>\n</ul>\n<h4>Material</h4>\n<p>Metal, aluminum, acrylic</p>\n<h4>Technical</h4>\n<ul>\n<li>UL listed</li>\n<li>Color temperature: 1800K - 3000K</li>\n<li>Dimmable</li>\n<li>Intergrated LED</li>\n</ul>\n<h4>Details</h4>\n<p>Made in Canada</p>",
  "sku": "ANDL-PIP-CHA-1-P-BK-BK",
  "active": true,
  "meta_title": "Pipeline 1 Chandelier | Buy A-N-D online at A+R",
  "price": 2888,
  "currency": "USD",
  "type": "physical",
  "delivery": "shipment",
  "date_created": "2024-04-03T15:45:01.826Z",
  "stock_status": null,
  "date_updated": "2024-04-03T15:45:02.895Z",
  "prices": [],
  "purchase_options": {
    "standard": {
      "active": true,
      "price": 2888,
      "prices": []
    }
  },
  "images": [
    {
      "file": {
        "id": "660d797ecea5e10012b89c17",
        "date_uploaded": "2024-04-03T15:45:02.803Z",
        "length": 192980,
        "md5": "ff839d8f071f65eaef33ff82f74e946f",
        "filename": "PIPELINE40-D30VERTICAL-COPPER.jpg?v=1700485003",
        "content_type": "image/jpeg",
        "url": "https://cdn.swell.store/b2sdemo_test/660d797ecea5e10012b89c17/ff839d8f071f65eaef33ff82f74e946f/PIPELINE40-D30VERTICAL-COPPER.jpg%3Fv%3D1700485003",
        "uploaded_url": "https://cdn.shopify.com/s/files/1/0012/2005/1002/files/PIPELINE40-D30VERTICAL-COPPER.jpg?v=1700485003",
        "width": 2627,
        "height": 2627
      },
      "id": "660d797ebe2c5900123d20e8"
    }
  ],
  "id": "660d797dcea5e10012b89bfa",
  "variants": {
    "count": 0,
    "page_count": 1,
    "page": 1,
    "results": []
  },
  "filename": "a-n-d-pipeline-1-chandelier"
}