{
  "slug": "a-n-d-pipeline-10-chandelier",
  "name": "Pipeline 10 Chandelier",
  "description": "<h2>Description</h2>\n<!-- split -->\n<p class=\"lead\">Breathtakingly aglow with 27 of the series' individual LED lights, Pipeline 10 introduces a triple-level configuration with concentric forms of descending size. Cofounder and designer Caine Heintzman's arresting display of illumination is available in a choice of color-temperature models—its vertical elements arrayed carousel-style on metal hoops in varied finish options.</p>\n<!-- split -->\n<h2>Specifications</h2>\n<!-- split -->\n<h4>Size</h4>\n<ul>\n<li>Shade: 45.3\" h x 40\" dia (115x101.5cm)</li>\n<li>Canopy: 1.6\" h x 37.8 dia (4x96cm)</li>\n<li>Maximum drop length: 370.1\" (940cm)</li>\n</ul>\n<h4>Material</h4>\n<p>Metal, aluminum, acrylic</p>\n<h4>Technical</h4>\n<ul>\n<li>UL listed</li>\n<li>Color temperature: 1800K - 3000K</li>\n<li>Dimmable</li>\n<li>Intergrated LED</li>\n</ul>\n<h4>Details</h4>\n<p>Made in Canada</p>",
  "sku": "ANDL-PIP-CHA-10-P-BK-BK",
  "active": true,
  "meta_title": "Pipeline 10 Chandelier | Buy A-N-D online at A+R",
  "price": 12575,
  "currency": "USD",
  "type": "physical",
  "delivery": "shipment",
  "date_created": "2024-04-03T15:45:00.371Z",
  "stock_status": null,
  "date_updated": "2024-04-03T15:45:01.512Z",
  "prices": [],
  "purchase_options": {
    "standard": {
      "active": true,
      "price": 12575,
      "prices": []
    }
  },
  "images": [
    {
      "file": {
        "id": "660d797df3ab960012ce963a",
        "date_uploaded": "2024-04-03T15:45:01.356Z",
        "length": 321804,
        "md5": "33a4f0d6ab29042ecb35d342c4a83f65",
        "filename": "PIPELINECOMBINATION4-Black.jpg?v=1686562551",
        "content_type": "image/jpeg",
        "url": "https://cdn.swell.store/b2sdemo_test/660d797df3ab960012ce963a/33a4f0d6ab29042ecb35d342c4a83f65/PIPELINECOMBINATION4-Black.jpg%3Fv%3D1686562551",
        "uploaded_url": "https://cdn.shopify.com/s/files/1/0012/2005/1002/files/PIPELINECOMBINATION4-Black.jpg?v=1686562551",
        "width": 3000,
        "height": 3000
      },
      "id": "660d797dad75db0013047d78"
    }
  ],
  "id": "660d797c50290a0012705625",
  "variants": {
    "count": 0,
    "page_count": 1,
    "page": 1,
    "results": []
  },
  "filename": "a-n-d-pipeline-10-chandelier"
}