{
  "slug": "by-interiors-sweepy-lounge-chair",
  "name": "Sweepy Lounge Chair",
  "description": "<h2>Description</h2>\n<!-- split -->\n<p class=\"lead\">Sweepy's lounge chair version combines generous proportions and rounded contours with the precision of its computer-assisted woodcutting. Milan-based designer Kensaku Oshiro harmoniously juxtaposes the curved back and armrests with its squared-off profile, fashioned in solid ash with either a natural or black finish. Invitingly comfortable and providing textural eye-appeal, the seat is made of woven paper cord to match. </p>\n<!-- split -->\n<h2>Specifications</h2>\n<!-- split -->\n<h4>Size</h4>\n<ul>\n<li>28.1\" h x 23.6\" w x 22\" d (71.5x60x55.8cm)</li>\n<li>Seat height: 15.7\" (40cm)</li>\n<li>Arm height: 23.1\" (58.6cm)</li>\n</ul>\n<h4>Material</h4>\n<p>Solid ash, polyurethane foam, polyester padding, paper cord</p>\n<h4>Details</h4>\n<p>Made in Japan</p>",
  "sku": "BYI-SWPY-LOU-CHR-NAT-ASH-NAT",
  "active": true,
  "meta_title": "Sweepy Lounge Chair | Buy By Interiors online at A+R",
  "price": 1000,
  "currency": "USD",
  "type": "physical",
  "delivery": "shipment",
  "date_created": "2024-04-03T15:46:32.858Z",
  "stock_status": null,
  "date_updated": "2024-04-03T15:46:33.267Z",
  "prices": [],
  "purchase_options": {
    "standard": {
      "active": true,
      "price": 1000,
      "prices": []
    }
  },
  "images": [
    {
      "file": {
        "id": "660d79d9d406000012ba40ce",
        "date_uploaded": "2024-04-03T15:46:33.192Z",
        "length": 35792,
        "md5": "ccda5ef7f9d0c0104bf1f6c29ea4ccba",
        "filename": "04-6.jpg?v=1644237411",
        "content_type": "image/jpeg",
        "url": "https://cdn.swell.store/b2sdemo_test/660d79d9d406000012ba40ce/ccda5ef7f9d0c0104bf1f6c29ea4ccba/04-6.jpg%3Fv%3D1644237411",
        "uploaded_url": "https://cdn.shopify.com/s/files/1/0012/2005/1002/products/04-6.jpg?v=1644237411",
        "width": 585,
        "height": 585
      },
      "id": "660d79d9ad75db0013047ea8"
    }
  ],
  "id": "660d79d8591f9100128f8f20",
  "variants": {
    "count": 0,
    "page_count": 1,
    "page": 1,
    "results": []
  },
  "filename": "by-interiors-sweepy-lounge-chair"
}