{
  "slug": "by-interiors-tee-table-rectangular",
  "name": "Tee Table: Rectangular",
  "description": "<h2>Description</h2>\n<!-- split -->\n<p class=\"lead\">Somewhat of an avatar for Japanese modernist maker By Interiors, the lightweight but incredibly sturdy Tee Table cleanly spans its extended rectangular length without any extraneous supports. A unique aluminum-honeycomb panel top, surfaced in a choice of laminate or wood, provides all the strength needed in designer Tomoya Tabuchi’s breakthrough concept. In turn, the legs are easily screwed into the top panel without any tools via customized joinery. Marrying Tomoya’s inspiration and the brand’s technological know-how, Tee garnered the Good Design Award, one of Japan’s top honors.</p>\n<!-- split -->\n<h2>Specifications</h2>\n<!-- split -->\n<h4>Size</h4>\n<ul>\n<li>28.3\" h x 63\" w x 31.5\" d (72x160x80cm)</li>\n<li>28.3\" h x 70.9\" w x 35.4\" d (72x180x90cm)</li>\n<li>28.3\" h x 94.5\" w x 35.4\" d (72x240x90cm)</li>\n</ul>\n<h4>Material</h4>\n<p><span>Aluminum honeycomb panel, powder-coated steel, wood or laminate</span></p>\n<h4><span>Details</span></h4>\n<p><span>Made in Japan</span></p>",
  "sku": "BYI-TEE-TBL-94X35-BLK-BLK",
  "active": true,
  "meta_title": "Tee Table: Rectangular | Buy By Interiors online at A+R",
  "price": 1660,
  "currency": "USD",
  "type": "physical",
  "delivery": "shipment",
  "date_created": "2024-04-03T15:47:37.057Z",
  "stock_status": null,
  "date_updated": "2024-04-03T15:47:38.429Z",
  "images": [
    {
      "file": {
        "id": "660d7a1a56978b00129916ad",
        "date_uploaded": "2024-04-03T15:47:38.129Z",
        "length": 153992,
        "md5": "6e2e869473ac2c314004229586c2ed01",
        "filename": "20160914171_1_6486073b-41df-4f3e-9745-379e7f51c49b.jpg?v=1621250718",
        "content_type": "image/jpeg",
        "url": "https://cdn.swell.store/b2sdemo_test/660d7a1a56978b00129916ad/6e2e869473ac2c314004229586c2ed01/20160914171_1_6486073b-41df-4f3e-9745-379e7f51c49b.jpg%3Fv%3D1621250718",
        "uploaded_url": "https://cdn.shopify.com/s/files/1/0012/2005/1002/products/20160914171_1_6486073b-41df-4f3e-9745-379e7f51c49b.jpg?v=1621250718",
        "width": 4000,
        "height": 4000
      },
      "id": "660d7a1ad63f770012b8d931"
    }
  ],
  "prices": [],
  "purchase_options": {
    "standard": {
      "active": true,
      "price": 1660,
      "prices": []
    }
  },
  "id": "660d7a19c0f4930012e5fb42",
  "variants": {
    "count": 0,
    "page_count": 1,
    "page": 1,
    "results": []
  },
  "filename": "by-interiors-tee-table-rectangular"
}