{
  "slug": "by-interiors-fabrics-yoda",
  "name": "Yoda",
  "description": "<p>Composition: 91% Pvc, 9% Polyester</p>",
  "sku": "BY-INT-YODA-A399",
  "active": true,
  "meta_title": "Yoda | Buy By Interiors Fabrics online at A+R",
  "price": null,
  "currency": "USD",
  "type": "physical",
  "delivery": "shipment",
  "date_created": "2024-04-03T15:47:03.140Z",
  "stock_status": null,
  "date_updated": "2024-04-03T15:47:03.671Z",
  "prices": [],
  "purchase_options": {
    "standard": {
      "active": true,
      "price": null,
      "prices": []
    }
  },
  "images": [
    {
      "file": {
        "id": "660d79f78bf06900114de6f4",
        "date_uploaded": "2024-04-03T15:47:03.483Z",
        "length": 5728,
        "md5": "25201737392f872393b7f64a9106509f",
        "filename": "image_3_e0e97b7b-6564-488c-be27-01aaf06f4271.jpg?v=1620898082",
        "content_type": "image/jpeg",
        "url": "https://cdn.swell.store/b2sdemo_test/660d79f78bf06900114de6f4/25201737392f872393b7f64a9106509f/image_3_e0e97b7b-6564-488c-be27-01aaf06f4271.jpg%3Fv%3D1620898082",
        "uploaded_url": "https://cdn.shopify.com/s/files/1/0012/2005/1002/products/image_3_e0e97b7b-6564-488c-be27-01aaf06f4271.jpg?v=1620898082",
        "width": 192,
        "height": 192
      },
      "id": "660d79f71bdff00012d199bb"
    }
  ],
  "id": "660d79f794abc90012e1afb1",
  "variants": {
    "count": 0,
    "page_count": 1,
    "page": 1,
    "results": []
  },
  "filename": "by-interiors-fabrics-yoda"
}