{
  "slug": "established-sons-drift-in-drift-out-2-seater-bench",
  "name": "Drift-In Drift-Out 2 Seater Bench",
  "description": "<h2>Description</h2>\n<!-- split -->\n<p class=\"lead\">In a natural evolution, famed architect Amanda Levete adapts Drift, her signature sculptural bench, as a smaller, modular seating element. The curved 2-seater can be used individually or grouped in multiples to form numerous configurations. The seating is carved using digital technology and then completed by hand in a choice of a final matte-satin or high-gloss finish.</p>\n<!-- split -->\n<h2>Specification</h2>\n<!-- split -->\n<h4>Size</h4>\n<p>15.7\" h x 54.7\" w x 23.2\" d (40x139x59cm)</p>\n<h4>Material</h4>\n<p>Glass reinforced polyester</p>",
  "sku": "EST-250",
  "active": true,
  "meta_title": "Drift-In Drift-Out 2 Seater Bench | Buy Established & Sons online at A+R",
  "price": 9400,
  "currency": "USD",
  "type": "physical",
  "delivery": "shipment",
  "date_created": "2024-04-03T15:51:40.695Z",
  "stock_status": null,
  "date_updated": "2024-04-03T15:51:41.001Z",
  "prices": [],
  "purchase_options": {
    "standard": {
      "active": true,
      "price": 9400,
      "prices": []
    }
  },
  "images": [
    {
      "file": {
        "id": "660d7b0c1c71db001245775b",
        "date_uploaded": "2024-04-03T15:51:40.905Z",
        "length": 127324,
        "md5": "33420bf84f85a1c36c93fc3f51764ea0",
        "filename": "DRIFT-IN-DRIFT-OUT_satin-matt-white_0250_Amanda-Levete__2007_EstablishedandSons__PeterGuenzel_White-Background-01_72dpi.jpg?v=1684130994",
        "content_type": "image/jpeg",
        "url": "https://cdn.swell.store/b2sdemo_test/660d7b0c1c71db001245775b/33420bf84f85a1c36c93fc3f51764ea0/DRIFT-IN-DRIFT-OUT_satin-matt-white_0250_Amanda-Levete__2007_EstablishedandSons__PeterGuenzel_White-Background-01_72dpi.jpg%3Fv%3D1684130994",
        "uploaded_url": "https://cdn.shopify.com/s/files/1/0012/2005/1002/files/DRIFT-IN-DRIFT-OUT_satin-matt-white_0250_Amanda-Levete__2007_EstablishedandSons__PeterGuenzel_White-Background-01_72dpi.jpg?v=1684130994",
        "width": 2500,
        "height": 2500
      },
      "id": "660d7b0d9ca7260012fc40f0"
    }
  ],
  "id": "660d7b0c81aded0012d2285d",
  "variants": {
    "count": 0,
    "page_count": 1,
    "page": 1,
    "results": []
  },
  "filename": "established-sons-drift-in-drift-out-2-seater-bench"
}