{
  "slug": "ferm-living-ceramic-basket",
  "name": "Ceramic Basket",
  "description": "<h2>Description</h2>\n<!-- split -->\n<p class=\"lead\"> </p>\n<!-- split -->\n<h2>Specifications</h2>\n<!-- split -->\n<h4>Size</h4>\n<ul>\n<li>Small: 5.7\" h x 6.3\" dia (14.5x16cm)</li>\n<li>Large: 8.3\" h x 9.3\" dia (21x23.5cm)</li>\n</ul>\n<h4>Material</h4>\n<p>Glazed ceramic</p>",
  "sku": "FL-1104263774",
  "active": true,
  "meta_title": "Ceramic Basket | Buy Ferm Living online at A+R",
  "price": 53,
  "currency": "USD",
  "type": "physical",
  "delivery": "shipment",
  "date_created": "2024-04-03T15:49:42.682Z",
  "stock_status": null,
  "date_updated": "2024-04-03T15:49:43.391Z",
  "prices": [],
  "purchase_options": {
    "standard": {
      "active": true,
      "price": 53,
      "prices": []
    }
  },
  "images": [
    {
      "file": {
        "id": "660d7a97f0952100120f5d1c",
        "date_uploaded": "2024-04-03T15:49:43.288Z",
        "length": 156352,
        "md5": "2d653824680ba832582794d1e3f228f4",
        "filename": "110070401_1.jpg?v=1619508182",
        "content_type": "image/jpeg",
        "url": "https://cdn.swell.store/b2sdemo_test/660d7a97f0952100120f5d1c/2d653824680ba832582794d1e3f228f4/110070401_1.jpg%3Fv%3D1619508182",
        "uploaded_url": "https://cdn.shopify.com/s/files/1/0012/2005/1002/products/110070401_1.jpg?v=1619508182",
        "width": 1920,
        "height": 1920
      },
      "id": "660d7a974974d6001242b569"
    }
  ],
  "id": "660d7a9694abc90012e1b180",
  "variants": {
    "count": 0,
    "page_count": 1,
    "page": 1,
    "results": []
  },
  "filename": "ferm-living-ceramic-basket"
}