{
  "slug": "ferm-living-dot-tufted-pouf",
  "name": "Dot Tufted Pouf",
  "description": "<h2>Description</h2>\n<!-- split -->\n<p class=\"lead\">Ferm Living makes a playful addition to any living space for wee ones and big people alike. Shaped around a padded center, the pouf is covered with durable organic-cotton canvas that’s been punch-needled with tufted polka dots made from recycled PET yarn. Suitable for age 3 and up, it makes an additional surface for everyday play or serves as an extra seat for unexpected guests.</p>\n<!-- split -->\n<h2>Specifications</h2>\n<!-- split -->\n<h4>Size</h4>\n<p>18.9\" h x 15.4\" dia (48x39cm)</p>\n<h4>Material</h4>\n<p>Non-woven fusing paper, thermoball, <span data-mce-fragment=\"1\">cotton</span></p>",
  "sku": "FL-1102632849",
  "active": true,
  "meta_title": "Dot Tufted Pouf | Buy Ferm Living online at A+R",
  "price": 80,
  "currency": "USD",
  "type": "physical",
  "delivery": "shipment",
  "date_created": "2024-04-03T15:46:26.897Z",
  "stock_status": null,
  "date_updated": "2024-04-03T15:46:27.729Z",
  "prices": [],
  "purchase_options": {
    "standard": {
      "active": true,
      "price": 80,
      "prices": []
    }
  },
  "images": [
    {
      "file": {
        "id": "660d79d3d406000012ba4078",
        "date_uploaded": "2024-04-03T15:46:27.628Z",
        "length": 152660,
        "md5": "8b455c043f3467ec8a1699d3c8da10c1",
        "filename": "80_2_93c57df4-8b2a-4df9-a648-62df280feddb.jpg?v=1684476930",
        "content_type": "image/jpeg",
        "url": "https://cdn.swell.store/b2sdemo_test/660d79d3d406000012ba4078/8b455c043f3467ec8a1699d3c8da10c1/80_2_93c57df4-8b2a-4df9-a648-62df280feddb.jpg%3Fv%3D1684476930",
        "uploaded_url": "https://cdn.shopify.com/s/files/1/0012/2005/1002/files/80_2_93c57df4-8b2a-4df9-a648-62df280feddb.jpg?v=1684476930",
        "width": 2000,
        "height": 2000
      },
      "id": "660d79d350290a001270575c"
    }
  ],
  "id": "660d79d2d739ac0012d7d83f",
  "variants": {
    "count": 0,
    "page_count": 1,
    "page": 1,
    "results": []
  },
  "filename": "ferm-living-dot-tufted-pouf"
}