{
  "slug": "ferm-living-hem-mat",
  "name": "Hem Mat",
  "description": "<h2>Description</h2>\n<!-- split -->\n<p class=\"lead\">With a versatile floor mat suitable for the entryway, balcony or patio, Hem extends the lineup of sustainably conceived area rugs that offers the tactile, soft feel of wool. Ferm Living crafts the durable indoor-outdoor series from PET yarn made from recycled plastic bottles (the floor mat equals more than 30). With a subtle flat-weave texture and warm sand hue, it adds the designer finishing touch of asymmetrically placed fringe for an artisanal feel.</p>\n<!-- split -->\n<h2>Specifications</h2>\n<!-- split -->\n<h4>Size</h4>\n<p>19.7\" l x 27.6\" w (50x70cm)</p>\n<h4>Material</h4>\n<p>Hand-woven, PET yarn</p>",
  "sku": "FL-1104263784",
  "active": true,
  "meta_title": "Hem Mat | Buy Ferm Living online at A+R",
  "price": 35,
  "currency": "USD",
  "type": "physical",
  "delivery": "shipment",
  "date_created": "2024-04-03T15:49:03.426Z",
  "stock_status": null,
  "date_updated": "2024-04-03T15:49:05.604Z",
  "prices": [],
  "purchase_options": {
    "standard": {
      "active": true,
      "price": 35,
      "prices": []
    }
  },
  "images": [
    {
      "file": {
        "id": "660d7a71b54c690012108e0d",
        "date_uploaded": "2024-04-03T15:49:05.511Z",
        "length": 1739628,
        "md5": "5afb72fe683296a15ed4fe8fb63a01b9",
        "filename": "HemMat-Sand_1_c3445910-0a09-4ed1-8ab4-77ea9656e31d.jpg?v=1685334537",
        "content_type": "image/jpeg",
        "url": "https://cdn.swell.store/b2sdemo_test/660d7a71b54c690012108e0d/5afb72fe683296a15ed4fe8fb63a01b9/HemMat-Sand_1_c3445910-0a09-4ed1-8ab4-77ea9656e31d.jpg%3Fv%3D1685334537",
        "uploaded_url": "https://cdn.shopify.com/s/files/1/0012/2005/1002/files/HemMat-Sand_1_c3445910-0a09-4ed1-8ab4-77ea9656e31d.jpg?v=1685334537",
        "width": 4000,
        "height": 4000
      },
      "id": "660d7a71d6fac000129ef9f7"
    }
  ],
  "id": "660d7a6fa8c8430012ccafc5",
  "variants": {
    "count": 0,
    "page_count": 1,
    "page": 1,
    "results": []
  },
  "filename": "ferm-living-hem-mat"
}