{
  "slug": "ferm-living-flow-jam-jar",
  "name": "Flow Jam Jar",
  "description": "<h2>Description</h2>\n<!-- split -->\n<p class=\"lead\"> </p>\n<!-- split -->\n<h2>Specifications</h2>\n<!-- split -->\n<h4>Size</h4>\n<p>3.1\" h x 2.9\" w x 3.1\" d (8x7.5x8cm)</p>\n<h4>Material</h4>\n<p>Glazed porcelain</p>",
  "sku": "FL-110253101",
  "active": true,
  "meta_title": "Flow Jam Jar | Buy Ferm Living online at A+R",
  "price": 18,
  "currency": "USD",
  "type": "physical",
  "delivery": "shipment",
  "date_created": "2024-04-03T15:49:23.992Z",
  "stock_status": null,
  "date_updated": "2024-04-03T15:49:24.374Z",
  "prices": [],
  "purchase_options": {
    "standard": {
      "active": true,
      "price": 18,
      "prices": []
    }
  },
  "images": [
    {
      "file": {
        "id": "660d7a8493607e00127d7174",
        "date_uploaded": "2024-04-03T15:49:24.287Z",
        "length": 58460,
        "md5": "3350ccd711808ae67a9dc2cd8f3c65a5",
        "filename": "YellowSpeckle1.jpg?v=1650085800",
        "content_type": "image/jpeg",
        "url": "https://cdn.swell.store/b2sdemo_test/660d7a8493607e00127d7174/3350ccd711808ae67a9dc2cd8f3c65a5/YellowSpeckle1.jpg%3Fv%3D1650085800",
        "uploaded_url": "https://cdn.shopify.com/s/files/1/0012/2005/1002/products/YellowSpeckle1.jpg?v=1650085800",
        "width": 1440,
        "height": 1440
      },
      "id": "660d7a8449935a00128deec6"
    }
  ],
  "id": "660d7a83dea85b0012cc0eb7",
  "variants": {
    "count": 0,
    "page_count": 1,
    "page": 1,
    "results": []
  },
  "filename": "ferm-living-flow-jam-jar"
}