{
  "slug": "lambert-fils-dot-luna-table-lamp",
  "name": "Dot Luna Table Lamp",
  "description": "<h2>Description</h2>\n<!-- split -->\n<p class=\"lead\">With a moonlike globe alight with soft LED illumination, Lambert &amp; Fils offers a distinctive table lamp from its Dot Luna series. The milk glass light is perched on a slim metal rod in gleaming brass or inky graphite, set off by a substantial disc base in creamy natural marble. Quietly impressive, the light is handcrafted at the lighting brand’s Montreal atelier. </p>\n<!-- split -->\n<h2>Specifications</h2>\n<!-- split -->\n<h4>Size</h4>\n<ul>\n<li>27.2\" h x 5.9\" dia (69x15cm)</li>\n<li>Cord length: 96.1\" (244cm)</li>\n</ul>\n<h4>Material</h4>\n<p>Brass, marble, milk glass globes, vinyl</p>\n<h4>Technical</h4>\n<ul>\n<li>UL Listed</li>\n<li>G9</li>\n<li>Color temperature: 2700K, 3000K</li>\n<li>Bulb included</li>\n</ul>\n<ul></ul>",
  "sku": "LAM-DOT09BRBK",
  "active": true,
  "meta_title": "Dot Luna Table Lamp | Buy Lambert & Fils online at A+R",
  "price": 425,
  "currency": "USD",
  "type": "physical",
  "delivery": "shipment",
  "date_created": "2024-04-03T15:53:12.546Z",
  "stock_status": null,
  "date_updated": "2024-04-03T15:53:13.367Z",
  "prices": [],
  "purchase_options": {
    "standard": {
      "active": true,
      "price": 425,
      "prices": []
    }
  },
  "images": [
    {
      "file": {
        "id": "660d7b69da78770012404058",
        "date_uploaded": "2024-04-03T15:53:13.273Z",
        "length": 65328,
        "md5": "b4ca63af1fae22cae89886b4157134fe",
        "filename": "DOT09BR_01_2_1_770b187c-f078-40c0-876c-5112a826a0d7.jpg?v=1688017740",
        "content_type": "image/jpeg",
        "url": "https://cdn.swell.store/b2sdemo_test/660d7b69da78770012404058/b4ca63af1fae22cae89886b4157134fe/DOT09BR_01_2_1_770b187c-f078-40c0-876c-5112a826a0d7.jpg%3Fv%3D1688017740",
        "uploaded_url": "https://cdn.shopify.com/s/files/1/0012/2005/1002/files/DOT09BR_01_2_1_770b187c-f078-40c0-876c-5112a826a0d7.jpg?v=1688017740",
        "width": 3000,
        "height": 3000
      },
      "id": "660d7b69dea85b0012cc1156"
    }
  ],
  "id": "660d7b68f428300012b10fa2",
  "variants": {
    "count": 0,
    "page_count": 1,
    "page": 1,
    "results": []
  },
  "filename": "lambert-fils-dot-luna-table-lamp"
}