{
  "slug": "normann-copenhagen-studio-bar-counter-armchair-front-upholstered",
  "name": "Studio Bar + Counter Armchair: Front Upholstered",
  "description": "<h2>Description</h2>\n<!-- split -->\n<p class=\"lead\">Normann Copenhagen adapts its Studio template to a comfortable full-armchair version of its bar and counter seating with the addition of custom front upholstery. The molded plywood seat is covered in fine fabric or naturally treated leather in this elevated take on industrial French factory chairs. Deceptively simple construction in matte black steel tubing defines the shape of designer Simon Legald's choice offering for home and public spaces alike.</p>\n<!-- split -->\n<h2>Specifications</h2>\n<!-- split -->\n<h4>Size</h4>\n<ul>\n<li>Bar\n<ul>\n<li>44.5\" h x 23.6\" w x 22.4\" d (113x60x57cm)</li>\n<li>Seat height: 29.5\" (75cm)</li>\n<li>Arm height: 38.4\" (97.5cm)</li>\n</ul>\n</li>\n<li>Counter\n<ul>\n<li>40.6\" h x 23.6\" w x 22.4\" d (103x60x57cm)</li>\n<li>Seat height: 25.6\" (65cm)</li>\n<li>Arm height: 34.4\" (87.5cm)</li>\n</ul>\n</li>\n</ul>\n<h4>Material</h4>\n<p>Powder-coated steel, lacquered oak or ash veneer, PU foam</p>\n<h4>Details</h4>\n<ul>\n<li>Group 1: Oceanic, Aquarius</li>\n<li>Group 2: Remix 3, Main Line Flax, Synergy</li>\n<li>Group 3: Canvas 2, Yoredale</li>\n<li>Group 4: Steelcut Trio 3, City Velvet</li>\n<li>Group 5: Divina 3, Divina MD, Divina Melange 3, Hallingdal 65, Fiord 2</li>\n<li>Group 6: Zero, Vidar 4</li>\n<li>Group 7: Elle, Ultra Leather</li>\n<li>COM and COL are available on request</li>\n</ul>",
  "sku": "NOR-711681",
  "active": true,
  "meta_title": "Studio Bar + Counter Armchair: Front Upholstered | Buy Normann Copenhagen online at A+R",
  "price": null,
  "currency": "USD",
  "type": "physical",
  "delivery": "shipment",
  "date_created": "2024-04-03T15:44:31.758Z",
  "stock_status": null,
  "date_updated": "2024-04-03T15:44:32.248Z",
  "prices": [],
  "purchase_options": {
    "standard": {
      "active": true,
      "price": null,
      "prices": []
    }
  },
  "images": [
    {
      "file": {
        "id": "660d7960be2c5900123d1fb2",
        "date_uploaded": "2024-04-03T15:44:32.144Z",
        "length": 299224,
        "md5": "2236315ac493bd1ad6c5a1499464fec5",
        "filename": "601986_Studio_Bar_Armchair_75cm_Front_Uph_Black_Steel_Brown_Ultra_41578_01.jpg?v=1707730583",
        "content_type": "image/jpeg",
        "url": "https://cdn.swell.store/b2sdemo_test/660d7960be2c5900123d1fb2/2236315ac493bd1ad6c5a1499464fec5/601986_Studio_Bar_Armchair_75cm_Front_Uph_Black_Steel_Brown_Ultra_41578_01.jpg%3Fv%3D1707730583",
        "uploaded_url": "https://cdn.shopify.com/s/files/1/0012/2005/1002/files/601986_Studio_Bar_Armchair_75cm_Front_Uph_Black_Steel_Brown_Ultra_41578_01.jpg?v=1707730583",
        "width": 3000,
        "height": 3000
      },
      "id": "660d7960d6fac000129ef6d8"
    }
  ],
  "id": "660d795fc3a01200123a8963",
  "variants": {
    "count": 0,
    "page_count": 1,
    "page": 1,
    "results": []
  },
  "filename": "normann-copenhagen-studio-bar-counter-armchair-front-upholstered"
}