{
  "slug": "normann-copenhagen-studio-bar-counter-chair-fully-upholstered",
  "name": "Studio Bar + Counter Chair: Fully Upholstered",
  "description": "<h2>Description</h2>\n<!-- split -->\n<p class=\"lead\">Upholstery in a choice of fine fabric or leather makes a pleasing contrast and comfort-inducing addition to Studio's graphic black outline. Offered in a choice of bar or counter heights, Simon Legald’s stool is conveniently stackable and easy to move around by grasping its tubular steel frame. From a simple design with industrial antecedents comes a rendition that adds a made-to-order look and a luxurious fillip to Normann Copenhagen’s seating.</p>\n<!-- split -->\n<h2>Specifications</h2>\n<!-- split -->\n<h4>Size</h4>\n<ul>\n<li>Bar\n<ul>\n<li>44.5\" h x 20.5\" w x 22.4\" d (113x52x57cm)</li>\n<li>Seat height: 29.5\" (75cm)</li>\n</ul>\n</li>\n<li>Counter\n<ul>\n<li>40.6\" h x 20.1\" w x 22.4\" d (103x51x57cm)</li>\n<li>Seat height: 25.6\" (65cm)</li>\n</ul>\n</li>\n</ul>\n<h4>Material</h4>\n<p>Powder-coated steel, lacquered oak or ash veneer</p>\n<h4>Details</h4>\n<ul>\n<li>Group 1: Oceanic, Aquarius</li>\n<li>Group 2: Remix 3, Main Line Flax, Synergy</li>\n<li>Group 3: Canvas 2, Yoredale</li>\n<li>Group 4: Steelcut Trio 3, City Velvet</li>\n<li>Group 5: Divina 3, Divina MD, Divina Melange 3, Hallingdal 65, Fiord 2</li>\n<li>Group 6: Zero, Vidar 4</li>\n<li>Group 7: Elle, Ultra Leather</li>\n<li>COM and COL are available on request</li>\n</ul>",
  "sku": "NOR-711451",
  "active": true,
  "meta_title": "Studio Bar + Counter Chair: Fully Upholstered | Buy Normann Copenhagen online at A+R",
  "price": 450,
  "currency": "USD",
  "type": "physical",
  "delivery": "shipment",
  "date_created": "2024-04-03T15:44:18.977Z",
  "stock_status": null,
  "date_updated": "2024-04-03T15:44:19.555Z",
  "prices": [],
  "purchase_options": {
    "standard": {
      "active": true,
      "price": 450,
      "prices": []
    }
  },
  "images": [
    {
      "file": {
        "id": "660d7953afd4b40012180290",
        "date_uploaded": "2024-04-03T15:44:19.471Z",
        "length": 68076,
        "md5": "b0e50b2fac9e2b6d505a76eb671e6f3d",
        "filename": "StudioBarChair75cmFullUphBlackSteel1.jpg?v=1707735702",
        "content_type": "image/jpeg",
        "url": "https://cdn.swell.store/b2sdemo_test/660d7953afd4b40012180290/b0e50b2fac9e2b6d505a76eb671e6f3d/StudioBarChair75cmFullUphBlackSteel1.jpg%3Fv%3D1707735702",
        "uploaded_url": "https://cdn.shopify.com/s/files/1/0012/2005/1002/files/StudioBarChair75cmFullUphBlackSteel1.jpg?v=1707735702",
        "width": 1500,
        "height": 1500
      },
      "id": "660d79534d42c60012db441d"
    }
  ],
  "id": "660d7952fa71d90012ddb0e8",
  "variants": {
    "count": 0,
    "page_count": 1,
    "page": 1,
    "results": []
  },
  "filename": "normann-copenhagen-studio-bar-counter-chair-fully-upholstered"
}