{
  "slug": "normann-copenhagen-bit-stool-column",
  "name": "Bit Stool: Column",
  "description": "<h2>Description</h2>\n<!-- split -->\n<p class=\"lead\">With a pleasingly pixelated surface, designer Simon Legald’s indoor-outdoor stool is made of small bits of 100% recycled household and industrial plastic. Bit can serve as a pedestal for a floral arrangement, a handy side table or as impromptu seating for that unexpected guest. Choose from black or white—both in either a solid or multicolor flecked coloration—for this playful take on a column shape.</p>\n<!-- split -->\n<h2>Specifications</h2>\n<!-- split -->\n<h4>Size</h4>\n<p>16.5\" h x 14.2\" dia (42x36cm)</p>\n<h4>Material</h4>\n<p>Polyethylene</p>\n<h4>Details</h4>\n<p>Made in Italy</p>",
  "sku": "NOR-603005",
  "active": true,
  "meta_title": "Bit Stool: Column | Buy Normann Copenhagen online at A+R",
  "price": 145,
  "currency": "USD",
  "type": "physical",
  "delivery": "shipment",
  "date_created": "2024-04-03T15:51:19.223Z",
  "stock_status": null,
  "date_updated": "2024-04-03T15:51:19.719Z",
  "prices": [],
  "purchase_options": {
    "standard": {
      "active": true,
      "price": 145,
      "prices": []
    }
  },
  "images": [
    {
      "file": {
        "id": "660d7af7591f9100128f92b7",
        "date_uploaded": "2024-04-03T15:51:19.620Z",
        "length": 708996,
        "md5": "1e165fe139e867bc007607b09a4cfc2e",
        "filename": "603005_Bit_Stool_White_01copy.jpg?v=1703576443",
        "content_type": "image/jpeg",
        "url": "https://cdn.swell.store/b2sdemo_test/660d7af7591f9100128f92b7/1e165fe139e867bc007607b09a4cfc2e/603005_Bit_Stool_White_01copy.jpg%3Fv%3D1703576443",
        "uploaded_url": "https://cdn.shopify.com/s/files/1/0012/2005/1002/files/603005_Bit_Stool_White_01copy.jpg?v=1703576443",
        "width": 4000,
        "height": 4000
      },
      "id": "660d7af7a755dd0012542545"
    }
  ],
  "id": "660d7af7da78770012403f27",
  "variants": {
    "count": 0,
    "page_count": 1,
    "page": 1,
    "results": []
  },
  "filename": "normann-copenhagen-bit-stool-column"
}