{
  "slug": "sp01-royce-armchair",
  "name": "Royce Armchair",
  "description": "<h2>Description</h2>\n<!-- split -->\n<p class=\"lead\">Curve upon curve, SP01’s sculptural armchair Royce doesn’t have a hard line in sight. Australian designer Nikolai Kotlarczyk based his compact but wonderfully comfortable seating on the notion of a bird about to take flight, seen in its enveloping winglike form and pitched silhouette. With its steel tubing structure offered in a range of finishes and a bounteous selection of upholstery fabrics and leathers, the armchair is conceived in Australia and made in Italy.</p>\n<!-- split -->\n<h2>Specifications</h2>\n<!-- split -->\n<h4>Size</h4>\n<ul>\n<li>31.1\" h x 28.9\" w x 29.9\" d (79x73.5x76cm)</li>\n<li>Seat height: 17.5\" (44.5cm)</li>\n</ul>\n<h4>Material</h4>\n<p>Steel, polyurethane</p>\n<h4>Details</h4>\n<ul>\n<li>Category 10: Madrid</li>\n<li>Category 20: Barcelona, Cordoba, London, Palermo, Sydney</li>\n<li>Category 30: Adelaide, Cambridge, Florence, Kyoto</li>\n<li>Category 40: Copenhagen, Dubrovnik, Milan, Oslo, Siena</li>\n<li>Category A: Lisbon</li>\n<li>Category B: Antwerp</li>\n<li>Category O: Edinburgh</li>\n<li>COM and COL are available on request</li>\n</ul>",
  "sku": "SP01-ROA-E02K-CAT-10",
  "active": true,
  "meta_title": "Royce Armchair | Buy SP01 online at A+R",
  "price": 1288,
  "currency": "USD",
  "type": "physical",
  "delivery": "shipment",
  "date_created": "2024-04-03T15:51:12.233Z",
  "stock_status": null,
  "date_updated": "2024-04-03T15:51:12.946Z",
  "prices": [],
  "purchase_options": {
    "standard": {
      "active": true,
      "price": 1288,
      "prices": []
    }
  },
  "images": [
    {
      "file": {
        "id": "660d7af0f0952100120f5e01",
        "date_uploaded": "2024-04-03T15:51:12.854Z",
        "length": 245980,
        "md5": "e9520d1b57846c4aaf9b1a468a64a82f",
        "filename": "SP01-2-1_1260x1000_75.jpg?v=1618895543",
        "content_type": "image/jpeg",
        "url": "https://cdn.swell.store/b2sdemo_test/660d7af0f0952100120f5e01/e9520d1b57846c4aaf9b1a468a64a82f/SP01-2-1_1260x1000_75.jpg%3Fv%3D1618895543",
        "uploaded_url": "https://cdn.shopify.com/s/files/1/0012/2005/1002/products/SP01-2-1_1260x1000_75.jpg?v=1618895543",
        "width": 1300,
        "height": 1300
      },
      "id": "660d7af0055bcb0012fb15c3"
    }
  ],
  "id": "660d7af07c1cc300128925e2",
  "variants": {
    "count": 0,
    "page_count": 1,
    "page": 1,
    "results": []
  },
  "filename": "sp01-royce-armchair"
}