{
  "slug": "a-n-d-pipeline-11-chandelier",
  "name": "Pipeline 11 Chandelier",
  "description": "<h2>Description</h2>\n<!-- split -->\n<p class=\"lead\">In a graduated trio of concentric rings more than 6 feet tall, A-N-D's chandelier is a truly astounding display, with 30 LED elements arrayed for warm outward illumination. Pipeline 11 tests the limits of cofounder and designer Caine Heintzman's lighting template in this scene-stealer for larger environs that is available in a range of color temperature models and scinitllating metallic finishes.</p>\n<!-- split -->\n<h2>Specifications</h2>\n<!-- split -->\n<h4>Size</h4>\n<ul>\n<li>Shade: 78.3\" h x 40\" dia (199x101.5cm)</li>\n<li>Canopy: 1.6\" h x 37.8\" dia (4x96cm)</li>\n<li>Maximum drop length: 370.1\" (940cm)</li>\n</ul>\n<h4>Material</h4>\n<p>Metal, aluminum, acrylic</p>\n<h4>Technical</h4>\n<ul>\n<li>UL listed</li>\n<li>Color temperature: 1800K - 3000K</li>\n<li>Dimmable</li>\n<li>Intergrated LED</li>\n</ul>\n<h4>Details</h4>\n<p>Made in Canada</p>",
  "sku": "ANDL-PIP-CHA-11-P-BK-BK",
  "active": true,
  "meta_title": "Pipeline 11 Chandelier | Buy A-N-D online at A+R",
  "price": 15225,
  "currency": "USD",
  "type": "physical",
  "delivery": "shipment",
  "date_created": "2024-04-03T15:44:58.464Z",
  "stock_status": null,
  "date_updated": "2024-04-03T15:44:59.966Z",
  "prices": [],
  "purchase_options": {
    "standard": {
      "active": true,
      "price": 15225,
      "prices": []
    }
  },
  "images": [
    {
      "file": {
        "id": "660d797b90abf000124fc3e2",
        "date_uploaded": "2024-04-03T15:44:59.853Z",
        "length": 286228,
        "md5": "f607b7ad273b840c79ce0adde5b385c6",
        "filename": "PIPELINECOMBINATION5-Black.jpg?v=1686563295",
        "content_type": "image/jpeg",
        "url": "https://cdn.swell.store/b2sdemo_test/660d797b90abf000124fc3e2/f607b7ad273b840c79ce0adde5b385c6/PIPELINECOMBINATION5-Black.jpg%3Fv%3D1686563295",
        "uploaded_url": "https://cdn.shopify.com/s/files/1/0012/2005/1002/files/PIPELINECOMBINATION5-Black.jpg?v=1686563295",
        "width": 3000,
        "height": 3000
      },
      "id": "660d797b6f64df0012a46a3e"
    }
  ],
  "id": "660d797a03e0280012dc9360",
  "variants": {
    "count": 0,
    "page_count": 1,
    "page": 1,
    "results": []
  },
  "filename": "a-n-d-pipeline-11-chandelier"
}