{
  "slug": "a-n-d-pipeline-5-chandelier",
  "name": "Pipeline 5 Chandelier",
  "description": "<h2>Description</h2>\n<!-- split -->\n<p class=\"lead\">Pipeline 5 scales up A-N-D's elongated chandelier with 8 linear LED elements bracketed by metal hoops. Cofounder and designer Caine Heintzman offers both horizontal or vertical variations on his cylindrical lumiere as well as a customizing series of available color temperatures and an extensive range of aluminum finishes.</p>\n<!-- split -->\n<h2>Specifications</h2>\n<!-- split -->\n<h4>Size</h4>\n<ul>\n<li>Shade: 49.2\" h x 30.1\" dia (125x76.5cm)</li>\n<li>Canopy: 1.6\" h x 27.2\" dia (4x69cm)</li>\n<li>Maximum drop length: 402.8\" (1023cm)</li>\n</ul>\n<h4>Material</h4>\n<p>Metal, aluminum, acrylic</p>\n<h4>Technical</h4>\n<ul>\n<li>UL listed</li>\n<li>Color temperature: 1800K - 3000K</li>\n<li>Dimmable</li>\n<li>Intergrated LED</li>\n</ul>\n<h4>Details</h4>\n<p>Made in Canada</p>",
  "sku": "ANDL-PIP-CHA-5-P-BK-BK",
  "active": true,
  "meta_title": "Pipeline 5 Chandelier | Buy A-N-D online at A+R",
  "price": 6118,
  "currency": "USD",
  "type": "physical",
  "delivery": "shipment",
  "date_created": "2024-04-03T15:44:50.774Z",
  "stock_status": null,
  "date_updated": "2024-04-03T15:44:52.108Z",
  "prices": [],
  "purchase_options": {
    "standard": {
      "active": true,
      "price": 6118,
      "prices": []
    }
  },
  "images": [
    {
      "file": {
        "id": "660d7973ed32660012b0bfbc",
        "date_uploaded": "2024-04-03T15:44:51.952Z",
        "length": 253132,
        "md5": "53ace3d106ff6b5dc562f719a3dfbba9",
        "filename": "PIPELINE125-D60VERTICAL-BLACKcopy.jpg?v=1686743965",
        "content_type": "image/jpeg",
        "url": "https://cdn.swell.store/b2sdemo_test/660d7973ed32660012b0bfbc/53ace3d106ff6b5dc562f719a3dfbba9/PIPELINE125-D60VERTICAL-BLACKcopy.jpg%3Fv%3D1686743965",
        "uploaded_url": "https://cdn.shopify.com/s/files/1/0012/2005/1002/files/PIPELINE125-D60VERTICAL-BLACKcopy.jpg?v=1686743965",
        "width": 3000,
        "height": 3000
      },
      "id": "660d7974a8c8430012ccad03"
    }
  ],
  "id": "660d7972055bcb0012fb10dd",
  "variants": {
    "count": 0,
    "page_count": 1,
    "page": 1,
    "results": []
  },
  "filename": "a-n-d-pipeline-5-chandelier"
}