{
  "slug": "established-sons-wall-to-wall-flooring-system",
  "name": "Wall To Wall Flooring System",
  "description": "<h2>Description</h2>\n<!-- split -->\n<p class=\"\"> <br></p>\n<!-- split -->\n<h2>Specification</h2>\n<!-- split -->\n<h4>Size</h4>\n<p>0.8\" h x 9.8\" w x 2.4\" d (2.1x25x6cm)</p>\n<h4>Material</h4>\n<p>Natural oak stained</p>",
  "sku": "EST-4636",
  "active": true,
  "meta_title": "Wall To Wall Flooring System | Buy Established & Sons online at A+R",
  "price": 325,
  "currency": "USD",
  "type": "physical",
  "delivery": "shipment",
  "date_created": "2024-04-03T15:51:34.042Z",
  "stock_status": null,
  "date_updated": "2024-04-03T15:51:35.279Z",
  "prices": [],
  "purchase_options": {
    "standard": {
      "active": true,
      "price": 325,
      "prices": []
    }
  },
  "images": [
    {
      "file": {
        "id": "660d7b07dea85b0012cc100a",
        "date_uploaded": "2024-04-03T15:51:35.163Z",
        "length": 448076,
        "md5": "d6a5800ae349b57471bd416add61333b",
        "filename": "2009_10_ESLimited_WallToWall_ShayAlkalayYaelMer_EdReeve_Shoot01_03_MR.jpg?v=1619753839",
        "content_type": "image/jpeg",
        "url": "https://cdn.swell.store/b2sdemo_test/660d7b07dea85b0012cc100a/d6a5800ae349b57471bd416add61333b/2009_10_ESLimited_WallToWall_ShayAlkalayYaelMer_EdReeve_Shoot01_03_MR.jpg%3Fv%3D1619753839",
        "uploaded_url": "https://cdn.shopify.com/s/files/1/0012/2005/1002/products/2009_10_ESLimited_WallToWall_ShayAlkalayYaelMer_EdReeve_Shoot01_03_MR.jpg?v=1619753839",
        "width": 2000,
        "height": 2000
      },
      "id": "660d7b07d8e0560012e29c68"
    }
  ],
  "id": "660d7b0664b0ed0012c802eb",
  "variants": {
    "count": 0,
    "page_count": 1,
    "page": 1,
    "results": []
  },
  "filename": "established-sons-wall-to-wall-flooring-system"
}