{
  "slug": "ferm-living-rest-lamp",
  "name": "Rest Lamp",
  "description": "<h2>Description</h2>\n<!-- split -->\n<p class=\"lead\">It's all there in black and white with Ferm Living's glowing low table lamp. Resting on a ring of inky solid marble, a matte opal-glass sphere makes an elegant focal point while brightening a space with its soft illumination. Additionally, the socket is made of black powder-coated metal, adding a complementary finishing touch to the play of contrasts.</p>\n<!-- split -->\n<h2>Specifications</h2>\n<!-- split -->\n<h4>Size</h4>\n<ul>\n<li>7.1\" h x 5.9\" dia (18x15cm)</li>\n<li>Cord length: 78.7\" (200cm)</li>\n</ul>\n<h4>Material</h4>\n<p>Marble ring, matte opal glass</p>\n<h4>Technical</h4>\n<ul>\n<li>UL Listed</li>\n<li>E14</li>\n<li>Dimmable</li>\n</ul>\n",
  "sku": "FL-5151",
  "active": true,
  "meta_title": "Rest Lamp | Buy Ferm Living online at A+R",
  "price": 0,
  "currency": "USD",
  "type": "physical",
  "delivery": "shipment",
  "date_created": "2024-04-03T15:46:22.406Z",
  "stock_status": null,
  "date_updated": "2024-04-03T15:46:23.324Z",
  "prices": [],
  "purchase_options": {
    "standard": {
      "active": true,
      "price": 0,
      "prices": []
    }
  },
  "images": [
    {
      "file": {
        "id": "660d79ced739ac0012d7d838",
        "date_uploaded": "2024-04-03T15:46:22.944Z",
        "length": 51916,
        "md5": "09e55a65a61074a34c384726ce29431a",
        "filename": "5704723023906_1.jpg?v=1633676230",
        "content_type": "image/jpeg",
        "url": "https://cdn.swell.store/b2sdemo_test/660d79ced739ac0012d7d838/09e55a65a61074a34c384726ce29431a/5704723023906_1.jpg%3Fv%3D1633676230",
        "uploaded_url": "https://cdn.shopify.com/s/files/1/0012/2005/1002/products/5704723023906_1.jpg?v=1633676230",
        "width": 2000,
        "height": 2000
      },
      "id": "660d79cfaac09e00123ad665"
    }
  ],
  "id": "660d79ce2e54070012d28518",
  "variants": {
    "count": 0,
    "page_count": 1,
    "page": 1,
    "results": []
  },
  "filename": "ferm-living-rest-lamp"
}