{
  "slug": "ferm-living-kelim-runner",
  "name": "Kelim Runner",
  "description": "<h2>Description</h2>\n<!-- split -->\n<p class=\"lead\">Adding a narrow runner version, Kelim redefines the traditional hand-craftsmanship of the manual loom technique that is one of the oldest in the world. Ferm Living gives the genre a Nordic twist by updating it In a solid brown melange or a choice of muted geometric patterns. The rug is characterized by slight individual variations in the familiar flat weave with its distinctive tactile quality and the individual shadings present in the hand-dyed yarn.</p>\n<!-- split -->\n<h2>Specifications</h2>\n<!-- split -->\n<h4>Size</h4>\n<p>70.9\" l x 27.6\" w (180x70cm)</p>\n<h4>Material</h4>\n<p>Wool, cotton</p>\n<h4>Details</h4>\n<p>Made in India</p>",
  "sku": "FL-100525651",
  "active": true,
  "meta_title": "Kelim Runner | Buy Ferm Living online at A+R",
  "price": 90,
  "currency": "USD",
  "type": "physical",
  "delivery": "shipment",
  "date_created": "2024-04-03T15:48:50.406Z",
  "stock_status": null,
  "date_updated": "2024-04-03T15:48:50.718Z",
  "prices": [],
  "purchase_options": {
    "standard": {
      "active": true,
      "price": 90,
      "prices": []
    }
  },
  "images": [
    {
      "file": {
        "id": "660d7a62b3cdeb00121b45d4",
        "date_uploaded": "2024-04-03T15:48:50.641Z",
        "length": 130952,
        "md5": "ae322e8f2c4486b99460f08edad8f70b",
        "filename": "100525651_1_9d67e295-9528-4e86-a3a6-3af81707910f.jpg?v=1684760704",
        "content_type": "image/jpeg",
        "url": "https://cdn.swell.store/b2sdemo_test/660d7a62b3cdeb00121b45d4/ae322e8f2c4486b99460f08edad8f70b/100525651_1_9d67e295-9528-4e86-a3a6-3af81707910f.jpg%3Fv%3D1684760704",
        "uploaded_url": "https://cdn.shopify.com/s/files/1/0012/2005/1002/files/100525651_1_9d67e295-9528-4e86-a3a6-3af81707910f.jpg?v=1684760704",
        "width": 1920,
        "height": 1920
      },
      "id": "660d7a621cd14b00127c33e2"
    }
  ],
  "id": "660d7a62fa9b03001262e496",
  "variants": {
    "count": 0,
    "page_count": 1,
    "page": 1,
    "results": []
  },
  "filename": "ferm-living-kelim-runner"
}