{
  "slug": "ferm-living-true-quilted-rolling-mat",
  "name": "True Quilted Rolling Mat",
  "description": "<h2>Description</h2>\n<!-- split -->\n<p class=\"lead\"> </p>\n<!-- split -->\n<h2>Specification</h2>\n<!-- split -->\n<h4>Size</h4>\n<p>70.8\" h x 27.5\" w (180x70cm)</p>\n<h4>Material</h4>\n<p>50% cotton, 50% linen</p>",
  "sku": "FL-1102672836",
  "active": true,
  "meta_title": "True Quilted Rolling Mat | Ferm Living online at A+R",
  "price": 0,
  "currency": "USD",
  "type": "physical",
  "delivery": "shipment",
  "date_created": "2024-04-03T15:48:04.162Z",
  "stock_status": null,
  "date_updated": "2024-04-03T15:48:04.246Z",
  "prices": [],
  "purchase_options": {
    "standard": {
      "active": true,
      "price": 0,
      "prices": []
    }
  },
  "id": "660d7a34d6fac000129ef916",
  "variants": {
    "count": 0,
    "page_count": 1,
    "page": 1,
    "results": []
  },
  "filename": "ferm-living-true-quilted-rolling-mat"
}