{
  "slug": "ferm-living-miniature-funkis-house-shelf",
  "name": "Miniature Funkis House: Shelf",
  "description": "<h2>Description</h2>\n<!-- split -->\n<p class=\"lead\"> </p>\n<!-- split -->\n<h2>Specifications</h2>\n<!-- split -->\n<h4>Size</h4>\n<p>27.5\" h x 18.5\" w x 2.9\" d (70x47x7.6cm)</p>\n<h4>Material</h4>\n<p>Plywood</p>",
  "sku": "FL-1102112038",
  "active": true,
  "meta_title": "Miniature Funkis House: Shelf | Buy Ferm Living online at A+R",
  "price": 73,
  "currency": "USD",
  "type": "physical",
  "delivery": "shipment",
  "date_created": "2024-04-03T15:48:39.355Z",
  "stock_status": null,
  "date_updated": "2024-04-03T15:48:39.454Z",
  "prices": [],
  "purchase_options": {
    "standard": {
      "active": true,
      "price": 73,
      "prices": []
    }
  },
  "id": "660d7a571c71db0012457587",
  "variants": {
    "count": 0,
    "page_count": 1,
    "page": 1,
    "results": []
  },
  "filename": "ferm-living-miniature-funkis-house-shelf"
}