{
  "slug": "ferm-living-still-mug-set-of-2",
  "name": "Still Mug: Set Of 2",
  "description": "<h2>Description</h2>\n<!-- split -->\n<p class=\"lead\"> </p>\n<!-- split -->\n<h2>Specification</h2>\n<!-- split -->\n<h4>Size</h4>\n<p>3.9\" h x 4.7\" w x 3.1\" d (10x12x8cm)</p>\n<h4>Material</h4>\n<p>Mouth-blown heat resistant glass</p>",
  "sku": "FL-100479211",
  "active": true,
  "meta_title": "Still Mug: Set Of 2 | Buy Ferm Living online at A+R",
  "price": 18,
  "currency": "USD",
  "type": "physical",
  "delivery": "shipment",
  "date_created": "2024-04-03T15:48:08.353Z",
  "stock_status": null,
  "date_updated": "2024-04-03T15:48:08.449Z",
  "prices": [],
  "purchase_options": {
    "standard": {
      "active": true,
      "price": 18,
      "prices": []
    }
  },
  "id": "660d7a381c71db0012457529",
  "variants": {
    "count": 0,
    "page_count": 1,
    "page": 1,
    "results": []
  },
  "filename": "ferm-living-still-mug-set-of-2"
}