{
  "slug": "kvadrat-fanello",
  "name": "Fanello",
  "description": "<p>Composition: 81% viscose 17% linen 2% nylon, Durability: 50,000 Martindale, Lightfastness: 4-5</p>",
  "sku": "Fanello-1",
  "active": true,
  "meta_title": "Fanello | Buy Kvadrat online at A+R",
  "price": null,
  "currency": "USD",
  "type": "physical",
  "delivery": "shipment",
  "date_created": "2024-04-03T15:47:48.037Z",
  "stock_status": null,
  "date_updated": "2024-04-03T15:47:48.482Z",
  "prices": [],
  "purchase_options": {
    "standard": {
      "active": true,
      "price": null,
      "prices": []
    }
  },
  "images": [
    {
      "file": {
        "id": "660d7a2494abc90012e1b03e",
        "date_uploaded": "2024-04-03T15:47:48.382Z",
        "length": 76548,
        "md5": "517735b3c10b5832a339f1bfa613e954",
        "filename": "F_600033_C0001_W24.png?v=1619606745",
        "content_type": "image/png",
        "url": "https://cdn.swell.store/b2sdemo_test/660d7a2494abc90012e1b03e/517735b3c10b5832a339f1bfa613e954/F_600033_C0001_W24.png%3Fv%3D1619606745",
        "uploaded_url": "https://cdn.shopify.com/s/files/1/0012/2005/1002/products/F_600033_C0001_W24.png?v=1619606745",
        "width": 192,
        "height": 192
      },
      "id": "660d7a24be2c5900123d24e3"
    }
  ],
  "id": "660d7a24055bcb0012fb1348",
  "variants": {
    "count": 0,
    "page_count": 1,
    "page": 1,
    "results": []
  },
  "filename": "kvadrat-fanello"
}