{
  "slug": "lambert-fils-beaubien-suspension-09-lamp-with-domes",
  "name": "Beaubien Suspension 09 Lamp with Domes",
  "description": "<h2>Description</h2>\n<!-- split -->\n<p class=\"lead\">In a midsize version with 8 individual lights, Beaubien 09 joins Lambert &amp; Fils' collection of suspension lamps characterized by twisting black rods paired with rounded metal shades. In a choice of brass or graphite to play off or match the structure's gleaming brass connectors, the individual domes reveal milky glass globes aglow with warm LED illumination that point up, down and sideways. Perfect over a table or in a lofty space, it’s completely handmade at the brand's Montreal atelier.</p>\n<!-- split -->\n<h2>Specifications</h2>\n<!-- split -->\n<h4>Size</h4>\n<p>30\" h x 83.9\" w x 33.9\" d (76x213x86cm)</p>\n<h4>Material</h4>\n<p>Powder-coated steel or aluminum, brass, frosted milk glass globes</p>\n<h4>Technical</h4>\n<ul>\n<li>UL Listed</li>\n<li>G9</li>\n<li>Color temperature: 2700K, 3000K</li>\n<li>Bulb included</li>\n</ul>\n<ul></ul>\n<ul></ul>",
  "sku": "LAM-BEA09BKBR",
  "active": true,
  "meta_title": "Beaubien Suspension 09 Lamp with Domes | Buy Lambert & Fils online at A+R",
  "price": 4203,
  "currency": "USD",
  "type": "physical",
  "delivery": "shipment",
  "date_created": "2024-04-03T15:52:32.631Z",
  "stock_status": null,
  "date_updated": "2024-04-03T15:52:33.445Z",
  "prices": [],
  "purchase_options": {
    "standard": {
      "active": true,
      "price": 4203,
      "prices": []
    }
  },
  "images": [
    {
      "file": {
        "id": "660d7b41cea5e10012b8a1b2",
        "date_uploaded": "2024-04-03T15:52:33.277Z",
        "length": 88516,
        "md5": "01601796616fc693adb1e4937e73b275",
        "filename": "BEA09BKGR_1-1300x1300_1_ee6a5572-743e-4628-b1d2-cc8d4153afbf.jpg?v=1686028597",
        "content_type": "image/jpeg",
        "url": "https://cdn.swell.store/b2sdemo_test/660d7b41cea5e10012b8a1b2/01601796616fc693adb1e4937e73b275/BEA09BKGR_1-1300x1300_1_ee6a5572-743e-4628-b1d2-cc8d4153afbf.jpg%3Fv%3D1686028597",
        "uploaded_url": "https://cdn.shopify.com/s/files/1/0012/2005/1002/files/BEA09BKGR_1-1300x1300_1_ee6a5572-743e-4628-b1d2-cc8d4153afbf.jpg?v=1686028597",
        "width": 2500,
        "height": 2500
      },
      "id": "660d7b416f64df0012a46f72"
    }
  ],
  "id": "660d7b4031ad990012a7ee04",
  "variants": {
    "count": 0,
    "page_count": 1,
    "page": 1,
    "results": []
  },
  "filename": "lambert-fils-beaubien-suspension-09-lamp-with-domes"
}