{
  "slug": "lambert-fils-laurent-05-suspension-lamp",
  "name": "Laurent 05 Suspension Lamp",
  "description": "<h2>Description</h2>\n<!-- split -->\n<p class=\"lead\">Laurent 05 presents a staggered placement of a pair of handblown opaline globes with a stair-step structure in yet another variation on Lambert &amp; Fils' suspension lamp range. In a choice of polished brass, nickel-plate or varied colors of powder-coated aluminum, the fixture is aglow with the dual milky glass forms that diffuse a warm LED illumination. In a choice of angled- or parallel-mount models, this eye-catching design is handmade at the brand's Montreal atelier.  </p>\n<!-- split -->\n<h2>Specifications</h2>\n<!-- split -->\n<h4>Size</h4>\n<ul>\n<li>20.1\" h x 16.1\" w x 7.9\" d (51x41x20cm)</li>\n<li>Shade: 5.5\" dia (14cm)</li>\n<li>Canopy: 2\" h (5cm)</li>\n<li>Cord length: 83.9\" (213cm)</li>\n</ul>\n<h4>Material</h4>\n<p>Powder-coated aluminum or nickel-plated steel, polished brass, handblown opaline glass globe, polyester</p>\n<h4>Technical</h4>\n<ul>\n<li>UL Listed</li>\n<li>G9</li>\n<li>Color temperature: 2700K, 3000K</li>\n<li>Bulb included</li>\n</ul>",
  "sku": "LAM-LRT05BKBKBKAW",
  "active": true,
  "meta_title": "Laurent 05 Suspension Lamp | Buy Lambert & Fils online at A+R",
  "price": 1028,
  "currency": "USD",
  "type": "physical",
  "delivery": "shipment",
  "date_created": "2024-04-03T15:53:56.106Z",
  "stock_status": null,
  "date_updated": "2024-04-03T15:53:57.189Z",
  "prices": [],
  "purchase_options": {
    "standard": {
      "active": true,
      "price": 1028,
      "prices": []
    }
  },
  "images": [
    {
      "file": {
        "id": "660d7b9524108c0012bf5513",
        "date_uploaded": "2024-04-03T15:53:57.085Z",
        "length": 103440,
        "md5": "38dec5e306cd18318a4aa4693e862712",
        "filename": "LRT05BLBL-1300x1300_df3445dc-8d7a-49df-892a-de5ab5dc6092.jpg?v=1704372881",
        "content_type": "image/jpeg",
        "url": "https://cdn.swell.store/b2sdemo_test/660d7b9524108c0012bf5513/38dec5e306cd18318a4aa4693e862712/LRT05BLBL-1300x1300_df3445dc-8d7a-49df-892a-de5ab5dc6092.jpg%3Fv%3D1704372881",
        "uploaded_url": "https://cdn.shopify.com/s/files/1/0012/2005/1002/files/LRT05BLBL-1300x1300_df3445dc-8d7a-49df-892a-de5ab5dc6092.jpg?v=1704372881",
        "width": 3500,
        "height": 3500
      },
      "id": "660d7b9581aded0012d22a52"
    }
  ],
  "id": "660d7b9493607e00127d74fd",
  "variants": {
    "count": 0,
    "page_count": 1,
    "page": 1,
    "results": []
  },
  "filename": "lambert-fils-laurent-05-suspension-lamp"
}