{
  "slug": "sunbrella-solids-stripes",
  "name": "Solids & Stripes",
  "description": "<p>Composition: 100% Sunbrella Acrylic</p>",
  "sku": "Solids & Stripes - Natural",
  "active": true,
  "meta_title": "Solids & Stripes | Buy Sunbrella online at A+R",
  "price": null,
  "currency": "USD",
  "type": "physical",
  "delivery": "shipment",
  "date_created": "2024-04-03T15:45:45.111Z",
  "stock_status": null,
  "date_updated": "2024-04-03T15:45:45.553Z",
  "prices": [],
  "purchase_options": {
    "standard": {
      "active": true,
      "price": null,
      "prices": []
    }
  },
  "images": [
    {
      "file": {
        "id": "660d79a9d63f770012b8d817",
        "date_uploaded": "2024-04-03T15:45:45.446Z",
        "length": 3252,
        "md5": "b558842a158336ee6d1b9d54fc3ff3f8",
        "filename": "frappes-5404-track-natural-b.jpg?v=1621601315",
        "content_type": "image/jpeg",
        "url": "https://cdn.swell.store/b2sdemo_test/660d79a9d63f770012b8d817/b558842a158336ee6d1b9d54fc3ff3f8/frappes-5404-track-natural-b.jpg%3Fv%3D1621601315",
        "uploaded_url": "https://cdn.shopify.com/s/files/1/0012/2005/1002/products/frappes-5404-track-natural-b.jpg?v=1621601315",
        "width": 192,
        "height": 192
      },
      "id": "660d79a964b0ed0012c7fea4"
    }
  ],
  "id": "660d79a964b0ed0012c7fe97",
  "variants": {
    "count": 0,
    "page_count": 1,
    "page": 1,
    "results": []
  },
  "filename": "sunbrella-solids-stripes"
}